image_id,label_status,group,stop_stage,route,q,distinct_dates,pred,truth,correct,error_direction,days_off,reproducible,old_pred,missing_stage,route_q0.85,route_q0.90,route_q0.95
000007,candidate,existing_300,original_512,CHOOSE,0.998336911201477,2025-06-26|2026-06-25,2026-06-25,2026-06-25,True,,,True,2026-06-25,,CHOOSE,CHOOSE,CHOOSE
000015,candidate,new_401,original_512,CHOOSE,0.9825432896614075,2025-09-02|2026-03-01,2026-03-01,2026-03-01,True,,,True,2026-03-01,,CHOOSE,CHOOSE,CHOOSE
000018,candidate,existing_300,original_512,CONFIRM,0.9597935676574707,2026-04-24,2026-04-24,2026-04-24,True,,,True,2026-04-24,,CONFIRM,CONFIRM,CONFIRM
000021,candidate,existing_300,original_512,CONFIRM,0.9962000250816345,2025-10-10,2025-10-10,2025-10-10,True,,,True,2025-10-10,,CONFIRM,CONFIRM,CONFIRM
000022,candidate,new_401,original_512,CONFIRM,0.9685937166213989,2025-10-14,2025-10-14,2025-10-14,True,,,True,2025-10-14,,CONFIRM,CONFIRM,CONFIRM
000026,candidate,existing_300,original_512,CONFIRM,0.9991165995597839,2025-11-13,2025-11-13,2025-11-13,True,,,True,2025-11-13,,CONFIRM,CONFIRM,CONFIRM
000030,candidate,existing_300,original_512,CONFIRM,0.9966868162155151,2028-08-17,2028-08-17,2028-08-17,True,,,True,2028-08-17,,CONFIRM,CONFIRM,CONFIRM
000036,candidate,new_401,original_512,RECHECK,0.8912158608436584,2026-08-26,2026-08-26,2026-08-26,True,,,True,2026-08-26,,CONFIRM,RECHECK,RECHECK
000044,candidate,new_401,highres_1024,CONFIRM,0.9250697493553162,2026-02-07,2026-02-07,2026-02-07,True,,,True,2026-02-07,,CONFIRM,CONFIRM,RECHECK
000050,candidate,new_401,original_no_candidate,MANUAL,,,NONE,2025-09-30,False,not_comparable,,True,NONE,,MANUAL,MANUAL,MANUAL
000053,candidate,new_401,highres_1024,RECHECK,0.8672878742218018,2025-12-20,2025-12-20,2025-12-20,True,,,True,2025-12-20,,CONFIRM,RECHECK,RECHECK
000058,candidate,existing_300,original_512,CONFIRM,0.9982782602310181,2027-03-27,2027-03-27,2027-03-27,True,,,True,2027-03-27,,CONFIRM,CONFIRM,CONFIRM
000060,candidate,existing_300,original_512,RECHECK,0.8966533541679382,2026-04-30,2026-04-30,2026-04-30,True,,,True,2026-04-30,,CONFIRM,RECHECK,RECHECK
000063,candidate,new_401,original_512,CHOOSE,0.993755042552948,2025-06-17|2026-06-16,2026-06-16,2026-06-16,True,,,True,2026-06-16,,CHOOSE,CHOOSE,CHOOSE
000071,candidate,new_401,original_512,CHOOSE,0.972122073173523,2025-07-21|2027-07-20,2027-07-20,2027-07-20,True,,,True,2027-07-20,,CHOOSE,CHOOSE,CHOOSE
000075,candidate,existing_300,original_512,CONFIRM,0.9994193911552429,2026-01-06,2026-01-06,2026-01-06,True,,,True,2026-01-06,,CONFIRM,CONFIRM,CONFIRM
000079,candidate,new_401,original_512,CONFIRM,0.9988151788711548,2026-01-31,2026-01-31,2026-01-31,True,,,True,2026-01-31,,CONFIRM,CONFIRM,CONFIRM
000083,candidate,new_401,original_512,RECHECK,0.8468931317329407,2026-07-01,2026-07-01,2026-07-01,True,,,True,2026-07-01,,RECHECK,RECHECK,RECHECK
000090,candidate,new_401,original_no_candidate,MANUAL,,,NONE,2026-09-01,False,not_comparable,,True,NONE,,MANUAL,MANUAL,MANUAL
000099,candidate,existing_300,original_512,CONFIRM,0.9983530044555664,2026-03-07,2026-03-07,2026-03-07,True,,,True,2026-03-07,,CONFIRM,CONFIRM,CONFIRM
000106,approved,new_401,original_no_candidate,MANUAL,,,NONE,NONE-10-20,False,not_comparable,,True,NONE,,MANUAL,MANUAL,MANUAL
000110,candidate,existing_300,original_512,CONFIRM,0.9971965551376343,2025-10-29,2025-10-29,2025-10-29,True,,,True,2025-10-29,,CONFIRM,CONFIRM,CONFIRM
000118,candidate,new_401,original_512,CHOOSE,0.9304063320159912,2025-11-26|2026-03-23,2026-03-23,2026-03-23,True,,,True,2026-03-23,,CHOOSE,CHOOSE,CHOOSE
000124,candidate,existing_300,original_512,CONFIRM,0.9535528421401978,2026-01-02,2026-01-02,2026-01-02,True,,,True,2026-01-02,,CONFIRM,CONFIRM,CONFIRM
000127,approved,new_401,original_512,CONFIRM,0.9932481050491333,2026-04-27,2026-04-27,2026-04-27,True,,,True,2026-04-27,,CONFIRM,CONFIRM,CONFIRM
000129,candidate,new_401,original_512,CONFIRM,0.9815840125083923,2026-01-09,2026-01-09,2026-01-09,True,,,True,2026-01-09,,CONFIRM,CONFIRM,CONFIRM
000131,candidate,existing_300,original_512,CONFIRM,0.930489182472229,2026-08-05,2026-08-05,2026-08-05,True,,,True,2026-08-05,,CONFIRM,CONFIRM,RECHECK
000133,candidate,new_401,original_512,CONFIRM,0.9483144879341125,2025-11-25,2025-11-25,2025-11-25,True,,,True,2025-11-25,,CONFIRM,CONFIRM,RECHECK
000135,candidate,new_401,original_512,CONFIRM,0.9752815365791321,2026-04-18,2026-04-18,2026-04-18,True,,,True,2026-04-18,,CONFIRM,CONFIRM,CONFIRM
000137,candidate,existing_300,original_512,CONFIRM,0.9552650451660156,2026-03-26,2026-03-26,2026-03-26,True,,,True,2026-03-26,,CONFIRM,CONFIRM,CONFIRM
000138,candidate,new_401,original_512,CONFIRM,0.9997000694274902,2026-05-14,2026-05-14,2026-05-14,True,,,True,2026-05-14,,CONFIRM,CONFIRM,CONFIRM
000139,candidate,existing_300,original_512,CONFIRM,0.9838992357254028,2026-07-26,2026-07-26,2026-07-26,True,,,True,2026-07-26,,CONFIRM,CONFIRM,CONFIRM
000140,candidate,new_401,original_512,CONFIRM,0.9898966550827026,2026-07-14,2026-07-14,2026-07-14,True,,,True,2026-07-14,,CONFIRM,CONFIRM,CONFIRM
000143,candidate,new_401,original_512,CONFIRM,0.9685500264167786,2027-03-06,2027-03-06,2027-06-03,False,early,-89,True,2027-03-06,,CONFIRM,CONFIRM,CONFIRM
000148,candidate,existing_300,original_512,CHOOSE,0.9930579662322998,2024-08-27|2026-02-26,2026-02-26,2026-02-26,True,,,True,2026-02-26,,CHOOSE,CHOOSE,CHOOSE
000157,approved,existing_300,original_no_candidate,MANUAL,,,NONE,2027-07-08,False,not_comparable,,True,NONE,,MANUAL,MANUAL,MANUAL
000160,candidate,new_401,highres_1024,CHOOSE,0.9567270874977112,2025-04-28|2026-10-27,2026-10-27,2026-10-27,True,,,True,2026-10-27,,CHOOSE,CHOOSE,CHOOSE
000164,candidate,new_401,original_512,CONFIRM,0.9453081488609314,2026-04-27,2026-04-27,2026-04-27,True,,,True,2026-04-27,,CONFIRM,CONFIRM,RECHECK
000172,candidate,new_401,original_512,CHOOSE,0.9913005232810974,2025-09-11|2026-06-10,2026-06-10,2026-06-10,True,,,True,2026-06-10,,CHOOSE,CHOOSE,CHOOSE
000178,candidate,new_401,original_512,CHOOSE,0.9982374310493469,2025-09-26|2026-06-25,2026-06-25,2026-06-25,True,,,True,2026-06-25,,CHOOSE,CHOOSE,CHOOSE
000182,candidate,new_401,original_512,CONFIRM,0.9142054319381714,2026-10-01,2026-10-01,2026-10-01,True,,,True,2026-10-01,,CONFIRM,CONFIRM,RECHECK
000184,candidate,new_401,original_512,CONFIRM,0.9729522466659546,2027-11-19,2027-11-19,2027-11-19,True,,,True,2027-11-19,,CONFIRM,CONFIRM,CONFIRM
000189,candidate,existing_300,original_512,CONFIRM,0.9948858022689819,2026-08-25,2026-08-25,2026-08-25,True,,,True,2026-08-25,,CONFIRM,CONFIRM,CONFIRM
000190,candidate,new_401,original_no_candidate,MANUAL,,,NONE,2026-11-22,False,not_comparable,,True,NONE,,MANUAL,MANUAL,MANUAL
000194,candidate,existing_300,original_512,CONFIRM,0.9699608087539673,2027-04-23,2027-04-23,2027-04-23,True,,,True,2027-04-23,,CONFIRM,CONFIRM,CONFIRM
000198,candidate,new_401,clahe,RECHECK,0.8884803056716919,2026-05-08,2026-05-08,2026-05-08,True,,,True,NONE,,CONFIRM,RECHECK,RECHECK
000208,candidate,new_401,original_512,CONFIRM,0.9940519332885742,2026-04-13,2026-04-13,2026-04-13,True,,,True,2026-04-13,,CONFIRM,CONFIRM,CONFIRM
000214,candidate,new_401,original_512,RECHECK,0.7778354287147522,2026-08-01,2026-08-01,2026-08-13,False,early,-12,True,2026-08-01,,RECHECK,RECHECK,RECHECK
000225,candidate,existing_300,original_512,CONFIRM,0.9813892245292664,2026-04-06,2026-04-06,2026-04-06,True,,,True,2026-04-06,,CONFIRM,CONFIRM,CONFIRM
000226,candidate,new_401,clahe,RECHECK,0.8860824704170227,2027-03-15,2027-03-15,2027-03-15,True,,,True,2027-03-15,,CONFIRM,RECHECK,RECHECK
000227,candidate,existing_300,original_512,CONFIRM,0.9483335614204407,2028-09-17,2028-09-17,2028-09-17,True,,,True,2028-09-17,,CONFIRM,CONFIRM,RECHECK
000230,candidate,new_401,original_512,CONFIRM,0.9602414965629578,2026-03-28,2026-03-28,2026-03-28,True,,,True,2026-03-28,,CONFIRM,CONFIRM,CONFIRM
000231,candidate,new_401,original_512,CONFIRM,0.9429965019226074,2023-05-27,2023-05-27,2028-05-27,False,early,-1827,True,2023-05-27,,CONFIRM,CONFIRM,RECHECK
000232,candidate,new_401,original_no_candidate,MANUAL,,,NONE,2027-11-26,False,not_comparable,,True,NONE,,MANUAL,MANUAL,MANUAL
000233,candidate,new_401,clahe,CONFIRM,0.9132630825042725,2028-01-18,2028-01-18,2028-01-13,False,late,5,True,2028-01-18,,CONFIRM,CONFIRM,RECHECK
000241,candidate,new_401,original_512,CONFIRM,0.991208016872406,2027-08-10,2027-08-10,2027-08-10,True,,,True,2027-08-10,,CONFIRM,CONFIRM,CONFIRM
000245,candidate,existing_300,original_512,CONFIRM,0.9472030997276306,2026-02-24,2026-02-24,2026-02-24,True,,,True,2026-02-24,,CONFIRM,CONFIRM,RECHECK
000247,candidate,new_401,original_512,RECHECK,0.8510574698448181,2026-05-20,2026-05-20,2026-05-20,True,,,True,2026-05-20,,CONFIRM,RECHECK,RECHECK
000250,candidate,existing_300,original_512,CHOOSE,0.9811185598373413,2025-09-05|2026-03-04,2026-03-04,2026-03-04,True,,,True,2026-03-04,,CHOOSE,CHOOSE,CHOOSE
000251,candidate,new_401,original_512,CONFIRM,0.9867543578147888,2026-02-24,2026-02-24,2026-02-24,True,,,True,2026-02-24,,CONFIRM,CONFIRM,CONFIRM
000260,candidate,new_401,original_512,CONFIRM,0.9991341233253479,2027-04-01,2027-04-01,2027-04-01,True,,,True,2027-04-01,,CONFIRM,CONFIRM,CONFIRM
000266,candidate,existing_300,original_512,RECHECK,0.8457393050193787,2020-05-12,2020-05-12,2025-12-04,False,early,-2032,True,2020-05-12,,RECHECK,RECHECK,RECHECK
000268,candidate,existing_300,original_512,CONFIRM,0.9487944841384888,2026-07-14,2026-07-14,2026-07-14,True,,,True,2026-07-14,,CONFIRM,CONFIRM,RECHECK
000275,candidate,new_401,original_512,CONFIRM,0.9991090893745422,2026-04-23,2026-04-23,2026-04-23,True,,,True,2026-04-23,,CONFIRM,CONFIRM,CONFIRM
000280,candidate,existing_300,original_512,CONFIRM,0.9992898106575012,2026-03-23,2026-03-23,2026-03-23,True,,,True,2026-03-23,,CONFIRM,CONFIRM,CONFIRM
000283,candidate,new_401,original_512,CONFIRM,0.906878650188446,2027-09-17,2027-09-17,2027-09-17,True,,,True,2027-09-17,,CONFIRM,CONFIRM,RECHECK
000287,candidate,existing_300,original_512,CONFIRM,0.9553771018981934,2027-02-18,2027-02-18,2027-02-18,True,,,True,2027-02-18,,CONFIRM,CONFIRM,CONFIRM
000292,candidate,existing_300,original_512,CONFIRM,0.9984688758850098,2026-02-13,2026-02-13,2026-02-13,True,,,True,2026-02-13,,CONFIRM,CONFIRM,CONFIRM
000296,candidate,new_401,original_512,CONFIRM,0.9908968210220337,2026-07-28,2026-07-28,2026-07-28,True,,,True,2026-07-28,,CONFIRM,CONFIRM,CONFIRM
000299,candidate,existing_300,original_512,CONFIRM,0.9946691393852234,2026-05-13,2026-05-13,2026-05-13,True,,,True,2026-05-13,,CONFIRM,CONFIRM,CONFIRM
000304,candidate,new_401,original_512,CONFIRM,0.9336811304092407,2026-06-01,2026-06-01,2026-06-01,True,,,True,2026-06-01,,CONFIRM,CONFIRM,RECHECK
000311,candidate,new_401,original_512,CONFIRM,0.997146725654602,2026-08-09,2026-08-09,2026-08-09,True,,,True,2026-08-09,,CONFIRM,CONFIRM,CONFIRM
000321,candidate,existing_300,original_512,CONFIRM,0.9574039578437805,2025-10-29,2025-10-29,2025-10-29,True,,,True,2025-10-29,,CONFIRM,CONFIRM,CONFIRM
000324,candidate,existing_300,original_512,CONFIRM,0.9539137482643127,2027-05-15,2027-05-15,2027-05-15,True,,,True,2027-05-15,,CONFIRM,CONFIRM,CONFIRM
000327,candidate,existing_300,original_512,CONFIRM,0.973132848739624,2025-10-21,2025-10-21,2025-10-21,True,,,True,2025-10-21,,CONFIRM,CONFIRM,CONFIRM
000331,candidate,existing_300,original_512,CONFIRM,0.9980310797691345,2025-10-31,2025-10-31,2025-10-31,True,,,True,2025-10-31,,CONFIRM,CONFIRM,CONFIRM
000336,candidate,new_401,original_512,CONFIRM,0.9979543089866638,2025-11-20,2025-11-20,2025-11-20,True,,,True,2025-11-20,,CONFIRM,CONFIRM,CONFIRM
000342,candidate,new_401,original_512,CONFIRM,0.9850921630859375,2026-06-22,2026-06-22,2026-06-22,True,,,True,2026-06-22,,CONFIRM,CONFIRM,CONFIRM
000350,candidate,new_401,original_512,CONFIRM,0.9996326565742493,2027-05-15,2027-05-15,2027-05-15,True,,,True,2027-05-15,,CONFIRM,CONFIRM,CONFIRM
000352,candidate,existing_300,original_512,CONFIRM,0.9504033923149109,2026-08-27,2026-08-27,2026-08-27,True,,,True,2026-08-27,,CONFIRM,CONFIRM,CONFIRM
000366,candidate,existing_300,original_512,CONFIRM,0.9463973045349121,2026-09-05,2026-09-05,2026-09-05,True,,,True,2026-09-05,,CONFIRM,CONFIRM,RECHECK
000368,candidate,new_401,original_no_candidate,MANUAL,,,NONE,2026-09-22,False,not_comparable,,True,NONE,,MANUAL,MANUAL,MANUAL
000377,candidate,new_401,highres_1024,CONFIRM,0.9928372502326965,2026-07-01,2026-07-01,2026-07-01,True,,,True,2026-07-01,,CONFIRM,CONFIRM,CONFIRM
000378,candidate,existing_300,original_512,CHOOSE,0.9597359895706177,2025-05-29|2026-05-29,2026-05-29,2026-05-29,True,,,True,2026-05-29,,CHOOSE,CHOOSE,CHOOSE
000382,candidate,existing_300,original_512,CONFIRM,0.9376310706138611,2026-08-18,2026-08-18,2026-08-18,True,,,True,2026-08-18,,CONFIRM,CONFIRM,RECHECK
000383,candidate,existing_300,original_512,RECHECK,0.8969272971153259,2026-04-03,2026-04-03,2026-04-03,True,,,True,2026-04-03,,CONFIRM,RECHECK,RECHECK
000384,candidate,existing_300,original_512,CHOOSE,0.8329704403877258,2025-07-09|2026-07-08,2026-07-08,2026-07-08,True,,,True,2025-07-NONE,,CHOOSE,CHOOSE,CHOOSE
000386,candidate,new_401,original_512,RECHECK,0.838529109954834,2025-06-11,2025-06-11,2026-06-10,False,early,-364,True,2025-06-11,,RECHECK,RECHECK,RECHECK
000390,candidate,new_401,original_512,CONFIRM,0.9085826277732849,2026-05-19,2026-05-19,2026-05-19,True,,,True,2026-05-19,,CONFIRM,CONFIRM,RECHECK
000396,candidate,new_401,original_512,CONFIRM,0.9649217128753662,2026-02-27,2026-02-27,2026-02-27,True,,,True,2026-02-27,,CONFIRM,CONFIRM,CONFIRM
000400,candidate,existing_300,original_512,CONFIRM,0.9293838739395142,2026-01-11,2026-01-11,2026-01-11,True,,,True,2026-01-11,,CONFIRM,CONFIRM,RECHECK
000406,candidate,new_401,highres_1024,RECHECK,0.7378796935081482,2026-05-27,2026-05-27,2026-08-27,False,early,-92,True,NONE,,RECHECK,RECHECK,RECHECK
000415,candidate,new_401,original_no_candidate,MANUAL,,,NONE,2026-05-27,False,not_comparable,,True,NONE,,MANUAL,MANUAL,MANUAL
000416,candidate,existing_300,original_512,CONFIRM,0.9228741526603699,2026-04-07,2026-04-07,2026-04-07,True,,,True,2026-04-07,,CONFIRM,CONFIRM,RECHECK
000421,candidate,new_401,original_512,CONFIRM,0.9694770574569702,2026-07-17,2026-07-17,2026-07-17,True,,,True,2026-07-17,,CONFIRM,CONFIRM,CONFIRM
000422,candidate,existing_300,original_512,CONFIRM,0.9791901111602783,2025-09-10,2025-09-10,2026-06-09,False,early,-272,True,2025-09-10,,CONFIRM,CONFIRM,CONFIRM
000423,candidate,new_401,original_512,CHOOSE,0.9967824816703796,2025-06-05|2026-06-NONE,2025-06-05,2026-06-04,False,early,-364,True,2025-06-05,,CHOOSE,CHOOSE,CHOOSE
000426,candidate,existing_300,original_512,CONFIRM,0.9795967936515808,2026-12-26,2026-12-26,2026-12-26,True,,,True,2026-12-26,,CONFIRM,CONFIRM,CONFIRM
000432,candidate,new_401,original_512,CONFIRM,0.9958974719047546,2027-04-28,2027-04-28,2027-04-28,True,,,True,2027-04-28,,CONFIRM,CONFIRM,CONFIRM
000438,candidate,existing_300,original_no_candidate,MANUAL,,,NONE,2026-02-19,False,not_comparable,,True,NONE,,MANUAL,MANUAL,MANUAL
000440,candidate,new_401,original_no_candidate,MANUAL,,,NONE,2026-08-13,False,not_comparable,,True,NONE,,MANUAL,MANUAL,MANUAL
000447,candidate,existing_300,original_512,RECHECK,0.8338199257850647,2025-11-22,2025-11-22,2025-11-22,True,,,True,2025-11-22,,RECHECK,RECHECK,RECHECK
000453,candidate,new_401,highres_1024,CHOOSE,0.9501931667327881,2025-08-27|2026-01-26,2026-01-26,2026-01-26,True,,,True,2026-01-26,,CHOOSE,CHOOSE,CHOOSE
000462,candidate,existing_300,original_512,CONFIRM,0.9700703024864197,2027-05-27,2027-05-27,2027-05-27,True,,,True,2027-05-27,,CONFIRM,CONFIRM,CONFIRM
000463,candidate,existing_300,original_512,CONFIRM,0.9930874109268188,2027-02-14,2027-02-14,2027-02-14,True,,,True,2027-02-14,,CONFIRM,CONFIRM,CONFIRM
000466,candidate,new_401,original_512,CONFIRM,0.9119155406951904,2027-06-07,2027-06-07,2026-04-11,False,late,422,True,2027-06-07,,CONFIRM,CONFIRM,RECHECK
000468,candidate,new_401,original_512,MANUAL,0.9599432945251465,2025-06-NONE,2025-06-NONE,2026-04-06,False,not_comparable,,True,2025-06-NONE,,MANUAL,MANUAL,MANUAL
000469,candidate,existing_300,original_512,CONFIRM,0.9590063095092773,2026-07-21,2026-07-21,2026-07-21,True,,,True,2026-07-21,,CONFIRM,CONFIRM,CONFIRM
000473,candidate,new_401,highres_1024,CHOOSE,0.8490821123123169,2026-03-01|2026-05-NONE,2026-03-01,2026-05-21,False,early,-81,True,2026-03-01,,CHOOSE,CHOOSE,CHOOSE
000485,candidate,existing_300,original_512,CONFIRM,0.9544321894645691,2027-09-17,2027-09-17,2027-09-17,True,,,True,2027-09-17,,CONFIRM,CONFIRM,CONFIRM
000486,candidate,new_401,original_no_candidate,MANUAL,,,NONE,2027-07-15,False,not_comparable,,True,NONE,,MANUAL,MANUAL,MANUAL
000492,candidate,new_401,original_512,RECHECK,0.8622456789016724,2026-03-12,2026-03-12,2026-03-12,True,,,True,2026-03-12,,CONFIRM,RECHECK,RECHECK
000493,candidate,existing_300,original_512,CONFIRM,0.9577107429504395,2026-06-17,2026-06-17,2026-06-17,True,,,True,2026-06-17,,CONFIRM,CONFIRM,CONFIRM
000503,candidate,new_401,original_512,CONFIRM,0.9306798577308655,2026-02-18,2026-02-18,2026-02-18,True,,,True,2026-02-18,,CONFIRM,CONFIRM,RECHECK
000512,candidate,existing_300,original_512,CHOOSE,0.9993858337402344,2025-08-NONE|2026-02-17,2026-02-17,2026-02-17,True,,,True,2026-02-17,,CHOOSE,CHOOSE,CHOOSE
000515,approved,existing_300,original_512,MANUAL,0.9363765716552734,2026-01-NONE,2026-01-NONE,2026-01-NONE,True,,,True,2022-09-22,,MANUAL,MANUAL,MANUAL
000516,candidate,new_401,original_512,CONFIRM,0.9656748175621033,2026-07-16,2026-07-16,2026-07-16,True,,,True,2026-07-16,,CONFIRM,CONFIRM,CONFIRM
000522,candidate,new_401,original_512,CHOOSE,0.9702035784721375,2025-08-22|2026-02-21,2026-02-21,2026-02-21,True,,,True,2026-02-21,,CHOOSE,CHOOSE,CHOOSE
000538,candidate,new_401,original_512,RECHECK,0.8401317596435547,2026-02-06,2026-02-06,2026-02-06,True,,,True,2026-02-06,,RECHECK,RECHECK,RECHECK
000545,candidate,new_401,original_512,CONFIRM,0.9985486268997192,2027-07-09,2027-07-09,2027-07-09,True,,,True,2027-07-09,,CONFIRM,CONFIRM,CONFIRM
000548,candidate,existing_300,original_512,CONFIRM,0.9991312026977539,2026-05-26,2026-05-26,2026-05-26,True,,,True,2026-05-26,,CONFIRM,CONFIRM,CONFIRM
000553,candidate,new_401,original_512,RECHECK,0.660018801689148,2020-01-24,2020-01-24,2028-10-24,False,early,-3196,True,2020-01-24,,RECHECK,RECHECK,RECHECK
000561,candidate,existing_300,rotation_270,CONFIRM,0.9213081002235413,2028-08-07,2028-08-07,2028-08-07,True,,,True,2028-08-07,,CONFIRM,CONFIRM,RECHECK
000566,candidate,new_401,original_512,CONFIRM,0.9899942278862,2026-09-17,2026-09-17,2026-09-17,True,,,True,2026-09-17,,CONFIRM,CONFIRM,CONFIRM
000574,candidate,new_401,original_512,CONFIRM,0.9534211158752441,2026-02-24,2026-02-24,2026-02-24,True,,,True,2026-02-24,,CONFIRM,CONFIRM,CONFIRM
000580,candidate,new_401,original_512,RECHECK,0.892128586769104,2026-02-28,2026-02-28,2026-02-28,True,,,True,2026-02-28,,CONFIRM,RECHECK,RECHECK
000582,candidate,existing_300,highres_1024,RECHECK,0.8687751293182373,2025-01-21,2025-01-21,2025-11-21,False,early,-304,True,2025-01-21,,CONFIRM,RECHECK,RECHECK
000591,candidate,new_401,original_512,CONFIRM,0.9855867624282837,2026-07-27,2026-07-27,2026-07-27,True,,,True,2026-07-27,,CONFIRM,CONFIRM,CONFIRM
000604,candidate,new_401,original_no_candidate,MANUAL,,,NONE,2026-09-15,False,not_comparable,,True,NONE,,MANUAL,MANUAL,MANUAL
000612,candidate,existing_300,original_512,CONFIRM,0.9894983768463135,2026-05-07,2026-05-07,2026-05-07,True,,,True,2026-05-07,,CONFIRM,CONFIRM,CONFIRM
000616,candidate,new_401,highres_1024,CONFIRM,0.9106149673461914,2026-09-10,2026-09-10,2026-09-10,True,,,True,2026-09-10,,CONFIRM,CONFIRM,RECHECK
000629,candidate,new_401,highres_1024,CONFIRM,0.9007678031921387,2025-09-22,2025-09-22,2025-09-22,True,,,True,2025-09-22,,CONFIRM,CONFIRM,RECHECK
000634,candidate,existing_300,original_512,CONFIRM,0.9991795420646667,2026-02-05,2026-02-05,2026-02-05,True,,,True,2026-02-05,,CONFIRM,CONFIRM,CONFIRM
000637,candidate,new_401,original_512,CONFIRM,0.9470182657241821,2026-06-17,2026-06-17,2026-06-17,True,,,True,2026-06-17,,CONFIRM,CONFIRM,RECHECK
000643,candidate,new_401,original_no_candidate,MANUAL,,,NONE,2026-01-21,False,not_comparable,,True,NONE,,MANUAL,MANUAL,MANUAL
000645,candidate,existing_300,original_512,CONFIRM,0.9354524612426758,2026-05-13,2026-05-13,2026-05-13,True,,,True,2026-05-13,,CONFIRM,CONFIRM,RECHECK
000648,candidate,new_401,original_no_candidate,MANUAL,,,NONE,2026-08-25,False,not_comparable,,True,NONE,,MANUAL,MANUAL,MANUAL
000653,candidate,existing_300,original_512,CONFIRM,0.9954215884208679,2027-01-19,2027-01-19,2027-01-19,True,,,True,2027-01-19,,CONFIRM,CONFIRM,CONFIRM
000658,candidate,existing_300,original_512,CONFIRM,0.9579553604125977,2026-01-16,2026-01-16,2026-01-16,True,,,True,2026-01-16,,CONFIRM,CONFIRM,CONFIRM
000663,candidate,new_401,original_512,CHOOSE,0.9963687658309937,2025-09-11|2026-02-10,2026-02-10,2026-02-10,True,,,True,2026-02-10,,CHOOSE,CHOOSE,CHOOSE
000673,candidate,new_401,original_no_candidate,MANUAL,,,NONE,2026-06-02,False,not_comparable,,True,NONE,,MANUAL,MANUAL,MANUAL
000677,candidate,existing_300,original_512,CONFIRM,0.9995145797729492,2027-08-17,2027-08-17,2027-08-17,True,,,True,2027-08-17,,CONFIRM,CONFIRM,CONFIRM
000678,candidate,existing_300,original_512,CONFIRM,0.9991318583488464,2026-07-24,2026-07-24,2026-07-24,True,,,True,2026-07-24,,CONFIRM,CONFIRM,CONFIRM
000682,candidate,new_401,original_512,CONFIRM,0.9065309762954712,2026-01-25,2026-01-25,2026-01-25,True,,,True,NONE,,CONFIRM,CONFIRM,RECHECK
000684,candidate,existing_300,original_512,CONFIRM,0.9987128376960754,2026-03-23,2026-03-23,2026-03-23,True,,,True,2026-03-23,,CONFIRM,CONFIRM,CONFIRM
000686,candidate,new_401,original_512,CHOOSE,0.9990635514259338,2025-10-03|2025-10-12,2025-10-12,2025-10-12,True,,,True,2025-10-NONE,,CHOOSE,CHOOSE,CHOOSE
000690,candidate,existing_300,original_512,CHOOSE,0.998593270778656,2025-10-08|2025-10-11,2025-10-11,2025-10-11,True,,,True,2025-10-11,,CHOOSE,CHOOSE,CHOOSE
000694,candidate,existing_300,original_no_candidate,MANUAL,,,NONE,2026-09-01,False,not_comparable,,True,NONE,,MANUAL,MANUAL,MANUAL
000697,candidate,new_401,original_512,CONFIRM,0.9372472763061523,2025-10-07,2025-10-07,2025-10-07,True,,,True,2025-10-07,,CONFIRM,CONFIRM,RECHECK
000703,candidate,new_401,original_512,CONFIRM,0.9605854153633118,2026-01-25,2026-01-25,2026-01-25,True,,,True,2026-01-25,,CONFIRM,CONFIRM,CONFIRM
000707,candidate,existing_300,original_512,CONFIRM,0.9773194789886475,2026-08-19,2026-08-19,2026-08-19,True,,,True,2026-08-19,,CONFIRM,CONFIRM,CONFIRM
000715,candidate,existing_300,original_512,RECHECK,0.8611022233963013,2026-06-26,2026-06-26,2026-06-26,True,,,True,NONE,,CONFIRM,RECHECK,RECHECK
000719,candidate,new_401,original_512,CONFIRM,0.9392135739326477,2026-04-04,2026-04-04,2026-04-04,True,,,True,2026-04-04,,CONFIRM,CONFIRM,RECHECK
000722,candidate,new_401,original_no_candidate,MANUAL,,,NONE,2026-08-04,False,not_comparable,,True,NONE,,MANUAL,MANUAL,MANUAL
000725,candidate,existing_300,original_512,CONFIRM,0.9390985369682312,2026-04-16,2026-04-16,2026-04-16,True,,,True,2026-04-16,,CONFIRM,CONFIRM,RECHECK
000726,candidate,existing_300,original_512,RECHECK,0.7089992165565491,2026-08-16,2026-08-16,2026-09-16,False,early,-31,True,2026-08-16,,RECHECK,RECHECK,RECHECK
000729,candidate,existing_300,rotation_270,CONFIRM,0.9420958757400513,2026-01-07,2026-01-07,2026-01-07,True,,,True,2026-01-07,,CONFIRM,CONFIRM,RECHECK
000735,candidate,new_401,original_512,CONFIRM,0.958427906036377,2027-01-12,2027-01-12,2027-01-12,True,,,True,2027-01-12,,CONFIRM,CONFIRM,CONFIRM
000740,candidate,new_401,original_512,CONFIRM,0.98748779296875,2026-07-23,2026-07-23,2026-07-23,True,,,True,2026-07-23,,CONFIRM,CONFIRM,CONFIRM
000749,candidate,existing_300,original_no_candidate,MANUAL,,,NONE,2026-01-21,False,not_comparable,,True,NONE,,MANUAL,MANUAL,MANUAL
000752,candidate,new_401,original_512,CONFIRM,0.9223602414131165,2026-07-09,2026-07-09,2026-07-09,True,,,True,2026-07-09,,CONFIRM,CONFIRM,RECHECK
000762,candidate,new_401,original_512,CONFIRM,0.9829810261726379,2026-08-02,2026-08-02,2026-08-02,True,,,True,2026-08-02,,CONFIRM,CONFIRM,CONFIRM
000763,approved,existing_300,clahe,MANUAL,0.9047659039497375,NONE-11-12,NONE-11-12,NONE-11-12,True,,,True,NONE,,MANUAL,MANUAL,MANUAL
000770,approved,new_401,original_no_candidate,MANUAL,,,NONE,2030-04-NONE,False,not_comparable,,True,NONE,,MANUAL,MANUAL,MANUAL
000775,candidate,existing_300,original_512,CONFIRM,0.9424736499786377,2025-12-17,2025-12-17,2025-12-17,True,,,True,2025-12-17,,CONFIRM,CONFIRM,RECHECK
000777,approved,new_401,original_no_candidate,MANUAL,,,NONE,2026-03-NONE,False,not_comparable,,True,NONE,,MANUAL,MANUAL,MANUAL
000778,candidate,existing_300,original_512,RECHECK,0.8248634934425354,2026-06-22,2026-06-22,2026-06-22,True,,,True,2026-06-22,,RECHECK,RECHECK,RECHECK
000789,approved,existing_300,original_512,MANUAL,0.9219152331352234,NONE-12-19,NONE-12-19,NONE-12-19,True,,,True,NONE,,MANUAL,MANUAL,MANUAL
000795,candidate,new_401,original_no_candidate,MANUAL,,,NONE,2026-07-14,False,not_comparable,,True,NONE,,MANUAL,MANUAL,MANUAL
000803,candidate,new_401,original_512,CONFIRM,0.9998127818107605,2026-09-13,2026-09-13,2026-09-13,True,,,True,2026-09-13,,CONFIRM,CONFIRM,CONFIRM
000811,candidate,new_401,original_512,CONFIRM,0.9989269971847534,2026-03-31,2026-03-31,2026-03-31,True,,,True,2026-03-31,,CONFIRM,CONFIRM,CONFIRM
000820,candidate,existing_300,original_no_candidate,MANUAL,,,NONE,2026-05-18,False,not_comparable,,True,NONE,,MANUAL,MANUAL,MANUAL
000824,approved,new_401,original_512,MANUAL,0.9761360287666321,NONE-12-06|NONE-12-18,NONE-12-18,NONE-12-18,True,,,True,2018-12-10,,MANUAL,MANUAL,MANUAL
000832,candidate,new_401,clahe,RECHECK,0.8116300702095032,2025-07-15,2025-07-15,2026-07-16,False,early,-366,True,2025-07-NONE,,RECHECK,RECHECK,RECHECK
000839,candidate,new_401,original_512,CHOOSE,0.9824469089508057,2025-11-26|2026-01-03,2026-01-03,2026-01-03,True,,,True,2026-01-03,,CHOOSE,CHOOSE,CHOOSE
000843,candidate,new_401,original_512,CONFIRM,0.9752517938613892,2026-06-17,2026-06-17,2026-06-17,True,,,True,2026-06-17,,CONFIRM,CONFIRM,CONFIRM
000844,candidate,new_401,original_512,CONFIRM,0.9365668296813965,2026-07-03,2026-07-03,2026-03-07,False,late,118,True,2026-07-03,,CONFIRM,CONFIRM,RECHECK
000845,candidate,existing_300,original_512,CONFIRM,0.9670297503471375,2026-06-17,2026-06-17,2026-06-17,True,,,True,2026-06-17,,CONFIRM,CONFIRM,CONFIRM
000848,candidate,new_401,original_no_candidate,MANUAL,,,NONE,2026-05-21,False,not_comparable,,True,NONE,,MANUAL,MANUAL,MANUAL
000850,candidate,new_401,original_512,CHOOSE,0.8870818614959717,2025-10-13|2026-08-09,2026-08-09,2026-08-09,True,,,True,2026-08-09,,CHOOSE,CHOOSE,CHOOSE
000851,approved,new_401,original_512,CHOOSE,0.9261848330497742,2025-09-03|2026-06-30,2026-06-30,2026-06-30,True,,,True,2026-06-30,,CHOOSE,CHOOSE,CHOOSE
000853,candidate,existing_300,original_512,CHOOSE,0.9055020809173584,2025-09-25|2026-09-24,2026-09-24,2026-09-24,True,,,True,2026-09-24,,CHOOSE,CHOOSE,CHOOSE
000859,candidate,new_401,original_no_candidate,MANUAL,,,NONE,2021-10-20,False,not_comparable,,True,NONE,,MANUAL,MANUAL,MANUAL
000862,candidate,new_401,original_no_candidate,MANUAL,,,NONE,2021-10-22,False,not_comparable,,True,NONE,,MANUAL,MANUAL,MANUAL
000864,candidate,new_401,original_512,CONFIRM,0.983730137348175,2023-03-04,2023-03-04,2023-03-04,True,,,True,2023-03-04,,CONFIRM,CONFIRM,CONFIRM
000877,candidate,new_401,original_no_candidate,MANUAL,,,NONE,2023-04-03,False,not_comparable,,True,NONE,,MANUAL,MANUAL,MANUAL
000879,candidate,existing_300,original_512,CHOOSE,0.9810578227043152,2020-07-15|2021-05-11,2021-05-11,2021-05-11,True,,,True,2021-05-11,,CHOOSE,CHOOSE,CHOOSE
000880,candidate,new_401,original_512,CHOOSE,0.9292586445808411,2020-07-15|2021-05-11,2021-05-11,2021-05-11,True,,,True,2021-05-11,,CHOOSE,CHOOSE,CHOOSE
000892,candidate,new_401,original_512,RECHECK,0.8833601474761963,2022-02-07,2022-02-07,2022-02-07,True,,,True,NONE,,CONFIRM,RECHECK,RECHECK
000893,candidate,existing_300,original_512,RECHECK,0.8932390213012695,2022-02-07,2022-02-07,2022-02-07,True,,,True,NONE,,CONFIRM,RECHECK,RECHECK
000901,candidate,existing_300,original_512,CONFIRM,0.9984973669052124,2021-11-01,2021-11-01,2021-11-01,True,,,True,2021-11-01,,CONFIRM,CONFIRM,CONFIRM
000905,approved,new_401,original_512,MANUAL,0.9805538058280945,2022-01-NONE,2022-01-NONE,2022-01-NONE,True,,,True,2022-01-NONE,,MANUAL,MANUAL,MANUAL
000907,approved,existing_300,original_512,MANUAL,0.9818311333656311,2022-01-NONE,2022-01-NONE,2022-01-NONE,True,,,True,2022-01-NONE,,MANUAL,MANUAL,MANUAL
000909,candidate,existing_300,original_512,CONFIRM,0.9990708231925964,2021-09-20,2021-09-20,2021-09-20,True,,,True,2021-09-20,,CONFIRM,CONFIRM,CONFIRM
000910,candidate,new_401,original_512,CONFIRM,0.9973066449165344,2021-09-20,2021-09-20,2021-09-20,True,,,True,2021-09-20,,CONFIRM,CONFIRM,CONFIRM
000912,candidate,existing_300,original_512,CONFIRM,0.9792966842651367,2022-05-05,2022-05-05,2022-05-05,True,,,True,2022-05-05,,CONFIRM,CONFIRM,CONFIRM
000913,candidate,new_401,rotation_270,CONFIRM,0.9088204503059387,2021-10-19,2021-10-19,2021-10-19,True,,,True,NONE,,CONFIRM,CONFIRM,RECHECK
000916,candidate,new_401,original_512,CONFIRM,0.9045604467391968,2022-06-06,2022-06-06,2022-06-06,True,,,True,2022-06-06,,CONFIRM,CONFIRM,RECHECK
000919,candidate,new_401,original_512,CONFIRM,0.9983348846435547,2022-03-11,2022-03-11,2022-03-11,True,,,True,2022-03-11,,CONFIRM,CONFIRM,CONFIRM
000920,candidate,new_401,original_512,CONFIRM,0.9950276613235474,2022-03-11,2022-03-11,2022-03-11,True,,,True,2022-03-11,,CONFIRM,CONFIRM,CONFIRM
000922,candidate,existing_300,highres_1024,RECHECK,0.8771454691886902,2022-02-26,2022-02-26,2022-02-26,True,,,True,2022-02-26,,CONFIRM,RECHECK,RECHECK
000933,candidate,new_401,original_no_candidate,MANUAL,,,NONE,2021-05-26,False,not_comparable,,True,NONE,,MANUAL,MANUAL,MANUAL
000949,candidate,new_401,original_512,CONFIRM,0.9086173176765442,2021-10-24,2021-10-24,2021-10-24,True,,,True,2021-10-24,,CONFIRM,CONFIRM,RECHECK
000953,candidate,new_401,original_512,CHOOSE,0.9948114156723022,2021-01-07|2021-02-05,2021-02-05,2021-02-05,True,,,True,2021-02-05,,CHOOSE,CHOOSE,CHOOSE
000954,candidate,existing_300,original_512,CHOOSE,0.994125485420227,2021-01-07|2021-02-05,2021-02-05,2021-02-05,True,,,True,2021-02-05,,CHOOSE,CHOOSE,CHOOSE
000955,candidate,new_401,original_512,RECHECK,0.8866962194442749,2022-01-25,2022-01-25,2022-01-25,True,,,True,2022-01-25,,CONFIRM,RECHECK,RECHECK
000957,candidate,existing_300,original_512,CONFIRM,0.9742231369018555,2021-02-22,2021-02-22,2021-02-22,True,,,True,2021-02-22,,CONFIRM,CONFIRM,CONFIRM
000965,candidate,new_401,highres_1024,CHOOSE,0.9897578358650208,2020-07-24|2021-07-23,2021-07-23,2020-07-24,False,late,364,True,2021-07-23,,CHOOSE,CHOOSE,CHOOSE
000967,candidate,existing_300,original_512,CONFIRM,0.983110249042511,2022-10-17,2022-10-17,2022-10-17,True,,,True,2022-10-17,,CONFIRM,CONFIRM,CONFIRM
000977,candidate,new_401,original_512,CHOOSE,0.9938147664070129,2020-11-03|2021-11-03,2021-11-03,2021-11-03,True,,,True,2020-11-03,,CHOOSE,CHOOSE,CHOOSE
000978,candidate,existing_300,original_no_candidate,MANUAL,,,NONE,2021-11-03,False,not_comparable,,True,NONE,,MANUAL,MANUAL,MANUAL
000983,candidate,new_401,original_512,CONFIRM,0.9515320062637329,2021-08-20,2021-08-20,2021-08-20,True,,,True,2021-08-20,,CONFIRM,CONFIRM,CONFIRM
000994,approved,new_401,original_no_candidate,MANUAL,,,NONE,NONE-02-18,False,not_comparable,,True,NONE,,MANUAL,MANUAL,MANUAL
001000,candidate,new_401,original_no_candidate,MANUAL,,,NONE,2021-09-07,False,not_comparable,,True,NONE,,MANUAL,MANUAL,MANUAL
001009,candidate,new_401,original_512,CONFIRM,0.9899242520332336,2022-11-24,2022-11-24,2022-11-24,True,,,True,2022-11-24,,CONFIRM,CONFIRM,CONFIRM
001014,candidate,existing_300,original_512,RECHECK,0.8921499252319336,2022-01-11,2022-01-11,2022-01-11,True,,,True,2022-01-11,,CONFIRM,RECHECK,RECHECK
001016,candidate,new_401,original_512,CONFIRM,0.9883589744567871,2021-02-21,2021-02-21,2021-02-21,True,,,True,2021-02-21,,CONFIRM,CONFIRM,CONFIRM
001028,candidate,new_401,original_512,CHOOSE,0.9471198916435242,2021-01-08|2021-07-07,2021-07-07,2021-07-07,True,,,True,2021-07-07,,CHOOSE,CHOOSE,CHOOSE
001030,approved,new_401,original_512,MANUAL,0.9399242997169495,2022-10-NONE,2022-10-NONE,2022-10-NONE,True,,,True,2022-10-NONE,,MANUAL,MANUAL,MANUAL
001034,candidate,existing_300,original_512,CONFIRM,0.9984795451164246,2021-06-28,2021-06-28,2021-06-28,True,,,True,2021-06-28,,CONFIRM,CONFIRM,CONFIRM
001035,candidate,new_401,original_512,CHOOSE,0.9722573161125183,2020-07-07|2021-10-07,2021-10-07,2021-07-10,False,late,89,True,2021-10-07,,CHOOSE,CHOOSE,CHOOSE
001042,candidate,new_401,original_512,CONFIRM,0.9989248514175415,2021-09-13,2021-09-13,2021-09-13,True,,,True,2021-09-13,,CONFIRM,CONFIRM,CONFIRM
001055,candidate,existing_300,original_512,CONFIRM,0.9989782571792603,2022-08-10,2022-08-10,2022-08-10,True,,,True,2022-08-10,,CONFIRM,CONFIRM,CONFIRM
001056,candidate,new_401,original_512,CONFIRM,0.9978342056274414,2022-05-27,2022-05-27,2022-05-27,True,,,True,2022-05-27,,CONFIRM,CONFIRM,CONFIRM
001061,candidate,existing_300,original_512,CHOOSE,0.996362566947937,2021-01-05|2022-07-04,2022-07-04,2022-07-04,True,,,True,2022-07-04,,CHOOSE,CHOOSE,CHOOSE
001067,candidate,new_401,original_512,CONFIRM,0.9767877459526062,2021-12-06,2021-12-06,2021-12-06,True,,,True,2021-12-06,,CONFIRM,CONFIRM,CONFIRM
001070,approved,new_401,original_512,MANUAL,0.9157243371009827,NONE-01-24,NONE-01-24,NONE-01-24,True,,,True,NONE,,MANUAL,MANUAL,MANUAL
001071,approved,new_401,original_512,MANUAL,0.8440179824829102,NONE-01-24,NONE-01-24,NONE-01-24,True,,,True,NONE,,MANUAL,MANUAL,MANUAL
001075,candidate,existing_300,original_512,CONFIRM,0.9685291647911072,2021-09-30,2021-09-30,2021-09-30,True,,,True,2021-09-30,,CONFIRM,CONFIRM,CONFIRM
001084,candidate,existing_300,clahe,RECHECK,0.8792670965194702,2021-07-09,2021-07-09,2021-07-09,True,,,True,2021-07-09,,CONFIRM,RECHECK,RECHECK
001087,candidate,new_401,original_512,CONFIRM,0.9664986729621887,2022-06-14,2022-06-14,2022-06-14,True,,,True,2022-06-14,,CONFIRM,CONFIRM,CONFIRM
001095,candidate,new_401,original_512,CHOOSE,0.9015913605690002,2021-01-13|2022-01-12,2022-01-12,2022-01-12,True,,,True,2022-01-12,,CHOOSE,CHOOSE,CHOOSE
001097,candidate,existing_300,original_512,CHOOSE,0.9964467287063599,2021-01-12|2021-06-11,2021-06-11,2021-06-11,True,,,True,2021-06-11,,CHOOSE,CHOOSE,CHOOSE
001103,candidate,new_401,original_no_candidate,MANUAL,,,NONE,2021-03-14,False,not_comparable,,True,NONE,,MANUAL,MANUAL,MANUAL
001104,candidate,existing_300,original_512,CHOOSE,0.9947491884231567,2020-11-27|2021-08-26,2021-08-26,2021-08-26,True,,,True,2021-08-26,,CHOOSE,CHOOSE,CHOOSE
001108,candidate,existing_300,original_512,CONFIRM,0.9745777249336243,2021-02-28,2021-02-28,2021-02-28,True,,,True,2021-02-28,,CONFIRM,CONFIRM,CONFIRM
001113,candidate,existing_300,original_512,CONFIRM,0.9972423911094666,2023-11-15,2023-11-15,2023-11-15,True,,,True,2023-11-15,,CONFIRM,CONFIRM,CONFIRM
001116,candidate,new_401,original_512,CONFIRM,0.9683994054794312,2022-01-12,2022-01-12,2022-01-12,True,,,True,2022-01-12,,CONFIRM,CONFIRM,CONFIRM
001123,candidate,new_401,original_512,CONFIRM,0.9380483627319336,2021-10-09,2021-10-09,2021-10-09,True,,,True,2021-10-09,,CONFIRM,CONFIRM,RECHECK
001131,approved,new_401,original_512,MANUAL,0.9078157544136047,NONE-02-12,NONE-02-12,NONE-02-12,True,,,True,NONE,,MANUAL,MANUAL,MANUAL
001141,candidate,existing_300,original_512,CHOOSE,0.966158390045166,2020-09-14|2022-03-14,2022-03-14,2022-03-14,True,,,True,2022-03-14,,CHOOSE,CHOOSE,CHOOSE
001142,approved,new_401,rotation_270,RECHECK,0.862730085849762,2021-06-28,2021-06-28,2021-06-28,True,,,True,2021-06-28,,CONFIRM,RECHECK,RECHECK
001155,candidate,new_401,original_512,CONFIRM,0.9861552119255066,2021-09-21,2021-09-21,2021-09-21,True,,,True,2021-09-21,,CONFIRM,CONFIRM,CONFIRM
001157,candidate,existing_300,original_512,CONFIRM,0.9767675399780273,2021-02-07,2021-02-07,2021-02-07,True,,,True,2021-02-07,,CONFIRM,CONFIRM,CONFIRM
001172,approved,new_401,original_512,MANUAL,0.9994171857833862,2021-09-NONE,2021-09-NONE,2021-09-NONE,True,,,True,2021-09-NONE,,MANUAL,MANUAL,MANUAL
001173,approved,existing_300,original_512,MANUAL,0.9994615912437439,2021-09-NONE,2021-09-NONE,2021-09-NONE,True,,,True,2021-09-NONE,,MANUAL,MANUAL,MANUAL
001175,candidate,existing_300,highres_1024,CONFIRM,0.9742588996887207,2021-09-07,2021-09-07,2021-09-07,True,,,True,2021-09-07,,CONFIRM,CONFIRM,CONFIRM
001180,candidate,new_401,clahe,RECHECK,0.89792799949646,2023-09-01,2023-09-01,2023-09-01,True,,,True,2023-09-01,,CONFIRM,RECHECK,RECHECK
001183,candidate,new_401,original_512,CONFIRM,0.9452608227729797,2021-10-08,2021-10-08,2021-10-08,True,,,True,2021-10-08,,CONFIRM,CONFIRM,RECHECK
001184,candidate,existing_300,original_512,CONFIRM,0.9528967142105103,2021-10-08,2021-10-08,2021-10-08,True,,,True,2021-10-08,,CONFIRM,CONFIRM,CONFIRM
001185,candidate,existing_300,original_512,CHOOSE,0.9029242396354675,2020-12-29|2021-09-28,2021-09-28,2021-09-28,True,,,True,2021-09-28,,CHOOSE,CHOOSE,CHOOSE
001188,candidate,existing_300,original_512,CONFIRM,0.9477922916412354,2020-04-23,2020-04-23,2020-04-23,True,,,True,2020-04-23,,CONFIRM,CONFIRM,RECHECK
001189,candidate,existing_300,original_512,CHOOSE,0.9482943415641785,2019-06-16|2019-06-28,2019-06-28,2019-06-28,True,,,True,2019-06-28,,CHOOSE,CHOOSE,CHOOSE
001191,candidate,new_401,original_512,CONFIRM,0.9402516484260559,2020-12-08,2020-12-08,2020-12-08,True,,,True,2020-12-08,,CONFIRM,CONFIRM,RECHECK
001197,candidate,existing_300,original_512,RECHECK,0.8146780133247375,2021-10-10,2021-10-10,2021-10-10,True,,,True,2021-10-10,,RECHECK,RECHECK,RECHECK
001199,candidate,new_401,original_512,CHOOSE,0.9942296743392944,2020-10-21|2021-10-20,2021-10-20,2021-10-20,True,,,True,2021-10-20,,CHOOSE,CHOOSE,CHOOSE
001205,approved,existing_300,highres_1024,MANUAL,0.9526968002319336,2021-05-NONE,2021-05-NONE,2021-05-NONE,True,,,True,NONE,,MANUAL,MANUAL,MANUAL
001214,candidate,existing_300,original_no_candidate,MANUAL,,,NONE,2021-05-15,False,not_comparable,,True,NONE,,MANUAL,MANUAL,MANUAL
001220,candidate,new_401,original_512,CONFIRM,0.9767752885818481,2021-01-14,2021-01-14,2021-01-14,True,,,True,2021-01-14,,CONFIRM,CONFIRM,CONFIRM
001225,candidate,existing_300,original_512,CHOOSE,0.9965626001358032,2020-12-28|2022-06-27,2022-06-27,2022-06-27,True,,,True,2022-06-27,,CHOOSE,CHOOSE,CHOOSE
001227,candidate,new_401,original_512,CHOOSE,0.921333909034729,2021-01-12|2022-01-11,2022-01-11,2021-01-12,False,late,364,True,2022-01-11,,CHOOSE,CHOOSE,CHOOSE
001231,candidate,existing_300,original_512,CONFIRM,0.9176341891288757,2021-05-05,2021-05-05,2021-05-05,True,,,True,2021-05-05,,CONFIRM,CONFIRM,RECHECK
001239,candidate,new_401,original_512,CONFIRM,0.9519938826560974,2020-12-19,2020-12-19,2020-12-19,True,,,True,2020-12-19,,CONFIRM,CONFIRM,CONFIRM
001248,candidate,existing_300,clahe,CONFIRM,0.9769206047058105,2021-07-15,2021-07-15,2021-07-15,True,,,True,2021-07-15,,CONFIRM,CONFIRM,CONFIRM
001270,candidate,new_401,original_no_candidate,MANUAL,,,NONE,2021-10-11,False,not_comparable,,True,NONE,,MANUAL,MANUAL,MANUAL
001277,candidate,existing_300,original_512,CONFIRM,0.982758641242981,2021-11-04,2021-11-04,2021-11-04,True,,,True,2021-11-04,,CONFIRM,CONFIRM,CONFIRM
001289,candidate,existing_300,original_512,CONFIRM,0.9079386591911316,2024-11-21,2024-11-21,2024-11-21,True,,,True,2024-11-21,,CONFIRM,CONFIRM,RECHECK
001290,candidate,existing_300,original_512,CONFIRM,0.9459146857261658,2024-11-21,2024-11-21,2024-11-21,True,,,True,2024-11-21,,CONFIRM,CONFIRM,RECHECK
001294,approved,existing_300,original_512,MANUAL,0.997447669506073,2021-11-NONE,2021-11-NONE,2021-11-NONE,True,,,True,2021-11-NONE,,MANUAL,MANUAL,MANUAL
001295,approved,existing_300,original_512,MANUAL,0.9967295527458191,2021-11-NONE,2021-11-NONE,2021-11-NONE,True,,,True,2021-11-NONE,,MANUAL,MANUAL,MANUAL
001311,candidate,new_401,original_512,CONFIRM,0.9858341217041016,2022-10-20,2022-10-20,2022-10-20,True,,,True,2022-10-20,,CONFIRM,CONFIRM,CONFIRM
001315,candidate,existing_300,original_512,CONFIRM,0.9961391687393188,2021-12-09,2021-12-09,2021-12-09,True,,,True,2021-12-09,,CONFIRM,CONFIRM,CONFIRM
001317,candidate,existing_300,original_512,CHOOSE,0.9944702386856079,2020-12-07|2022-12-07,2022-12-07,2022-12-07,True,,,True,2022-12-07,,CHOOSE,CHOOSE,CHOOSE
001321,candidate,existing_300,original_512,CONFIRM,0.9065791964530945,2022-02-15,2022-02-15,2022-02-15,True,,,True,2022-02-15,,CONFIRM,CONFIRM,RECHECK
001336,approved,new_401,original_512,CONFIRM,0.9356461763381958,2021-07-04,2021-07-04,2021-07-04,True,,,True,2021-07-04,,CONFIRM,CONFIRM,RECHECK
001380,candidate,existing_300,original_512,CONFIRM,0.9478274583816528,2021-04-09,2021-04-09,2021-04-09,True,,,True,2021-04-09,,CONFIRM,CONFIRM,RECHECK
001384,approved,existing_300,original_512,MANUAL,0.9815683364868164,2018-09-NONE,2018-09-NONE,2018-09-NONE,True,,,True,2018-09-NONE,,MANUAL,MANUAL,MANUAL
001388,candidate,new_401,original_512,RECHECK,0.8687089085578918,2021-07-17,2021-07-17,2021-07-17,True,,,True,2021-07-NONE,,CONFIRM,RECHECK,RECHECK
001393,candidate,existing_300,original_512,CONFIRM,0.9606012105941772,2022-07-14,2022-07-14,2022-07-14,True,,,True,2022-07-14,,CONFIRM,CONFIRM,CONFIRM
001394,candidate,existing_300,original_512,CONFIRM,0.9167712330818176,2021-09-01,2021-09-01,2021-09-01,True,,,True,2021-09-01,,CONFIRM,CONFIRM,RECHECK
001399,candidate,existing_300,original_512,CONFIRM,0.9034960865974426,2021-07-23,2021-07-23,2021-07-23,True,,,True,2021-07-23,,CONFIRM,CONFIRM,RECHECK
001404,candidate,new_401,original_512,CONFIRM,0.9987973570823669,2021-01-27,2021-01-27,2021-01-27,True,,,True,2021-01-27,,CONFIRM,CONFIRM,CONFIRM
001406,candidate,existing_300,original_512,CONFIRM,0.99901282787323,2021-07-31,2021-07-31,2021-07-31,True,,,True,2021-07-31,,CONFIRM,CONFIRM,CONFIRM
001409,candidate,existing_300,original_512,CONFIRM,0.9143283367156982,2021-12-16,2021-12-16,2021-12-16,True,,,True,2021-12-16,,CONFIRM,CONFIRM,RECHECK
001413,candidate,new_401,original_512,CHOOSE,0.9980050921440125,2021-02-24|2021-07-23,2021-07-23,2021-07-23,True,,,True,2021-07-23,,CHOOSE,CHOOSE,CHOOSE
001426,candidate,existing_300,original_512,CONFIRM,0.9388407468795776,2020-04-17,2020-04-17,2020-04-17,True,,,True,2020-04-17,,CONFIRM,CONFIRM,RECHECK
001427,candidate,existing_300,original_512,CONFIRM,0.9940959811210632,2020-08-12,2020-08-12,2020-08-12,True,,,True,2020-08-12,,CONFIRM,CONFIRM,CONFIRM
001428,candidate,existing_300,original_512,CONFIRM,0.9677808284759521,2020-08-12,2020-08-12,2020-08-12,True,,,True,2020-08-12,,CONFIRM,CONFIRM,CONFIRM
001438,candidate,existing_300,original_512,CONFIRM,0.9394528269767761,2021-08-29,2021-08-29,2021-08-29,True,,,True,2021-08-29,,CONFIRM,CONFIRM,RECHECK
001450,candidate,existing_300,original_512,CONFIRM,0.9907389283180237,2022-04-26,2022-04-26,2022-04-26,True,,,True,2022-04-26,,CONFIRM,CONFIRM,CONFIRM
001455,candidate,existing_300,original_512,CONFIRM,0.9587569236755371,2022-04-02,2022-04-02,2022-04-02,True,,,True,2022-04-02,,CONFIRM,CONFIRM,CONFIRM
001471,candidate,existing_300,original_512,CONFIRM,0.9890906810760498,2021-12-29,2021-12-29,2021-12-29,True,,,True,2021-12-29,,CONFIRM,CONFIRM,CONFIRM
001472,candidate,existing_300,original_512,CONFIRM,0.960224449634552,2022-02-17,2022-02-17,2022-02-17,True,,,True,2022-02-17,,CONFIRM,CONFIRM,CONFIRM
001500,candidate,existing_300,original_512,CONFIRM,0.9223498702049255,2021-09-23,2021-09-23,2021-09-23,True,,,True,2021-09-23,,CONFIRM,CONFIRM,RECHECK
001502,candidate,existing_300,original_512,CONFIRM,0.9988341331481934,2021-06-24,2021-06-24,2021-06-24,True,,,True,2021-06-24,,CONFIRM,CONFIRM,CONFIRM
001515,candidate,existing_300,original_512,CONFIRM,0.9300011396408081,2022-08-18,2022-08-18,2022-08-16,False,late,2,True,2022-08-18,,CONFIRM,CONFIRM,RECHECK
001525,candidate,existing_300,original_512,CONFIRM,0.9541696906089783,2021-06-25,2021-06-25,2021-06-25,True,,,True,2021-06-25,,CONFIRM,CONFIRM,CONFIRM
001528,candidate,existing_300,original_512,CONFIRM,0.9405806660652161,2021-06-25,2021-06-25,2021-06-25,True,,,True,2021-06-25,,CONFIRM,CONFIRM,RECHECK
001529,candidate,existing_300,original_512,CONFIRM,0.9980904459953308,2021-02-11,2021-02-11,2021-02-11,True,,,True,2021-02-11,,CONFIRM,CONFIRM,CONFIRM
001539,candidate,existing_300,original_no_candidate,MANUAL,,,NONE,2022-01-18,False,not_comparable,,True,NONE,,MANUAL,MANUAL,MANUAL
001548,candidate,new_401,original_512,RECHECK,0.7812554836273193,2020-09-29,2020-09-29,2022-09-28,False,early,-729,True,2020-09-29,,RECHECK,RECHECK,RECHECK
001554,candidate,existing_300,rotation_270,CONFIRM,0.9478085041046143,2020-06-03,2020-06-03,2020-06-03,True,,,True,NONE,,CONFIRM,CONFIRM,RECHECK
001556,candidate,new_401,original_512,CHOOSE,0.9958633780479431,2020-09-16|2022-03-16,2022-03-16,2022-03-16,True,,,True,2022-03-16,,CHOOSE,CHOOSE,CHOOSE
001572,candidate,existing_300,original_512,CONFIRM,0.997633159160614,2021-06-11,2021-06-11,2021-06-11,True,,,True,2021-06-11,,CONFIRM,CONFIRM,CONFIRM
001587,candidate,existing_300,original_512,CONFIRM,0.924059271812439,2021-04-27,2021-04-27,2021-04-20,False,late,7,True,2021-04-27,,CONFIRM,CONFIRM,RECHECK
001623,candidate,existing_300,original_512,CONFIRM,0.9869241714477539,2022-01-14,2022-01-14,2022-01-14,True,,,True,2022-01-14,,CONFIRM,CONFIRM,CONFIRM
001642,candidate,existing_300,original_512,CONFIRM,0.9080489873886108,2022-03-19,2022-03-19,2022-03-19,True,,,True,2022-03-19,,CONFIRM,CONFIRM,RECHECK
001646,candidate,existing_300,original_no_candidate,MANUAL,,,NONE,2021-10-12,False,not_comparable,,True,NONE,,MANUAL,MANUAL,MANUAL
001657,candidate,existing_300,original_512,CONFIRM,0.9240037798881531,2021-01-16,2021-01-16,2021-01-16,True,,,True,2021-01-16,,CONFIRM,CONFIRM,RECHECK
001658,candidate,new_401,original_512,CONFIRM,0.9423039555549622,2021-10-20,2021-10-20,2021-10-22,False,early,-2,True,2021-10-20,,CONFIRM,CONFIRM,RECHECK
001665,candidate,existing_300,original_512,RECHECK,0.8658232688903809,2021-01-28,2021-01-28,2021-01-28,True,,,True,2021-01-28,,CONFIRM,RECHECK,RECHECK
001673,candidate,new_401,original_512,CONFIRM,0.9855154156684875,2021-05-19,2021-05-19,2021-05-19,True,,,True,2021-05-19,,CONFIRM,CONFIRM,CONFIRM
001675,candidate,new_401,original_512,CONFIRM,0.9132099151611328,2021-03-15,2021-03-15,2021-03-15,True,,,True,2021-03-15,,CONFIRM,CONFIRM,RECHECK
001677,candidate,new_401,original_512,CONFIRM,0.9954521059989929,2021-11-28,2021-11-28,2021-11-28,True,,,True,2021-11-28,,CONFIRM,CONFIRM,CONFIRM
001679,candidate,new_401,original_512,CHOOSE,0.9965367317199707,2021-01-16|2021-03-16,2021-03-16,2021-03-16,True,,,True,2021-03-16,,CHOOSE,CHOOSE,CHOOSE
001681,candidate,new_401,original_512,CONFIRM,0.9933845400810242,2022-10-22,2022-10-22,2022-10-22,True,,,True,2022-10-22,,CONFIRM,CONFIRM,CONFIRM
001682,candidate,new_401,original_512,CONFIRM,0.9925789833068848,2022-10-22,2022-10-22,2022-10-22,True,,,True,2022-10-22,,CONFIRM,CONFIRM,CONFIRM
001683,candidate,existing_300,original_512,CONFIRM,0.9985998868942261,2021-11-14,2021-11-14,2021-11-14,True,,,True,2021-11-14,,CONFIRM,CONFIRM,CONFIRM
001684,candidate,new_401,original_512,CONFIRM,0.9727112650871277,2021-11-14,2021-11-14,2021-11-14,True,,,True,2021-11-14,,CONFIRM,CONFIRM,CONFIRM
001685,candidate,new_401,original_512,CHOOSE,0.964307963848114,2020-11-30|2021-11-29,2021-11-29,2021-11-29,True,,,True,2021-11-29,,CHOOSE,CHOOSE,CHOOSE
001686,candidate,new_401,original_512,CONFIRM,0.9414545893669128,2020-11-27,2020-11-27,2020-11-27,True,,,True,2020-11-27,,CONFIRM,CONFIRM,RECHECK
001689,candidate,new_401,original_no_candidate,MANUAL,,,NONE,2021-07-21,False,not_comparable,,True,NONE,,MANUAL,MANUAL,MANUAL
001695,candidate,new_401,original_512,CONFIRM,0.9946475028991699,2022-07-01,2022-07-01,2022-07-01,True,,,True,2022-07-01,,CONFIRM,CONFIRM,CONFIRM
001697,candidate,new_401,original_512,CONFIRM,0.9966813325881958,2022-06-23,2022-06-23,2022-06-23,True,,,True,2022-06-23,,CONFIRM,CONFIRM,CONFIRM
001701,candidate,new_401,original_512,CONFIRM,0.9593319296836853,2021-10-27,2021-10-27,2021-10-27,True,,,True,2021-10-27,,CONFIRM,CONFIRM,CONFIRM
001703,candidate,new_401,original_512,CONFIRM,0.999274730682373,2021-07-16,2021-07-16,2021-07-16,True,,,True,2021-07-16,,CONFIRM,CONFIRM,CONFIRM
001705,candidate,existing_300,original_512,CONFIRM,0.9993745684623718,2021-06-04,2021-06-04,2021-06-04,True,,,True,2021-06-04,,CONFIRM,CONFIRM,CONFIRM
001706,candidate,new_401,original_512,CONFIRM,0.9991482496261597,2021-06-04,2021-06-04,2021-06-04,True,,,True,2021-06-04,,CONFIRM,CONFIRM,CONFIRM
001710,candidate,new_401,original_512,CHOOSE,0.9077638387680054,2021-01-16|2021-10-15,2021-10-15,2021-10-15,True,,,True,2021-10-15,,CHOOSE,CHOOSE,CHOOSE
001711,candidate,new_401,original_512,CHOOSE,0.9631680846214294,2021-01-16|2021-10-15,2021-10-15,2021-10-15,True,,,True,2021-10-15,,CHOOSE,CHOOSE,CHOOSE
001714,candidate,new_401,original_no_candidate,MANUAL,,,NONE,2021-08-09,False,not_comparable,,True,NONE,,MANUAL,MANUAL,MANUAL
001716,candidate,new_401,original_512,CONFIRM,0.9987546801567078,2021-02-07,2021-02-07,2021-02-07,True,,,True,2021-02-07,,CONFIRM,CONFIRM,CONFIRM
001718,candidate,new_401,original_512,CONFIRM,0.9930626153945923,2021-02-08,2021-02-08,2021-02-08,True,,,True,2021-02-08,,CONFIRM,CONFIRM,CONFIRM
001720,candidate,new_401,original_512,CONFIRM,0.9281659722328186,2021-03-11,2021-03-11,2021-03-11,True,,,True,2021-03-11,,CONFIRM,CONFIRM,RECHECK
001721,candidate,new_401,original_512,CHOOSE,0.992345929145813,2021-01-07|2021-07-06,2021-07-06,2021-07-06,True,,,True,2021-07-06,,CHOOSE,CHOOSE,CHOOSE
001723,candidate,new_401,original_512,CONFIRM,0.9803378582000732,2021-05-13,2021-05-13,2021-05-13,True,,,True,2021-05-13,,CONFIRM,CONFIRM,CONFIRM
001728,candidate,new_401,original_512,RECHECK,0.8343003988265991,2021-02-08,2021-02-08,2021-02-08,True,,,True,2021-02-08,,RECHECK,RECHECK,RECHECK
001730,candidate,new_401,original_512,CONFIRM,0.9368455410003662,2021-10-02,2021-10-02,2021-10-02,True,,,True,2021-10-28,,CONFIRM,CONFIRM,RECHECK
001733,candidate,new_401,original_512,CONFIRM,0.9543377161026001,2022-11-18,2022-11-18,2022-11-18,True,,,True,2022-11-18,,CONFIRM,CONFIRM,CONFIRM
001734,candidate,new_401,original_512,CONFIRM,0.9979203939437866,2022-01-20,2022-01-20,2022-01-20,True,,,True,2022-01-20,,CONFIRM,CONFIRM,CONFIRM
001737,candidate,new_401,original_512,CONFIRM,0.9933894872665405,2021-02-08,2021-02-08,2021-02-08,True,,,True,2021-02-08,,CONFIRM,CONFIRM,CONFIRM
001739,candidate,new_401,original_512,CONFIRM,0.9945108294487,2022-01-05,2022-01-05,2022-01-05,True,,,True,2022-01-05,,CONFIRM,CONFIRM,CONFIRM
001741,candidate,existing_300,original_512,RECHECK,0.8876485824584961,2022-11-01,2022-11-01,2022-11-01,True,,,True,2022-11-13,,CONFIRM,RECHECK,RECHECK
001742,candidate,existing_300,original_512,CONFIRM,0.9786992073059082,2021-10-26,2021-10-26,2021-10-26,True,,,True,2021-10-26,,CONFIRM,CONFIRM,CONFIRM
001745,candidate,new_401,original_512,CHOOSE,0.9918956160545349,2021-01-29|2022-01-28,2022-01-28,2022-01-28,True,,,True,2022-01-28,,CHOOSE,CHOOSE,CHOOSE
001746,candidate,existing_300,original_512,CHOOSE,0.9955936074256897,2020-10-13|2021-10-12,2021-10-12,2021-10-12,True,,,True,2021-10-12,,CHOOSE,CHOOSE,CHOOSE
001747,candidate,existing_300,original_512,CHOOSE,0.998995304107666,2020-10-13|2021-10-12,2021-10-12,2021-10-12,True,,,True,2021-10-12,,CHOOSE,CHOOSE,CHOOSE
001749,candidate,new_401,original_no_candidate,MANUAL,,,NONE,2019-07-03,False,not_comparable,,True,NONE,,MANUAL,MANUAL,MANUAL
001751,candidate,new_401,original_512,CONFIRM,0.9911016225814819,2021-06-28,2021-06-28,2021-06-28,True,,,True,2021-06-28,,CONFIRM,CONFIRM,CONFIRM
001752,candidate,existing_300,original_512,CONFIRM,0.9890518188476562,2022-01-10,2022-01-10,2022-01-10,True,,,True,2022-01-10,,CONFIRM,CONFIRM,CONFIRM
001755,candidate,new_401,original_512,CONFIRM,0.9119623303413391,2021-12-05,2021-12-05,2021-12-05,True,,,True,2021-12-05,,CONFIRM,CONFIRM,RECHECK
001757,candidate,new_401,original_512,CONFIRM,0.9761142730712891,2023-03-09,2023-03-09,2023-03-09,True,,,True,NONE,,CONFIRM,CONFIRM,CONFIRM
001760,candidate,new_401,original_512,CONFIRM,0.9954077005386353,2021-04-24,2021-04-24,2021-04-24,True,,,True,2021-04-24,,CONFIRM,CONFIRM,CONFIRM
001766,candidate,new_401,original_512,CONFIRM,0.9951026439666748,2021-09-10,2021-09-10,2021-09-10,True,,,True,2021-09-10,,CONFIRM,CONFIRM,CONFIRM
001768,candidate,new_401,original_512,CHOOSE,0.8673722147941589,2020-12-30|2021-06-29,2021-06-29,2021-06-29,True,,,True,2021-06-29,,CHOOSE,CHOOSE,CHOOSE
001771,candidate,new_401,original_512,CHOOSE,0.9977815747261047,2019-04-19|2019-10-18,2019-10-18,2019-10-18,True,,,True,2019-10-18,,CHOOSE,CHOOSE,CHOOSE
001773,candidate,new_401,original_512,CONFIRM,0.9463709592819214,2020-08-07,2020-08-07,2020-08-07,True,,,True,2020-08-07,,CONFIRM,CONFIRM,RECHECK
001780,candidate,existing_300,original_512,CHOOSE,0.9271017909049988,2020-03-02|2020-09-01,2020-09-01,2020-09-01,True,,,True,2020-09-01,,CHOOSE,CHOOSE,CHOOSE
001782,candidate,existing_300,original_512,CONFIRM,0.9908527135848999,2022-10-01,2022-10-01,2022-10-01,True,,,True,2022-10-01,,CONFIRM,CONFIRM,CONFIRM
001784,candidate,new_401,original_512,CONFIRM,0.970467746257782,2021-06-13,2021-06-13,2021-06-13,True,,,True,2021-06-13,,CONFIRM,CONFIRM,CONFIRM
001785,candidate,new_401,original_512,CONFIRM,0.9851952791213989,2021-09-19,2021-09-19,2021-09-19,True,,,True,2021-09-19,,CONFIRM,CONFIRM,CONFIRM
001793,candidate,new_401,original_512,CONFIRM,0.9499136805534363,2021-11-07,2021-11-07,2021-11-07,True,,,True,2021-11-07,,CONFIRM,CONFIRM,RECHECK
001799,candidate,new_401,original_512,CONFIRM,0.9104713797569275,2021-10-14,2021-10-14,2021-10-14,True,,,True,2021-10-14,,CONFIRM,CONFIRM,RECHECK
001800,candidate,existing_300,original_512,CONFIRM,0.9253878593444824,2021-01-14,2021-01-14,2021-01-14,True,,,True,2021-01-14,,CONFIRM,CONFIRM,RECHECK
001802,candidate,new_401,original_no_candidate,MANUAL,,,NONE,2021-05-03,False,not_comparable,,True,NONE,,MANUAL,MANUAL,MANUAL
001806,candidate,new_401,original_512,CHOOSE,0.9138038158416748,2020-02-10|2020-11-09,2020-11-09,2020-11-09,True,,,True,2020-11-09,,CHOOSE,CHOOSE,CHOOSE
001812,candidate,existing_300,original_512,CHOOSE,0.9348312020301819,2020-03-27|2021-03-26,2021-03-26,2021-03-26,True,,,True,2021-03-26,,CHOOSE,CHOOSE,CHOOSE
001815,candidate,existing_300,original_512,CONFIRM,0.9841552972793579,2022-06-07,2022-06-07,2022-06-07,True,,,True,2022-06-07,,CONFIRM,CONFIRM,CONFIRM
001818,candidate,existing_300,original_512,CHOOSE,0.9889714121818542,2021-01-19|2022-01-18,2022-01-18,2022-01-18,True,,,True,2022-01-18,,CHOOSE,CHOOSE,CHOOSE
001819,candidate,new_401,original_512,CHOOSE,0.997796356678009,2021-01-19|2022-01-18,2022-01-18,2022-01-18,True,,,True,2022-01-18,,CHOOSE,CHOOSE,CHOOSE
001823,candidate,existing_300,original_512,CONFIRM,0.9856375455856323,2021-06-09,2021-06-09,2021-06-09,True,,,True,2021-06-09,,CONFIRM,CONFIRM,CONFIRM
001828,candidate,new_401,original_512,CONFIRM,0.9591313004493713,2021-11-28,2021-11-28,2021-11-28,True,,,True,2021-11-28,,CONFIRM,CONFIRM,CONFIRM
001830,approved,new_401,original_512,MANUAL,0.9636937379837036,2020-12-NONE,2020-12-NONE,2020-12-NONE,True,,,True,2020-12-NONE,,MANUAL,MANUAL,MANUAL
001837,candidate,new_401,original_512,CONFIRM,0.9312756061553955,2021-10-02,2021-10-02,2021-10-02,True,,,True,2021-10-02,,CONFIRM,CONFIRM,RECHECK
001839,candidate,new_401,original_512,CONFIRM,0.9935493469238281,2021-10-15,2021-10-15,2021-10-15,True,,,True,2021-10-15,,CONFIRM,CONFIRM,CONFIRM
001845,candidate,new_401,original_512,CONFIRM,0.9951217770576477,2021-11-23,2021-11-23,2021-11-23,True,,,True,2021-11-23,,CONFIRM,CONFIRM,CONFIRM
001851,candidate,existing_300,original_512,RECHECK,0.8465954661369324,2021-12-16,2021-12-16,2021-12-16,True,,,True,NONE,,RECHECK,RECHECK,RECHECK
001852,candidate,new_401,highres_1024,CONFIRM,0.9150969386100769,2022-08-13,2022-08-13,2022-08-18,False,early,-5,True,2022-08-13,,CONFIRM,CONFIRM,RECHECK
001855,candidate,new_401,highres_1024,MANUAL,0.6655470728874207,NONE-04-10,NONE-04-10,2023-10-28,False,not_comparable,,True,NONE,,MANUAL,MANUAL,MANUAL
001857,candidate,existing_300,original_512,RECHECK,0.8785279989242554,2022-07-17,2022-07-17,2022-07-17,True,,,True,2022-07-17,,CONFIRM,RECHECK,RECHECK
001858,candidate,new_401,original_no_candidate,MANUAL,,,NONE,2022-07-17,False,not_comparable,,True,NONE,,MANUAL,MANUAL,MANUAL
001860,candidate,new_401,original_no_candidate,MANUAL,,,NONE,2022-07-08,False,not_comparable,,True,NONE,,MANUAL,MANUAL,MANUAL
001862,approved,new_401,original_512,CONFIRM,0.908024251461029,2018-06-23,2018-06-23,2023-06-18,False,early,-1821,True,2018-06-23,,CONFIRM,CONFIRM,RECHECK
001867,approved,new_401,original_512,MANUAL,0.9425019025802612,2022-07-NONE,2022-07-NONE,2022-07-NONE,True,,,True,2022-07-NONE,,MANUAL,MANUAL,MANUAL
001868,approved,new_401,original_no_candidate,MANUAL,,,NONE,2022-07-NONE,False,not_comparable,,True,NONE,,MANUAL,MANUAL,MANUAL
001869,candidate,existing_300,original_512,CHOOSE,0.9653648734092712,2020-11-26|2021-09-26,2021-09-26,2021-09-26,True,,,True,2021-09-26,,CHOOSE,CHOOSE,CHOOSE
001870,approved,new_401,original_512,CHOOSE,0.9263166189193726,2020-11-26|2021-09-26,2021-09-26,2021-09-26,True,,,True,2021-09-26,,CHOOSE,CHOOSE,CHOOSE
001882,candidate,new_401,original_512,CONFIRM,0.9249404668807983,2021-06-20,2021-06-20,2021-06-20,True,,,True,2021-06-20,,CONFIRM,CONFIRM,RECHECK
001884,candidate,new_401,original_512,CONFIRM,0.9995403289794922,2021-09-09,2021-09-09,2021-09-09,True,,,True,2021-09-09,,CONFIRM,CONFIRM,CONFIRM
001886,candidate,new_401,original_512,CHOOSE,0.9964088201522827,2020-06-05|2021-12-05,2021-12-05,2021-12-05,True,,,True,2021-12-05,,CHOOSE,CHOOSE,CHOOSE
001888,candidate,new_401,original_512,RECHECK,0.8531346321105957,2023-08-22,2023-08-22,2023-08-22,True,,,True,2023-08-22,,CONFIRM,RECHECK,RECHECK
001892,candidate,new_401,original_512,CONFIRM,0.9779450297355652,2022-05-22,2022-05-22,2022-05-22,True,,,True,2022-05-22,,CONFIRM,CONFIRM,CONFIRM
001896,candidate,new_401,original_512,CONFIRM,0.9263628721237183,2021-03-17,2021-03-17,2021-03-17,True,,,True,2021-03-17,,CONFIRM,CONFIRM,RECHECK
001898,candidate,existing_300,original_512,CONFIRM,0.9482196569442749,2021-05-29,2021-05-29,2021-05-29,True,,,True,2021-05-29,,CONFIRM,CONFIRM,RECHECK
001900,candidate,new_401,original_no_candidate,MANUAL,,,NONE,2021-11-29,False,not_comparable,,True,NONE,,MANUAL,MANUAL,MANUAL
001905,candidate,new_401,original_512,CONFIRM,0.9879931807518005,2022-01-15,2022-01-15,2022-01-15,True,,,True,2022-01-15,,CONFIRM,CONFIRM,CONFIRM
001906,approved,new_401,original_512,CHOOSE,0.9947050213813782,2020-09-03|2021-09-03,2021-09-03,2021-09-03,True,,,True,2021-09-03,,CHOOSE,CHOOSE,CHOOSE
001910,candidate,new_401,original_512,CHOOSE,0.9539284110069275,2020-05-08|2021-05-07,2021-05-07,2021-05-07,True,,,True,2021-05-07,,CHOOSE,CHOOSE,CHOOSE
001912,candidate,new_401,original_512,CONFIRM,0.9306722283363342,2021-05-21,2021-05-21,2021-05-21,True,,,True,NONE,,CONFIRM,CONFIRM,RECHECK
001916,candidate,new_401,original_512,RECHECK,0.8891457319259644,2021-06-24,2021-06-24,2021-06-24,True,,,True,2021-06-24,,CONFIRM,RECHECK,RECHECK
001919,candidate,new_401,original_512,CONFIRM,0.9986952543258667,2023-12-20,2023-12-20,2023-12-20,True,,,True,2023-12-20,,CONFIRM,CONFIRM,CONFIRM
001923,candidate,new_401,original_512,CONFIRM,0.9131855368614197,2022-06-14,2022-06-14,2022-06-14,True,,,True,2022-06-14,,CONFIRM,CONFIRM,RECHECK
001925,candidate,new_401,original_no_candidate,MANUAL,,,NONE,2022-01-21,False,not_comparable,,True,NONE,,MANUAL,MANUAL,MANUAL
001927,candidate,new_401,original_512,CONFIRM,0.9958258271217346,2021-04-27,2021-04-27,2021-04-27,True,,,True,2021-04-27,,CONFIRM,CONFIRM,CONFIRM
001932,candidate,new_401,original_512,CONFIRM,0.9250897169113159,2022-01-02,2022-01-02,2022-01-22,False,early,-20,True,2022-01-02,,CONFIRM,CONFIRM,RECHECK
001936,candidate,new_401,original_512,CONFIRM,0.9989120364189148,2021-12-21,2021-12-21,2021-12-21,True,,,True,2021-12-21,,CONFIRM,CONFIRM,CONFIRM
001938,approved,new_401,original_512,MANUAL,0.9465053677558899,2021-03-NONE,2021-03-NONE,2021-03-NONE,True,,,True,2021-03-NONE,,MANUAL,MANUAL,MANUAL
001940,candidate,new_401,original_512,RECHECK,0.8836976885795593,2033-03-14,2033-03-14,2021-03-14,False,late,4383,True,2033-03-14,,CONFIRM,RECHECK,RECHECK
001941,candidate,new_401,original_512,CONFIRM,0.9498721361160278,2022-05-27,2022-05-27,2022-05-27,True,,,True,2022-05-27,,CONFIRM,CONFIRM,RECHECK
001942,candidate,existing_300,original_512,CONFIRM,0.953328549861908,2022-05-27,2022-05-27,2022-05-27,True,,,True,2022-05-27,,CONFIRM,CONFIRM,CONFIRM
001943,candidate,new_401,original_512,CONFIRM,0.92716383934021,2023-09-29,2023-09-29,2023-09-29,True,,,True,2023-09-29,,CONFIRM,CONFIRM,RECHECK
001944,candidate,new_401,original_512,RECHECK,0.7883514761924744,2023-09-29,2023-09-29,2023-09-29,True,,,True,2023-09-29,,RECHECK,RECHECK,RECHECK
001947,candidate,new_401,original_512,MANUAL,0.9478137493133545,2020-06-NONE|2022-06-NONE,2022-06-NONE,2022-08-10,False,not_comparable,,True,2022-06-NONE,,MANUAL,MANUAL,MANUAL
001948,candidate,new_401,original_512,MANUAL,0.9163562059402466,2022-06-NONE,2022-06-NONE,2022-08-10,False,not_comparable,,True,2022-06-NONE,,MANUAL,MANUAL,MANUAL
001953,approved,new_401,original_512,MANUAL,0.8361514806747437,2021-10-NONE,2021-10-NONE,2021-10-NONE,True,,,True,2021-10-NONE,,MANUAL,MANUAL,MANUAL
001955,approved,existing_300,clahe,MANUAL,0.8597865700721741,2021-10-NONE,2021-10-NONE,2021-10-NONE,True,,,True,NONE,,MANUAL,MANUAL,MANUAL
001964,candidate,new_401,original_512,CONFIRM,0.9969097375869751,2019-10-10,2019-10-10,2021-10-09,False,early,-730,True,2019-10-10,,CONFIRM,CONFIRM,CONFIRM
001971,candidate,new_401,clahe,CONFIRM,0.9377193450927734,2021-06-18,2021-06-18,2021-06-18,True,,,True,2021-06-18,,CONFIRM,CONFIRM,RECHECK
001973,candidate,new_401,original_512,CONFIRM,0.9698851704597473,2023-03-15,2023-03-15,2023-03-15,True,,,True,2023-03-15,,CONFIRM,CONFIRM,CONFIRM
001975,candidate,new_401,clahe,RECHECK,0.7720103859901428,2026-02-21,2026-02-21,2021-02-26,False,late,1821,True,2026-02-21,,RECHECK,RECHECK,RECHECK
001977,candidate,existing_300,original_512,CONFIRM,0.9887332916259766,2021-01-14,2021-01-14,2021-01-14,True,,,True,2021-01-14,,CONFIRM,CONFIRM,CONFIRM
001979,candidate,new_401,original_no_candidate,MANUAL,,,NONE,2020-11-04,False,not_comparable,,True,NONE,,MANUAL,MANUAL,MANUAL
001980,candidate,existing_300,original_512,CONFIRM,0.9760395288467407,2022-10-15,2022-10-15,2022-10-15,True,,,True,2022-10-15,,CONFIRM,CONFIRM,CONFIRM
001982,candidate,existing_300,original_512,CONFIRM,0.9284693598747253,2021-10-20,2021-10-20,2021-10-20,True,,,True,2021-10-20,,CONFIRM,CONFIRM,RECHECK
001983,candidate,new_401,original_512,CONFIRM,0.9779171943664551,2021-10-20,2021-10-20,2021-10-20,True,,,True,2021-10-20,,CONFIRM,CONFIRM,CONFIRM
001988,candidate,new_401,original_no_candidate,MANUAL,,,NONE,2021-12-28,False,not_comparable,,True,NONE,,MANUAL,MANUAL,MANUAL
001992,candidate,new_401,original_512,CONFIRM,0.914594292640686,2021-12-28,2021-12-28,2021-12-28,True,,,True,2021-12-28,,CONFIRM,CONFIRM,RECHECK
001996,candidate,new_401,original_512,CONFIRM,0.9915400743484497,2021-12-18,2021-12-18,2021-12-18,True,,,True,2021-12-18,,CONFIRM,CONFIRM,CONFIRM
002003,candidate,existing_300,original_512,CONFIRM,0.9930624961853027,2022-05-15,2022-05-15,2022-05-15,True,,,True,2022-05-15,,CONFIRM,CONFIRM,CONFIRM
002008,candidate,new_401,original_512,CONFIRM,0.9993757009506226,2022-01-14,2022-01-14,2022-01-14,True,,,True,2022-01-14,,CONFIRM,CONFIRM,CONFIRM
002009,candidate,new_401,original_512,CONFIRM,0.9128363728523254,2021-12-02,2021-12-02,2021-12-02,True,,,True,2021-12-02,,CONFIRM,CONFIRM,RECHECK
002011,candidate,existing_300,original_512,CONFIRM,0.9821738004684448,2020-06-30,2020-06-30,2020-06-30,True,,,True,NONE,,CONFIRM,CONFIRM,CONFIRM
002012,candidate,new_401,original_512,CONFIRM,0.9698930978775024,2020-06-30,2020-06-30,2020-06-30,True,,,True,NONE,,CONFIRM,CONFIRM,CONFIRM
002015,candidate,new_401,original_512,CONFIRM,0.9148539304733276,2023-06-28,2023-06-28,2023-06-28,True,,,True,2023-06-28,,CONFIRM,CONFIRM,RECHECK
002019,candidate,existing_300,original_no_candidate,MANUAL,,,NONE,2022-03-09,False,not_comparable,,True,NONE,,MANUAL,MANUAL,MANUAL
002022,candidate,new_401,original_512,CONFIRM,0.9444378018379211,2022-04-09,2022-04-09,2022-04-09,True,,,True,2022-04-09,,CONFIRM,CONFIRM,RECHECK
002026,candidate,new_401,original_512,CONFIRM,0.9983910918235779,2020-01-03,2020-01-03,2020-01-03,True,,,True,2020-01-03,,CONFIRM,CONFIRM,CONFIRM
002030,candidate,new_401,original_512,CONFIRM,0.9827240109443665,2019-11-18,2019-11-18,2019-11-18,True,,,True,2019-11-18,,CONFIRM,CONFIRM,CONFIRM
002033,candidate,existing_300,original_512,CONFIRM,0.9969838261604309,2022-03-22,2022-03-22,2022-03-22,True,,,True,2022-03-22,,CONFIRM,CONFIRM,CONFIRM
002034,approved,existing_300,original_512,CONFIRM,0.9943455457687378,2017-12-20,2017-12-20,2020-12-17,False,early,-1093,True,2017-12-20,,CONFIRM,CONFIRM,CONFIRM
002037,candidate,existing_300,original_512,CONFIRM,0.9543594121932983,2020-08-22,2020-08-22,2020-08-22,True,,,True,2020-08-22,,CONFIRM,CONFIRM,CONFIRM
002041,candidate,existing_300,original_512,CONFIRM,0.9967396855354309,2020-08-27,2020-08-27,2020-08-27,True,,,True,2020-08-27,,CONFIRM,CONFIRM,CONFIRM
002042,candidate,existing_300,original_512,CONFIRM,0.9934220314025879,2020-08-27,2020-08-27,2020-08-27,True,,,True,2020-08-27,,CONFIRM,CONFIRM,CONFIRM
002048,candidate,new_401,original_512,CONFIRM,0.9472150206565857,2021-07-31,2021-07-31,2021-07-31,True,,,True,NONE,,CONFIRM,CONFIRM,RECHECK
002051,approved,new_401,original_512,MANUAL,0.9908497929573059,NONE-04-14,NONE-04-14,NONE-04-14,True,,,True,NONE,,MANUAL,MANUAL,MANUAL
002055,approved,new_401,original_512,MANUAL,0.9436296224594116,2021-12-NONE,2021-12-NONE,2021-12-NONE,True,,,True,2021-12-NONE,,MANUAL,MANUAL,MANUAL
002062,approved,existing_300,original_512,MANUAL,0.957574188709259,2023-02-NONE,2023-02-NONE,2023-02-NONE,True,,,True,2023-02-NONE,,MANUAL,MANUAL,MANUAL
002063,approved,new_401,clahe,MANUAL,0.9328814148902893,2023-02-NONE,2023-02-NONE,2023-02-NONE,True,,,True,2023-02-NONE,,MANUAL,MANUAL,MANUAL
002066,candidate,existing_300,original_512,CHOOSE,0.9177467823028564,2020-04-06|2020-04-30|2024-04-05,2024-04-05,2020-04-30,False,late,1436,True,2024-04-05,,CHOOSE,CHOOSE,CHOOSE
002067,candidate,new_401,original_512,CHOOSE,0.9768491983413696,2020-04-06|2020-04-30,2020-04-30,2020-04-30,True,,,True,2020-04-30,,CHOOSE,CHOOSE,CHOOSE
002068,candidate,new_401,original_no_candidate,MANUAL,,,NONE,2022-09-11,False,not_comparable,,True,NONE,,MANUAL,MANUAL,MANUAL
002078,candidate,new_401,original_512,CONFIRM,0.9988290667533875,2020-10-21,2020-10-21,2020-10-21,True,,,True,2020-10-21,,CONFIRM,CONFIRM,CONFIRM
002080,candidate,existing_300,original_512,CONFIRM,0.9935182929039001,2021-01-03,2021-01-03,2021-01-03,True,,,True,2021-01-03,,CONFIRM,CONFIRM,CONFIRM
002088,candidate,new_401,original_512,CONFIRM,0.9724932312965393,2021-09-03,2021-09-03,2021-09-03,True,,,True,2021-09-03,,CONFIRM,CONFIRM,CONFIRM
002090,candidate,existing_300,original_512,CONFIRM,0.9848544001579285,2021-11-09,2021-11-09,2021-11-09,True,,,True,2021-11-09,,CONFIRM,CONFIRM,CONFIRM
002097,candidate,new_401,original_512,CONFIRM,0.9084474444389343,2022-06-16,2022-06-16,2022-06-16,True,,,True,2022-06-16,,CONFIRM,CONFIRM,RECHECK
002098,candidate,new_401,original_512,CONFIRM,0.9491101503372192,2021-05-25,2021-05-25,2021-05-25,True,,,True,2021-05-25,,CONFIRM,CONFIRM,RECHECK
002113,candidate,existing_300,original_512,CONFIRM,0.9984173774719238,2022-03-12,2022-03-12,2022-03-12,True,,,True,2022-03-12,,CONFIRM,CONFIRM,CONFIRM
002125,approved,new_401,original_512,CONFIRM,0.9098036289215088,2021-04-24,2021-04-24,2021-04-21,False,late,3,True,2021-04-24,,CONFIRM,CONFIRM,RECHECK
002133,candidate,existing_300,original_512,RECHECK,0.8955703973770142,2021-10-04,2021-10-04,2021-10-04,True,,,True,2021-10-04,,CONFIRM,RECHECK,RECHECK
002134,candidate,existing_300,original_512,CONFIRM,0.9917070269584656,2022-11-02,2022-11-02,2022-11-02,True,,,True,2022-11-02,,CONFIRM,CONFIRM,CONFIRM
002135,candidate,new_401,original_512,CONFIRM,0.9747761487960815,2022-11-02,2022-11-02,2022-11-02,True,,,True,2022-11-02,,CONFIRM,CONFIRM,CONFIRM
002141,candidate,existing_300,original_512,CONFIRM,0.9552879929542542,2021-04-11,2021-04-11,2021-04-11,True,,,True,2021-04-11,,CONFIRM,CONFIRM,CONFIRM
002146,candidate,existing_300,original_512,CONFIRM,0.908842146396637,2022-07-26,2022-07-26,2022-07-26,True,,,True,2022-07-26,,CONFIRM,CONFIRM,RECHECK
002148,candidate,new_401,highres_1024,MANUAL,0.7540600299835205,2022-01-NONE,2022-01-NONE,2022-01-03,False,not_comparable,,True,NONE,,MANUAL,MANUAL,MANUAL
002152,approved,new_401,original_512,CHOOSE,0.9224764704704285,2019-06-12|2019-07-17,2019-07-17,2019-07-11,False,late,6,True,2019-07-17,,CHOOSE,CHOOSE,CHOOSE
002157,candidate,new_401,highres_1024,CONFIRM,0.9019668698310852,2021-12-25,2021-12-25,2021-12-25,True,,,True,2021-12-25,,CONFIRM,CONFIRM,RECHECK
002159,approved,new_401,original_512,MANUAL,0.8916288614273071,NONE-04-13,NONE-04-13,NONE-04-13,True,,,True,NONE,,MANUAL,MANUAL,MANUAL
002162,candidate,existing_300,highres_1024,CONFIRM,0.9167351722717285,2023-06-18,2023-06-18,2023-06-18,True,,,True,2023-06-18,,CONFIRM,CONFIRM,RECHECK
002186,candidate,existing_300,original_512,CONFIRM,0.995003879070282,2020-06-10,2020-06-10,2020-06-10,True,,,True,2020-06-10,,CONFIRM,CONFIRM,CONFIRM
002189,candidate,new_401,original_512,RECHECK,0.8714466094970703,2022-02-04,2022-02-04,2022-02-04,True,,,True,2022-02-04,,CONFIRM,RECHECK,RECHECK
002192,candidate,new_401,highres_1024,RECHECK,0.7025159597396851,2020-10-20,2020-10-20,2020-10-20,True,,,True,2020-10-20,,RECHECK,RECHECK,RECHECK
002194,candidate,new_401,original_512,CONFIRM,0.9478719830513,2020-06-10,2020-06-10,2020-06-10,True,,,True,2020-06-10,,CONFIRM,CONFIRM,RECHECK
002197,candidate,existing_300,original_512,CONFIRM,0.9988567233085632,2021-01-13,2021-01-13,2021-01-13,True,,,True,2021-01-13,,CONFIRM,CONFIRM,CONFIRM
002202,candidate,new_401,original_512,RECHECK,0.861771821975708,2020-10-08,2020-10-08,2020-10-08,True,,,True,2020-10-08,,CONFIRM,RECHECK,RECHECK
002209,candidate,new_401,original_no_candidate,MANUAL,,,NONE,2022-05-31,False,not_comparable,,True,NONE,,MANUAL,MANUAL,MANUAL
002211,candidate,new_401,original_512,CHOOSE,0.8288063406944275,2020-03-23|2020-09-22,2020-09-22,2023-03-20,False,early,-909,True,2020-09-22,,CHOOSE,CHOOSE,CHOOSE
002214,candidate,new_401,original_512,CONFIRM,0.9992798566818237,2020-10-16,2020-10-16,2020-10-16,True,,,True,2020-10-16,,CONFIRM,CONFIRM,CONFIRM
002217,approved,new_401,original_512,MANUAL,0.8928080797195435,2023-05-NONE,2023-05-NONE,2023-05-NONE,True,,,True,2023-05-NONE,,MANUAL,MANUAL,MANUAL
002220,candidate,new_401,rotation_270,RECHECK,0.6151559352874756,2019-09-30,2019-09-30,2019-09-30,True,,,True,2019-09-30,,RECHECK,RECHECK,RECHECK
002221,candidate,existing_300,original_512,CONFIRM,0.972750723361969,2022-06-03,2022-06-03,2022-06-03,True,,,True,2022-06-03,,CONFIRM,CONFIRM,CONFIRM
002227,candidate,new_401,original_no_candidate,MANUAL,,,NONE,2023-03-03,False,not_comparable,,True,NONE,,MANUAL,MANUAL,MANUAL
002233,candidate,existing_300,highres_1024,CONFIRM,0.939220130443573,2023-01-21,2023-01-21,2023-01-21,True,,,True,2023-01-21,,CONFIRM,CONFIRM,RECHECK
002241,candidate,new_401,original_no_candidate,MANUAL,,,NONE,2021-05-26,False,not_comparable,,True,NONE,,MANUAL,MANUAL,MANUAL
002245,candidate,existing_300,clahe,CONFIRM,0.9232757687568665,2021-05-21,2021-05-21,2021-05-21,True,,,True,2021-05-21,,CONFIRM,CONFIRM,RECHECK
002247,candidate,existing_300,original_512,CONFIRM,0.9708052277565002,2021-09-07,2021-09-07,2021-09-07,True,,,True,2020-09-21,,CONFIRM,CONFIRM,CONFIRM
002248,candidate,existing_300,original_512,CONFIRM,0.9967255592346191,2021-09-07,2021-09-07,2021-09-07,True,,,True,2021-09-07,,CONFIRM,CONFIRM,CONFIRM
002251,candidate,existing_300,highres_1024,RECHECK,0.8174782991409302,2021-05-09,2021-05-09,2021-05-09,True,,,True,NONE,,RECHECK,RECHECK,RECHECK
002258,candidate,existing_300,original_512,CONFIRM,0.9787778854370117,2022-01-24,2022-01-24,2022-01-24,True,,,True,2022-01-24,,CONFIRM,CONFIRM,CONFIRM
002260,candidate,new_401,original_512,CONFIRM,0.9820060729980469,2022-12-15,2022-12-15,2022-12-15,True,,,True,2022-12-15,,CONFIRM,CONFIRM,CONFIRM
002265,approved,new_401,original_512,MANUAL,0.974561333656311,NONE-03-05,NONE-03-05,NONE-03-05,True,,,True,NONE,,MANUAL,MANUAL,MANUAL
002272,candidate,new_401,original_512,CONFIRM,0.954072117805481,2021-08-02,2021-08-02,2021-08-02,True,,,True,2021-08-02,,CONFIRM,CONFIRM,CONFIRM
002276,candidate,existing_300,original_512,CHOOSE,0.9877132177352905,2020-12-23|2023-12-22,2023-12-22,2023-12-22,True,,,True,2023-12-22,,CHOOSE,CHOOSE,CHOOSE
002278,approved,existing_300,original_no_candidate,MANUAL,,,NONE,2023-07-NONE,False,not_comparable,,True,NONE,,MANUAL,MANUAL,MANUAL
002281,approved,new_401,original_512,MANUAL,0.9964284896850586,2022-07-NONE,2022-07-NONE,2022-07-NONE,True,,,True,2022-07-NONE,,MANUAL,MANUAL,MANUAL
002284,approved,existing_300,original_512,CHOOSE,0.9775073528289795,2021-01-07|2022-01-06,2022-01-06,2022-01-06,True,,,True,2022-01-06,,CHOOSE,CHOOSE,CHOOSE
002287,candidate,new_401,original_512,CONFIRM,0.9977926015853882,2021-12-31,2021-12-31,2021-12-31,True,,,True,2021-12-31,,CONFIRM,CONFIRM,CONFIRM
002303,candidate,new_401,original_512,CONFIRM,0.9146153926849365,2022-02-03,2022-02-03,2022-02-03,True,,,True,2022-02-03,,CONFIRM,CONFIRM,RECHECK
002306,candidate,existing_300,original_512,CONFIRM,0.9975404143333435,2021-11-23,2021-11-23,2021-11-23,True,,,True,2021-11-23,,CONFIRM,CONFIRM,CONFIRM
002307,candidate,new_401,original_512,CONFIRM,0.9491761922836304,2021-11-15,2021-11-15,2021-11-15,True,,,True,2021-11-15,,CONFIRM,CONFIRM,RECHECK
002310,approved,new_401,original_512,MANUAL,0.9099299907684326,NONE-03-01|NONE-03-13,NONE-03-13,NONE-03-13,True,,,True,NONE,,MANUAL,MANUAL,MANUAL
002324,candidate,new_401,original_512,CONFIRM,0.9610295295715332,2020-09-06,2020-09-06,2020-09-06,True,,,True,2020-09-06,,CONFIRM,CONFIRM,CONFIRM
002326,candidate,new_401,original_512,CONFIRM,0.9833413362503052,2022-10-23,2022-10-23,2022-10-23,True,,,True,2022-10-23,,CONFIRM,CONFIRM,CONFIRM
002327,candidate,existing_300,original_512,CONFIRM,0.9570187926292419,2022-10-23,2022-10-23,2022-10-23,True,,,True,2022-10-23,,CONFIRM,CONFIRM,CONFIRM
002328,candidate,existing_300,original_512,RECHECK,0.8694807887077332,2020-10-21,2020-10-21,2021-10-20,False,early,-364,True,2020-10-21,,CONFIRM,RECHECK,RECHECK
002336,candidate,new_401,original_512,RECHECK,0.8514529466629028,2021-11-18,2021-11-18,2021-11-19,False,early,-1,True,2021-11-18,,CONFIRM,RECHECK,RECHECK
002345,approved,new_401,original_512,MANUAL,0.9130057692527771,NONE-02-12,NONE-02-12,NONE-02-12,True,,,True,NONE,,MANUAL,MANUAL,MANUAL
002356,candidate,new_401,original_512,CONFIRM,0.9979973435401917,2021-02-12,2021-02-12,2021-02-12,True,,,True,2021-02-12,,CONFIRM,CONFIRM,CONFIRM
002358,candidate,new_401,original_512,CONFIRM,0.9979909062385559,2021-10-10,2021-10-10,2021-10-10,True,,,True,2021-10-10,,CONFIRM,CONFIRM,CONFIRM
002364,candidate,existing_300,original_512,CONFIRM,0.9975967407226562,2021-08-04,2021-08-04,2021-08-04,True,,,True,2021-08-04,,CONFIRM,CONFIRM,CONFIRM
002370,candidate,existing_300,original_512,RECHECK,0.8586083054542542,2022-05-12,2022-05-12,2022-05-12,True,,,True,2022-05-12,,CONFIRM,RECHECK,RECHECK
002376,candidate,existing_300,original_512,CONFIRM,0.995861828327179,2019-10-28,2019-10-28,2019-10-28,True,,,True,2019-10-28,,CONFIRM,CONFIRM,CONFIRM
002382,candidate,new_401,original_512,CONFIRM,0.9671523571014404,2021-08-17,2021-08-17,2021-08-17,True,,,True,2021-08-17,,CONFIRM,CONFIRM,CONFIRM
002386,candidate,new_401,original_512,CHOOSE,0.9490879774093628,2019-03-19|2019-08-18,2019-08-18,2019-08-18,True,,,True,2019-08-18,,CHOOSE,CHOOSE,CHOOSE
002387,candidate,existing_300,original_512,CONFIRM,0.9935216903686523,2021-01-14,2021-01-14,2021-01-14,True,,,True,2021-01-14,,CONFIRM,CONFIRM,CONFIRM
002404,candidate,existing_300,original_no_candidate,MANUAL,,,NONE,2020-11-11,False,not_comparable,,True,NONE,,MANUAL,MANUAL,MANUAL
002405,candidate,existing_300,original_512,CONFIRM,0.9988587498664856,2021-11-01,2021-11-01,2021-11-01,True,,,True,2021-11-01,,CONFIRM,CONFIRM,CONFIRM
002408,candidate,new_401,highres_1024,RECHECK,0.8840471506118774,2022-10-29,2022-10-29,2022-10-29,True,,,True,2022-10-29,,CONFIRM,RECHECK,RECHECK
002410,approved,new_401,original_512,MANUAL,0.9988180994987488,2022-04-NONE,2022-04-NONE,2022-04-NONE,True,,,True,2022-04-NONE,,MANUAL,MANUAL,MANUAL
002416,candidate,new_401,original_512,CONFIRM,0.9961925745010376,2021-12-25,2021-12-25,2021-12-25,True,,,True,2021-12-25,,CONFIRM,CONFIRM,CONFIRM
002418,candidate,new_401,original_512,CONFIRM,0.9705013036727905,2023-05-10,2023-05-10,2023-05-10,True,,,True,2023-05-10,,CONFIRM,CONFIRM,CONFIRM
002421,candidate,new_401,original_512,CONFIRM,0.940494179725647,2020-10-23,2020-10-23,2020-10-23,True,,,True,NONE,,CONFIRM,CONFIRM,RECHECK
002424,candidate,existing_300,rotation_270,RECHECK,0.8515291213989258,2022-06-09,2022-06-09,2022-06-09,True,,,True,2022-06-09,,CONFIRM,RECHECK,RECHECK
002427,candidate,new_401,original_512,CONFIRM,0.9609768390655518,2021-01-18,2021-01-18,2021-01-18,True,,,True,2021-01-18,,CONFIRM,CONFIRM,CONFIRM
002428,candidate,existing_300,original_512,CONFIRM,0.9942185878753662,2020-12-23,2020-12-23,2020-12-23,True,,,True,2020-12-23,,CONFIRM,CONFIRM,CONFIRM
002436,candidate,existing_300,clahe,RECHECK,0.6470054388046265,2021-05-03,2021-05-03,2021-06-03,False,early,-31,True,2021-05-03,,RECHECK,RECHECK,RECHECK
002437,candidate,new_401,original_512,CONFIRM,0.9996062517166138,2020-09-13,2020-09-13,2020-09-13,True,,,True,2020-09-13,,CONFIRM,CONFIRM,CONFIRM
002443,candidate,existing_300,original_512,CONFIRM,0.9911355376243591,2021-11-11,2021-11-11,2021-11-11,True,,,True,2021-11-11,,CONFIRM,CONFIRM,CONFIRM
002448,approved,new_401,original_512,CONFIRM,0.9901180267333984,2021-02-04,2021-02-04,2021-02-04,True,,,True,2021-02-04,,CONFIRM,CONFIRM,CONFIRM
002455,approved,new_401,original_512,MANUAL,0.9987746477127075,2023-02-NONE,2023-02-NONE,2023-02-NONE,True,,,True,2023-02-NONE,,MANUAL,MANUAL,MANUAL
002458,approved,new_401,original_512,MANUAL,0.9186421036720276,2022-04-NONE,2022-04-NONE,2022-04-NONE,True,,,True,2022-04-NONE,,MANUAL,MANUAL,MANUAL
002459,candidate,new_401,highres_1024,CONFIRM,0.9994842410087585,2021-11-30,2021-11-30,2021-11-30,True,,,True,2021-11-30,,CONFIRM,CONFIRM,CONFIRM
002464,approved,new_401,original_512,MANUAL,0.9086761474609375,2022-05-NONE,2022-05-NONE,2022-05-NONE,True,,,True,2022-05-NONE,,MANUAL,MANUAL,MANUAL
002466,candidate,existing_300,original_512,CONFIRM,0.9697474241256714,2022-01-20,2022-01-20,2022-01-20,True,,,True,2022-01-20,,CONFIRM,CONFIRM,CONFIRM
002469,candidate,new_401,original_512,CONFIRM,0.9632148742675781,2023-06-22,2023-06-22,2023-06-22,True,,,True,2023-06-22,,CONFIRM,CONFIRM,CONFIRM
002472,candidate,new_401,original_512,CHOOSE,0.9929323792457581,2021-03-12|2021-03-18,2021-03-18,2021-03-18,True,,,True,2021-03-18,,CHOOSE,CHOOSE,CHOOSE
002480,approved,existing_300,original_512,MANUAL,0.9985567331314087,2022-07-NONE,2022-07-NONE,2022-07-NONE,True,,,True,2022-07-NONE,,MANUAL,MANUAL,MANUAL
002483,candidate,new_401,original_512,CONFIRM,0.9340285062789917,2021-05-05,2021-05-05,2021-05-05,True,,,True,2021-05-05,,CONFIRM,CONFIRM,RECHECK
002492,candidate,existing_300,original_no_candidate,MANUAL,,,NONE,2022-08-09,False,not_comparable,,True,NONE,,MANUAL,MANUAL,MANUAL
002498,candidate,new_401,original_512,CONFIRM,0.9991680979728699,2021-05-07,2021-05-07,2021-05-07,True,,,True,2021-05-07,,CONFIRM,CONFIRM,CONFIRM
002504,candidate,existing_300,original_512,CONFIRM,0.9720364809036255,2022-01-06,2022-01-06,2022-01-06,True,,,True,2022-01-06,,CONFIRM,CONFIRM,CONFIRM
002508,candidate,new_401,original_512,CONFIRM,0.981389582157135,2021-11-09,2021-11-09,2021-11-09,True,,,True,2021-11-09,,CONFIRM,CONFIRM,CONFIRM
002510,candidate,existing_300,original_512,CONFIRM,0.9705989956855774,2022-03-09,2022-03-09,2022-03-09,True,,,True,2022-03-09,,CONFIRM,CONFIRM,CONFIRM
002515,candidate,new_401,original_512,CONFIRM,0.9659985899925232,2022-02-16,2022-02-16,2022-02-16,True,,,True,2022-02-16,,CONFIRM,CONFIRM,CONFIRM
002517,candidate,new_401,original_512,CONFIRM,0.9977420568466187,2022-07-20,2022-07-20,2022-07-20,True,,,True,2022-07-20,,CONFIRM,CONFIRM,CONFIRM
002519,candidate,new_401,original_512,CONFIRM,0.9987137913703918,2023-01-25,2023-01-25,2023-01-25,True,,,True,2023-01-25,,CONFIRM,CONFIRM,CONFIRM
002521,approved,existing_300,original_512,CONFIRM,0.997260570526123,2023-10-02,2023-10-02,2023-10-02,True,,,True,2023-10-02,,CONFIRM,CONFIRM,CONFIRM
002522,candidate,existing_300,original_512,CONFIRM,0.9957177042961121,2022-09-14,2022-09-14,2022-09-14,True,,,True,2022-09-14,,CONFIRM,CONFIRM,CONFIRM
002523,candidate,new_401,original_512,CONFIRM,0.9959408640861511,2022-09-14,2022-09-14,2022-09-14,True,,,True,2022-09-14,,CONFIRM,CONFIRM,CONFIRM
002524,candidate,new_401,original_512,CONFIRM,0.9993007779121399,2023-01-25,2023-01-25,2023-01-15,False,late,10,True,2023-01-25,,CONFIRM,CONFIRM,CONFIRM
002525,candidate,new_401,original_512,CONFIRM,0.9981368780136108,2023-01-25,2023-01-25,2023-01-25,True,,,True,2023-01-25,,CONFIRM,CONFIRM,CONFIRM
002527,candidate,new_401,original_512,CONFIRM,0.9832228422164917,2023-02-15,2023-02-15,2023-02-15,True,,,True,2023-02-15,,CONFIRM,CONFIRM,CONFIRM
002529,candidate,existing_300,original_512,CONFIRM,0.9955103993415833,2021-10-19,2021-10-19,2021-10-19,True,,,True,2021-10-19,,CONFIRM,CONFIRM,CONFIRM
002536,candidate,new_401,original_512,CONFIRM,0.9702327251434326,2021-09-22,2021-09-22,2021-09-22,True,,,True,2021-09-22,,CONFIRM,CONFIRM,CONFIRM
002538,candidate,new_401,original_512,CONFIRM,0.9857422113418579,2021-08-05,2021-08-05,2021-08-05,True,,,True,2021-08-05,,CONFIRM,CONFIRM,CONFIRM
002541,candidate,new_401,original_512,CONFIRM,0.9535720944404602,2021-12-19,2021-12-19,2021-12-19,True,,,True,2021-12-19,,CONFIRM,CONFIRM,CONFIRM
002543,candidate,new_401,rotation_270,CONFIRM,0.9594225883483887,2021-10-17,2021-10-17,2021-10-17,True,,,True,2021-10-17,,CONFIRM,CONFIRM,CONFIRM
002552,candidate,new_401,original_512,CONFIRM,0.9814709424972534,2021-01-22,2021-01-22,2022-01-22,False,early,-365,True,2021-01-22,,CONFIRM,CONFIRM,CONFIRM
002570,candidate,new_401,original_512,CHOOSE,0.9980502724647522,2021-01-08|2021-05-07,2021-05-07,2021-05-07,True,,,True,2021-05-07,,CHOOSE,CHOOSE,CHOOSE
002572,candidate,new_401,original_512,CONFIRM,0.9939602613449097,2021-12-29,2021-12-29,2021-12-29,True,,,True,2021-12-29,,CONFIRM,CONFIRM,CONFIRM
002578,candidate,new_401,original_512,CONFIRM,0.9676157832145691,2024-01-14,2024-01-14,2024-01-14,True,,,True,2024-01-14,,CONFIRM,CONFIRM,CONFIRM
002581,candidate,new_401,original_512,CONFIRM,0.9867984056472778,2021-11-17,2021-11-17,2021-11-17,True,,,True,2021-11-17,,CONFIRM,CONFIRM,CONFIRM
002584,candidate,new_401,original_512,CONFIRM,0.9983789324760437,2023-11-04,2023-11-04,2023-11-04,True,,,True,2023-11-04,,CONFIRM,CONFIRM,CONFIRM
002586,approved,existing_300,original_512,MANUAL,0.9831138849258423,2022-12-NONE,2022-12-NONE,2022-12-NONE,True,,,True,NONE,,MANUAL,MANUAL,MANUAL
002588,candidate,new_401,original_512,MANUAL,0.9183164238929749,2020-10-NONE|2023-10-NONE,2020-10-NONE,2023-10-15,False,not_comparable,,True,2020-10-NONE,,MANUAL,MANUAL,MANUAL
002589,candidate,new_401,original_512,MANUAL,0.9233654141426086,2020-10-NONE|2023-10-NONE,2020-10-NONE,2023-10-15,False,not_comparable,,True,2020-10-NONE,,MANUAL,MANUAL,MANUAL
002597,candidate,new_401,original_512,CONFIRM,0.9916177988052368,2022-10-22,2022-10-22,2022-10-22,True,,,True,2022-10-22,,CONFIRM,CONFIRM,CONFIRM
002604,candidate,new_401,original_512,CHOOSE,0.966840922832489,2017-11-23|2022-03-22,2022-03-22,2023-11-17,False,early,-605,True,2022-03-22,,CHOOSE,CHOOSE,CHOOSE
002609,candidate,new_401,original_512,CONFIRM,0.9873892068862915,2022-01-17,2022-01-17,2022-01-17,True,,,True,2022-01-17,,CONFIRM,CONFIRM,CONFIRM
002610,candidate,new_401,original_512,CHOOSE,0.9165356755256653,2020-11-13|2021-07-11,2021-07-11,2021-07-11,True,,,True,2021-07-11,,CHOOSE,CHOOSE,CHOOSE
002611,candidate,existing_300,original_512,CONFIRM,0.9842497110366821,2021-12-01,2021-12-01,2021-12-01,True,,,True,2021-12-01,,CONFIRM,CONFIRM,CONFIRM
002613,approved,new_401,original_512,MANUAL,0.9933672547340393,2023-04-NONE,2023-04-NONE,2023-04-NONE,True,,,True,2023-04-NONE,,MANUAL,MANUAL,MANUAL
002615,candidate,existing_300,original_512,CONFIRM,0.9934136271476746,2022-12-21,2022-12-21,2022-12-21,True,,,True,2022-12-21,,CONFIRM,CONFIRM,CONFIRM
002620,candidate,existing_300,original_512,CONFIRM,0.992089569568634,2022-03-31,2022-03-31,2022-03-31,True,,,True,2022-03-31,,CONFIRM,CONFIRM,CONFIRM
002622,candidate,existing_300,original_512,CONFIRM,0.9533254504203796,2023-12-21,2023-12-21,2023-12-21,True,,,True,2023-12-21,,CONFIRM,CONFIRM,CONFIRM
002626,candidate,new_401,original_512,CONFIRM,0.9716235399246216,2021-06-22,2021-06-22,2021-06-22,True,,,True,2021-06-22,,CONFIRM,CONFIRM,CONFIRM
002628,candidate,existing_300,original_512,CONFIRM,0.9735457301139832,2021-12-08,2021-12-08,2021-12-08,True,,,True,2021-12-08,,CONFIRM,CONFIRM,CONFIRM
002634,candidate,existing_300,original_512,CONFIRM,0.9980718493461609,2022-02-03,2022-02-03,2022-02-03,True,,,True,2022-02-03,,CONFIRM,CONFIRM,CONFIRM
002639,candidate,new_401,original_512,CONFIRM,0.9982824325561523,2021-12-04,2021-12-04,2021-12-04,True,,,True,2021-12-04,,CONFIRM,CONFIRM,CONFIRM
002640,candidate,new_401,original_512,CONFIRM,0.9829583168029785,2021-12-04,2021-12-04,2021-12-04,True,,,True,2021-12-04,,CONFIRM,CONFIRM,CONFIRM
002642,candidate,existing_300,original_512,CONFIRM,0.9307082891464233,2021-10-31,2021-10-31,2021-10-31,True,,,True,2021-10-31,,CONFIRM,CONFIRM,RECHECK
002649,candidate,new_401,original_512,CONFIRM,0.9011916518211365,2021-07-01,2021-07-01,2021-07-01,True,,,True,2021-07-NONE,,CONFIRM,CONFIRM,RECHECK
002651,candidate,existing_300,original_512,CONFIRM,0.9990564584732056,2021-08-18,2021-08-18,2021-08-18,True,,,True,2021-08-18,,CONFIRM,CONFIRM,CONFIRM
002657,approved,new_401,original_512,CONFIRM,0.9987567067146301,2021-07-01,2021-07-01,2021-07-01,True,,,True,2021-07-01,,CONFIRM,CONFIRM,CONFIRM
002659,candidate,existing_300,original_512,CONFIRM,0.9977806210517883,2022-06-11,2022-06-11,2022-06-11,True,,,True,2022-06-11,,CONFIRM,CONFIRM,CONFIRM
002664,candidate,new_401,original_512,CHOOSE,0.9658645391464233,2020-08-18|2021-08-18,2021-08-18,2021-08-18,True,,,True,2021-08-18,,CHOOSE,CHOOSE,CHOOSE
002665,candidate,new_401,original_512,CONFIRM,0.9559754729270935,2021-03-26,2021-03-26,2021-03-26,True,,,True,2021-03-26,,CONFIRM,CONFIRM,CONFIRM
002674,candidate,existing_300,original_512,CONFIRM,0.9922611117362976,2021-04-25,2021-04-25,2021-04-25,True,,,True,2021-04-25,,CONFIRM,CONFIRM,CONFIRM
002678,candidate,new_401,original_512,CONFIRM,0.9886547327041626,2021-08-04,2021-08-04,2021-08-04,True,,,True,2021-08-04,,CONFIRM,CONFIRM,CONFIRM
002683,candidate,new_401,original_512,CHOOSE,0.910931408405304,2019-01-01|2021-12-03,2021-12-03,2021-12-03,True,,,True,2021-12-03,,CHOOSE,CHOOSE,CHOOSE
002691,candidate,existing_300,original_512,CONFIRM,0.9751819372177124,2021-03-10,2021-03-10,2021-03-10,True,,,True,2021-03-10,,CONFIRM,CONFIRM,CONFIRM
002704,candidate,new_401,original_no_candidate,MANUAL,,,NONE,2022-10-29,False,not_comparable,,True,NONE,,MANUAL,MANUAL,MANUAL
002706,candidate,new_401,original_512,CONFIRM,0.9829860925674438,2021-12-07,2021-12-07,2021-12-07,True,,,True,2021-12-07,,CONFIRM,CONFIRM,CONFIRM
002714,candidate,existing_300,original_512,CONFIRM,0.9087567329406738,2021-10-22,2021-10-22,2021-10-22,True,,,True,2021-10-22,,CONFIRM,CONFIRM,RECHECK
002716,candidate,new_401,original_512,CONFIRM,0.9981538653373718,2021-12-15,2021-12-15,2021-12-15,True,,,True,2021-12-15,,CONFIRM,CONFIRM,CONFIRM
002726,candidate,existing_300,rotation_270,CONFIRM,0.9985642433166504,2017-03-22,2017-03-22,2022-03-17,False,early,-1821,True,2017-03-22,,CONFIRM,CONFIRM,CONFIRM
002728,candidate,existing_300,original_512,CONFIRM,0.9486514925956726,2021-11-04,2021-11-04,2021-11-04,True,,,True,2021-11-04,,CONFIRM,CONFIRM,RECHECK
002731,candidate,new_401,original_512,RECHECK,0.8574572801589966,2021-04-18,2021-04-18,2021-04-18,True,,,True,NONE,,CONFIRM,RECHECK,RECHECK
002734,candidate,new_401,original_512,CONFIRM,0.9273629188537598,2022-02-04,2022-02-04,2022-02-04,True,,,True,2022-02-04,,CONFIRM,CONFIRM,RECHECK
002738,candidate,new_401,original_512,CONFIRM,0.9274783134460449,2021-06-05,2021-06-05,2021-06-05,True,,,True,2021-06-05,,CONFIRM,CONFIRM,RECHECK
002740,candidate,existing_300,original_512,CONFIRM,0.9202571511268616,2021-12-18,2021-12-18,2021-12-18,True,,,True,2021-12-18,,CONFIRM,CONFIRM,RECHECK
002742,candidate,new_401,original_512,CONFIRM,0.9772260189056396,2021-08-13,2021-08-13,2021-08-13,True,,,True,2021-08-13,,CONFIRM,CONFIRM,CONFIRM
002744,candidate,new_401,original_512,CHOOSE,0.9958804249763489,2020-01-10|2021-01-10,2021-01-10,2021-01-10,True,,,True,2021-01-10,,CHOOSE,CHOOSE,CHOOSE
002745,candidate,new_401,original_512,CONFIRM,0.9528170228004456,2024-04-06,2024-04-06,2024-04-06,True,,,True,2024-04-06,,CONFIRM,CONFIRM,CONFIRM
002746,candidate,new_401,original_512,CONFIRM,0.9979248046875,2022-01-08,2022-01-08,2022-01-08,True,,,True,2022-01-08,,CONFIRM,CONFIRM,CONFIRM
002747,candidate,existing_300,original_512,CONFIRM,0.9878656268119812,2022-01-08,2022-01-08,2022-01-08,True,,,True,2022-01-08,,CONFIRM,CONFIRM,CONFIRM
002749,approved,new_401,original_512,MANUAL,0.9237756729125977,2020-12-NONE,2020-12-NONE,2020-12-NONE,True,,,True,2020-12-NONE,,MANUAL,MANUAL,MANUAL
002752,approved,existing_300,original_512,MANUAL,0.9778805375099182,2022-01-NONE,2022-01-NONE,2022-01-NONE,True,,,True,2022-01-NONE,,MANUAL,MANUAL,MANUAL
002765,candidate,existing_300,highres_1024,CONFIRM,0.9939746856689453,2021-03-16,2021-03-16,2021-03-16,True,,,True,2021-03-16,,CONFIRM,CONFIRM,CONFIRM
002766,candidate,new_401,original_no_candidate,MANUAL,,,NONE,2021-03-16,False,not_comparable,,True,NONE,,MANUAL,MANUAL,MANUAL
002767,candidate,existing_300,original_512,CONFIRM,0.9269554018974304,2021-12-01,2021-12-01,2021-12-01,True,,,True,2021-12-01,,CONFIRM,CONFIRM,RECHECK
002773,approved,new_401,original_512,MANUAL,0.9200760126113892,2024-05-NONE,2024-05-NONE,2024-05-NONE,True,,,True,2024-05-NONE,,MANUAL,MANUAL,MANUAL
002790,candidate,existing_300,original_512,CONFIRM,0.9966087341308594,2021-12-06,2021-12-06,2021-12-06,True,,,True,2021-12-06,,CONFIRM,CONFIRM,CONFIRM
002802,candidate,existing_300,original_512,CONFIRM,0.9946176409721375,2021-09-29,2021-09-29,2021-09-29,True,,,True,2021-09-29,,CONFIRM,CONFIRM,CONFIRM
002814,candidate,existing_300,original_no_candidate,MANUAL,,,NONE,2021-04-02,False,not_comparable,,True,NONE,,MANUAL,MANUAL,MANUAL
002823,candidate,existing_300,original_512,CONFIRM,0.9959648847579956,2021-10-07,2021-10-07,2021-10-07,True,,,True,2021-10-07,,CONFIRM,CONFIRM,CONFIRM
002829,candidate,new_401,original_512,CONFIRM,0.9896751642227173,2022-01-02,2022-01-02,2022-02-01,False,early,-30,True,2022-01-02,,CONFIRM,CONFIRM,CONFIRM
002831,candidate,existing_300,highres_1024,CONFIRM,0.9395433664321899,2022-05-21,2022-05-21,2022-05-21,True,,,True,2022-05-21,,CONFIRM,CONFIRM,RECHECK
002835,candidate,existing_300,original_512,RECHECK,0.883941650390625,2021-06-30,2021-06-30,2021-06-30,True,,,True,2021-06-NONE,,CONFIRM,RECHECK,RECHECK
002846,candidate,existing_300,original_512,CONFIRM,0.9825625419616699,2020-03-09,2020-03-09,2020-03-09,True,,,True,2020-03-09,,CONFIRM,CONFIRM,CONFIRM
002847,candidate,existing_300,original_512,CONFIRM,0.949547290802002,2021-12-30,2021-12-30,2021-12-30,True,,,True,2021-12-NONE,,CONFIRM,CONFIRM,RECHECK
002857,candidate,existing_300,original_512,CONFIRM,0.915870726108551,2023-06-02,2023-06-02,2023-06-02,True,,,True,2023-06-02,,CONFIRM,CONFIRM,RECHECK
002859,candidate,existing_300,original_512,RECHECK,0.892155110836029,2022-06-15,2022-06-15,2022-06-15,True,,,True,2022-06-15,,CONFIRM,RECHECK,RECHECK
002860,candidate,existing_300,original_512,CONFIRM,0.9892575740814209,2022-06-15,2022-06-15,2022-06-15,True,,,True,2022-06-15,,CONFIRM,CONFIRM,CONFIRM
002870,candidate,existing_300,original_512,CONFIRM,0.9136822819709778,2021-02-25,2021-02-25,2021-02-25,True,,,True,2021-02-25,,CONFIRM,CONFIRM,RECHECK
002877,candidate,existing_300,original_512,CONFIRM,0.9713111519813538,2022-12-04,2022-12-04,2022-12-04,True,,,True,2022-12-04,,CONFIRM,CONFIRM,CONFIRM
002883,candidate,new_401,original_512,RECHECK,0.8472450971603394,2023-12-08,2023-12-08,2023-12-08,True,,,True,2023-12-08,,RECHECK,RECHECK,RECHECK
002887,candidate,new_401,original_512,CONFIRM,0.9934043884277344,2022-01-04,2022-01-04,2022-01-04,True,,,True,2022-01-04,,CONFIRM,CONFIRM,CONFIRM
002892,candidate,existing_300,original_512,CONFIRM,0.9239836931228638,2021-03-31,2021-03-31,2021-03-31,True,,,True,2021-03-31,,CONFIRM,CONFIRM,RECHECK
002899,candidate,existing_300,clahe,CONFIRM,0.9515138268470764,2021-11-09,2021-11-09,2021-11-09,True,,,True,2021-11-NONE,,CONFIRM,CONFIRM,CONFIRM
002900,candidate,existing_300,original_512,CONFIRM,0.9297480583190918,2022-08-03,2022-08-03,2022-08-03,True,,,True,2022-08-03,,CONFIRM,CONFIRM,RECHECK
002917,approved,existing_300,original_512,CONFIRM,0.9860468506813049,2030-04-21,2030-04-21,2021-04-30,False,late,3278,True,2030-04-21,,CONFIRM,CONFIRM,CONFIRM
002927,approved,existing_300,rotation_270,MANUAL,0.7988030910491943,NONE-04-08,NONE-04-08,NONE-04-08,True,,,True,NONE,,MANUAL,MANUAL,MANUAL
002928,approved,new_401,original_no_candidate,MANUAL,,,NONE,NONE-04-08,False,not_comparable,,True,NONE,,MANUAL,MANUAL,MANUAL
002944,candidate,existing_300,original_512,CONFIRM,0.9971137046813965,2020-06-23,2020-06-23,2020-06-23,True,,,True,2020-06-23,,CONFIRM,CONFIRM,CONFIRM
002956,candidate,new_401,original_512,CONFIRM,0.9270238876342773,2021-01-02,2021-01-02,2021-01-02,True,,,True,2021-01-02,,CONFIRM,CONFIRM,RECHECK
002963,candidate,existing_300,original_512,RECHECK,0.8924155235290527,2020-11-06,2020-11-06,2020-11-06,True,,,True,2020-11-06,,CONFIRM,RECHECK,RECHECK
002981,candidate,existing_300,original_512,CONFIRM,0.9951369166374207,2021-12-17,2021-12-17,2021-12-17,True,,,True,2021-12-17,,CONFIRM,CONFIRM,CONFIRM
002990,candidate,existing_300,rotation_270,CONFIRM,0.9630338549613953,2021-03-20,2021-03-20,2021-03-20,True,,,True,2021-03-20,,CONFIRM,CONFIRM,CONFIRM
002994,candidate,existing_300,original_512,CONFIRM,0.9406518936157227,2022-07-13,2022-07-13,2022-07-13,True,,,True,2022-07-13,,CONFIRM,CONFIRM,RECHECK
002999,candidate,new_401,original_512,CONFIRM,0.9771775007247925,2021-10-07,2021-10-07,2021-10-07,True,,,True,2021-10-07,,CONFIRM,CONFIRM,CONFIRM
003004,approved,existing_300,original_512,MANUAL,0.9988899827003479,2023-05-NONE,2023-05-NONE,2023-05-NONE,True,,,True,2023-05-NONE,,MANUAL,MANUAL,MANUAL
003006,candidate,existing_300,original_512,CONFIRM,0.9977773427963257,2022-05-26,2022-05-26,2022-05-26,True,,,True,2022-05-26,,CONFIRM,CONFIRM,CONFIRM
003010,candidate,existing_300,original_512,CONFIRM,0.9444068670272827,2021-12-11,2021-12-11,2021-12-11,True,,,True,2021-12-11,,CONFIRM,CONFIRM,RECHECK
003011,candidate,new_401,original_no_candidate,MANUAL,,,NONE,2021-12-11,False,not_comparable,,True,NONE,,MANUAL,MANUAL,MANUAL
003014,candidate,existing_300,original_no_candidate,MANUAL,,,NONE,2021-06-12,False,not_comparable,,True,NONE,,MANUAL,MANUAL,MANUAL
003016,candidate,new_401,original_512,MANUAL,0.964270830154419,2022-07-NONE,2022-07-NONE,2022-07-01,False,not_comparable,,True,NONE,,MANUAL,MANUAL,MANUAL
003017,candidate,existing_300,original_512,CONFIRM,0.9988592863082886,2022-02-23,2022-02-23,2022-02-23,True,,,True,2022-02-23,,CONFIRM,CONFIRM,CONFIRM
003019,candidate,new_401,original_512,CONFIRM,0.9323355555534363,2021-11-13,2021-11-13,2021-11-13,True,,,True,2021-11-13,,CONFIRM,CONFIRM,RECHECK
003020,candidate,existing_300,original_512,CONFIRM,0.9971088171005249,2021-03-23,2021-03-23,2021-03-23,True,,,True,2021-03-23,,CONFIRM,CONFIRM,CONFIRM
003043,candidate,existing_300,original_512,CONFIRM,0.9427245259284973,2020-07-13,2020-07-13,2020-07-13,True,,,True,2020-07-13,,CONFIRM,CONFIRM,RECHECK
003060,candidate,new_401,original_512,CONFIRM,0.9338383674621582,2021-10-04,2021-10-04,2021-10-04,True,,,True,2021-10-04,,CONFIRM,CONFIRM,RECHECK
003070,candidate,new_401,original_512,CHOOSE,0.9667834639549255,2020-02-10|2020-08-09,2020-08-09,2020-08-09,True,,,True,2020-08-09,,CHOOSE,CHOOSE,CHOOSE
003078,candidate,existing_300,original_512,CONFIRM,0.9985893368721008,2021-12-13,2021-12-13,2021-12-13,True,,,True,2021-12-13,,CONFIRM,CONFIRM,CONFIRM
003087,candidate,existing_300,original_512,CONFIRM,0.9819338321685791,2021-06-30,2021-06-30,2021-06-30,True,,,True,2021-06-30,,CONFIRM,CONFIRM,CONFIRM
003090,candidate,existing_300,original_512,CONFIRM,0.9989625215530396,2021-09-15,2021-09-15,2021-09-15,True,,,True,2021-09-15,,CONFIRM,CONFIRM,CONFIRM
003103,candidate,new_401,original_512,CONFIRM,0.9779799580574036,2022-03-29,2022-03-29,2022-03-29,True,,,True,2022-03-29,,CONFIRM,CONFIRM,CONFIRM
003110,candidate,new_401,original_512,CONFIRM,0.9859449863433838,2021-06-09,2021-06-09,2021-06-09,True,,,True,2021-06-09,,CONFIRM,CONFIRM,CONFIRM
003115,candidate,new_401,original_512,CHOOSE,0.928196370601654,2020-09-25|2021-09-25,2021-09-25,2021-09-25,True,,,True,2021-09-25,,CHOOSE,CHOOSE,CHOOSE
003125,candidate,new_401,original_512,CONFIRM,0.9494282603263855,2021-03-07,2021-03-07,2021-03-07,True,,,True,2021-03-07,,CONFIRM,CONFIRM,RECHECK
003127,candidate,new_401,original_512,CONFIRM,0.994864821434021,2021-02-16,2021-02-16,2021-02-16,True,,,True,2021-02-16,,CONFIRM,CONFIRM,CONFIRM
003129,candidate,existing_300,original_512,CONFIRM,0.9962024688720703,2022-08-25,2022-08-25,2022-08-25,True,,,True,2022-08-25,,CONFIRM,CONFIRM,CONFIRM
003131,candidate,new_401,original_512,CONFIRM,0.9978067278862,2022-03-30,2022-03-30,2022-03-30,True,,,True,2022-03-30,,CONFIRM,CONFIRM,CONFIRM
003132,candidate,existing_300,original_512,CONFIRM,0.9977993965148926,2021-05-22,2021-05-22,2021-05-22,True,,,True,2021-05-22,,CONFIRM,CONFIRM,CONFIRM
003136,candidate,existing_300,original_512,CONFIRM,0.9325278997421265,2022-11-09,2022-11-09,2022-11-09,True,,,True,2022-11-09,,CONFIRM,CONFIRM,RECHECK
003138,candidate,new_401,original_512,CONFIRM,0.9978890419006348,2022-01-09,2022-01-09,2022-01-09,True,,,True,2022-01-09,,CONFIRM,CONFIRM,CONFIRM
003142,candidate,new_401,original_512,CHOOSE,0.9950444102287292,2020-12-12|2021-12-11,2021-12-11,2021-12-11,True,,,True,2021-12-11,,CHOOSE,CHOOSE,CHOOSE
003147,candidate,new_401,original_512,CONFIRM,0.9553447961807251,2021-04-22,2021-04-22,2021-04-22,True,,,True,2021-04-22,,CONFIRM,CONFIRM,CONFIRM
003148,candidate,existing_300,original_512,CONFIRM,0.9988670349121094,2022-01-14,2022-01-14,2022-01-14,True,,,True,2022-01-14,,CONFIRM,CONFIRM,CONFIRM
003158,candidate,existing_300,original_512,CONFIRM,0.9994792938232422,2021-04-25,2021-04-25,2021-04-25,True,,,True,2021-04-25,,CONFIRM,CONFIRM,CONFIRM
003171,candidate,new_401,original_512,RECHECK,0.8854288458824158,2021-11-11,2021-11-11,2021-11-11,True,,,True,2021-11-11,,CONFIRM,RECHECK,RECHECK
003174,candidate,new_401,original_512,CHOOSE,0.9607177376747131,2020-08-13|2022-08-13,2022-08-13,2022-08-13,True,,,True,2022-08-13,,CHOOSE,CHOOSE,CHOOSE
003185,candidate,existing_300,highres_1024,RECHECK,0.892099142074585,2021-06-28,2021-06-28,2021-06-28,True,,,True,2021-06-28,,CONFIRM,RECHECK,RECHECK
003186,candidate,new_401,original_512,CHOOSE,0.9967156052589417,2020-10-22|2021-10-21,2021-10-21,2021-10-21,True,,,True,2021-10-21,,CHOOSE,CHOOSE,CHOOSE
003192,candidate,new_401,original_512,CHOOSE,0.9759985208511353,2020-11-20|2021-11-19,2021-11-19,2021-11-19,True,,,True,2021-11-19,,CHOOSE,CHOOSE,CHOOSE
003194,candidate,new_401,original_512,CONFIRM,0.9638981819152832,2021-07-13,2021-07-13,2021-07-13,True,,,True,2021-07-13,,CONFIRM,CONFIRM,CONFIRM
003201,candidate,existing_300,original_512,CONFIRM,0.9919344186782837,2022-09-21,2022-09-21,2022-09-21,True,,,True,2022-09-21,,CONFIRM,CONFIRM,CONFIRM
003203,approved,new_401,clahe,MANUAL,0.9382085800170898,2021-10-NONE,2021-10-NONE,2021-10-NONE,True,,,True,NONE,,MANUAL,MANUAL,MANUAL
003206,candidate,existing_300,original_512,CONFIRM,0.9599467515945435,2021-04-13,2021-04-13,2021-04-13,True,,,True,2021-04-13,,CONFIRM,CONFIRM,CONFIRM
003218,candidate,existing_300,original_512,CONFIRM,0.998757541179657,2021-03-16,2021-03-16,2021-06-16,False,early,-92,True,2021-03-16,,CONFIRM,CONFIRM,CONFIRM
003222,candidate,existing_300,original_512,CONFIRM,0.9985723495483398,2022-06-14,2022-06-14,2022-06-14,True,,,True,2022-06-14,,CONFIRM,CONFIRM,CONFIRM
003223,approved,new_401,original_512,CONFIRM,0.9779475927352905,2022-06-14,2022-06-14,2022-06-14,True,,,True,2022-06-14,,CONFIRM,CONFIRM,CONFIRM
003224,candidate,new_401,original_512,CHOOSE,0.9689064025878906,2020-08-22|2021-08-21,2021-08-21,2021-08-21,True,,,True,2021-08-21,,CHOOSE,CHOOSE,CHOOSE
003228,candidate,existing_300,original_512,RECHECK,0.8983904123306274,2022-04-26,2022-04-26,2022-04-26,True,,,True,2022-04-26,,CONFIRM,RECHECK,RECHECK
003238,candidate,existing_300,original_512,CHOOSE,0.9845706820487976,2020-12-10|2021-10-16,2021-10-16,2021-10-16,True,,,True,2021-10-16,,CHOOSE,CHOOSE,CHOOSE
003239,candidate,new_401,original_512,CHOOSE,0.9827060699462891,2020-11-04|2021-11-06,2021-11-06,2021-11-06,True,,,True,2021-11-06,,CHOOSE,CHOOSE,CHOOSE
003245,candidate,new_401,original_512,CHOOSE,0.7863038182258606,2020-09-20|2021-09-20,2021-09-20,2021-09-20,True,,,True,2021-09-20,,CHOOSE,CHOOSE,CHOOSE
003277,approved,existing_300,highres_1024,MANUAL,0.9067320823669434,NONE-04-05,NONE-04-05,NONE-04-05,True,,,True,NONE,,MANUAL,MANUAL,MANUAL
003280,candidate,existing_300,original_512,CONFIRM,0.9988528490066528,2023-07-31,2023-07-31,2023-07-31,True,,,True,2023-07-31,,CONFIRM,CONFIRM,CONFIRM
003290,candidate,existing_300,original_512,CONFIRM,0.998626708984375,2022-12-22,2022-12-22,2022-12-22,True,,,True,2022-12-22,,CONFIRM,CONFIRM,CONFIRM
003310,candidate,existing_300,original_512,CONFIRM,0.9869042634963989,2020-08-29,2020-08-29,2020-08-29,True,,,True,2020-08-29,,CONFIRM,CONFIRM,CONFIRM
003311,candidate,existing_300,original_512,MANUAL,0.903810441493988,2019-03-NONE|2021-03-NONE,2019-03-NONE,2021-03-11,False,not_comparable,,True,2019-03-NONE,,MANUAL,MANUAL,MANUAL
003312,candidate,existing_300,clahe,MANUAL,0.8998941779136658,2021-03-NONE,2021-03-NONE,2021-03-11,False,not_comparable,,True,2021-03-NONE,,MANUAL,MANUAL,MANUAL
003313,candidate,existing_300,highres_1024,RECHECK,0.7972671389579773,2021-07-05,2021-07-05,2021-07-05,True,,,True,2021-07-05,,RECHECK,RECHECK,RECHECK
003321,candidate,new_401,highres_1024,RECHECK,0.883803129196167,2021-09-01,2021-09-01,2021-09-01,True,,,True,2021-09-01,,CONFIRM,RECHECK,RECHECK
003326,candidate,existing_300,original_no_candidate,MANUAL,,,NONE,2024-06-05,False,not_comparable,,True,NONE,,MANUAL,MANUAL,MANUAL
003332,candidate,new_401,original_512,CONFIRM,0.9448896050453186,2021-04-29,2021-04-29,2021-04-29,True,,,True,2021-04-29,,CONFIRM,CONFIRM,RECHECK
003338,candidate,existing_300,original_no_candidate,MANUAL,,,NONE,2021-06-01,False,not_comparable,,True,NONE,,MANUAL,MANUAL,MANUAL
003340,candidate,existing_300,clahe,CONFIRM,0.9765608310699463,2022-09-29,2022-09-29,2022-09-29,True,,,True,2022-09-29,,CONFIRM,CONFIRM,CONFIRM
003350,candidate,existing_300,original_no_candidate,MANUAL,,,NONE,2025-12-10,False,not_comparable,,True,NONE,,MANUAL,MANUAL,MANUAL
003351,candidate,new_401,original_no_candidate,MANUAL,,,NONE,2025-12-10,False,not_comparable,,True,NONE,,MANUAL,MANUAL,MANUAL
