image_id,image_path,image_paths_json,sources,source_record_ids,source_record_count,existing_300_records_json,existing_300_raw_year,existing_300_raw_month,existing_300_raw_day,existing_300_raw_final_date,existing_300_raw_file_name,existing_300_raw_notes,existing_300_raw_Unnamed: 7,existing_300_canonical_year,existing_300_canonical_month,existing_300_canonical_day,existing_300_canonical_final_date,incoming_432_records_json,incoming_432_raw_year,incoming_432_raw_month,incoming_432_raw_day,incoming_432_raw_final_date,incoming_432_raw_file_name,incoming_432_raw_notes,incoming_432_raw_Unnamed: 7,incoming_432_canonical_year,incoming_432_canonical_month,incoming_432_canonical_day,incoming_432_canonical_final_date,candidate_year,candidate_month,candidate_day,candidate_final_date,year,month,day,final_date,review_reason,review_status,previously_visually_reviewed,prior_review_decision,reviewer,review_note,master_eligible
7,C:\Users\jsw58\Desktop\itda-ocr\data\000007.jpg,"[""C:\\Users\\jsw58\\Desktop\\itda-ocr\\data\\000007.jpg""]",existing_300,existing_300:152,1,"[{""source_record_id"": ""existing_300:152"", ""source"": ""existing_300"", ""source_path"": ""C:\\Users\\jsw58\\Desktop\\itda-ocr\\labels\\labels_300.csv"", ""source_row"": 152, ""image_id"": ""7"", ""raw"": {""file_name"": ""000007.jpg"", ""image_id"": ""7"", ""year"": ""2026"", ""month"": ""06"", ""day"": ""25"", ""final_date"": ""2026-06-25"", ""notes"": ""~부터, ~까지 라고 적혀있어서 날짜가 2개 나옴, 클로드도 25일인데 26으로 읽음"", ""Unnamed: 7"": """"}, ""canonical"": {""year"": ""2026"", ""month"": ""06"", ""day"": ""25"", ""final_date"": ""2026-06-25""}, ""review_reason"": [], ""details"": [], ""format_changes"": []}]",2026,06,25,2026-06-25,000007.jpg,"~부터, ~까지 라고 적혀있어서 날짜가 2개 나옴, 클로드도 25일인데 26으로 읽음",,2026,06,25,2026-06-25,[],[],[],[],[],[],[],[],[],[],[],[],2026,06,25,2026-06-25,,,,,,ready_for_review,false,,,,false
15,C:\Users\jsw58\Desktop\itda-ocr\data\000015.jpg,"[""C:\\Users\\jsw58\\Desktop\\itda-ocr\\data\\000015.jpg""]",incoming_432,incoming_432:2,1,[],[],[],[],[],[],[],[],[],[],[],[],"[{""source_record_id"": ""incoming_432:2"", ""source"": ""incoming_432"", ""source_path"": ""C:\\Users\\jsw58\\Downloads\\labelling data.csv"", ""source_row"": 2, ""image_id"": ""15"", ""raw"": {""image_id"": ""15"", ""year"": ""2026"", ""month"": ""3"", ""day"": ""1"", ""final_date"": ""2026-03-01""}, ""canonical"": {""year"": ""2026"", ""month"": ""03"", ""day"": ""01"", ""final_date"": ""2026-03-01""}, ""review_reason"": [], ""details"": [], ""format_changes"": [""month"", ""day""]}]",2026,3,1,2026-03-01,,,,2026,03,01,2026-03-01,2026,03,01,2026-03-01,,,,,,ready_for_review,false,,,,false
18,C:\Users\jsw58\Desktop\itda-ocr\data\000018.jpg,"[""C:\\Users\\jsw58\\Desktop\\itda-ocr\\data\\000018.jpg""]",existing_300,existing_300:2,1,"[{""source_record_id"": ""existing_300:2"", ""source"": ""existing_300"", ""source_path"": ""C:\\Users\\jsw58\\Desktop\\itda-ocr\\labels\\labels_300.csv"", ""source_row"": 2, ""image_id"": ""18"", ""raw"": {""file_name"": ""000018.jpg"", ""image_id"": ""18"", ""year"": ""2026"", ""month"": ""4"", ""day"": ""24"", ""final_date"": ""2026-04-24"", ""notes"": """", ""Unnamed: 7"": """"}, ""canonical"": {""year"": ""2026"", ""month"": ""04"", ""day"": ""24"", ""final_date"": ""2026-04-24""}, ""review_reason"": [], ""details"": [], ""format_changes"": [""month""]}]",2026,4,24,2026-04-24,000018.jpg,,,2026,04,24,2026-04-24,[],[],[],[],[],[],[],[],[],[],[],[],2026,04,24,2026-04-24,,,,,,ready_for_review,false,,,,false
21,C:\Users\jsw58\Desktop\itda-ocr\data\000021.jpg,"[""C:\\Users\\jsw58\\Desktop\\itda-ocr\\data\\000021.jpg""]",existing_300,existing_300:153,1,"[{""source_record_id"": ""existing_300:153"", ""source"": ""existing_300"", ""source_path"": ""C:\\Users\\jsw58\\Desktop\\itda-ocr\\labels\\labels_300.csv"", ""source_row"": 153, ""image_id"": ""21"", ""raw"": {""file_name"": ""000021.jpg"", ""image_id"": ""21"", ""year"": ""2025"", ""month"": ""10"", ""day"": ""10"", ""final_date"": ""2025-10-10"", ""notes"": ""다 -- 까지A"", ""Unnamed: 7"": """"}, ""canonical"": {""year"": ""2025"", ""month"": ""10"", ""day"": ""10"", ""final_date"": ""2025-10-10""}, ""review_reason"": [], ""details"": [], ""format_changes"": []}]",2025,10,10,2025-10-10,000021.jpg,다 -- 까지A,,2025,10,10,2025-10-10,[],[],[],[],[],[],[],[],[],[],[],[],2025,10,10,2025-10-10,,,,,,ready_for_review,false,,,,false
22,C:\Users\jsw58\Desktop\itda-ocr\data\000022.jpg,"[""C:\\Users\\jsw58\\Desktop\\itda-ocr\\data\\000022.jpg""]",incoming_432,incoming_432:3,1,[],[],[],[],[],[],[],[],[],[],[],[],"[{""source_record_id"": ""incoming_432:3"", ""source"": ""incoming_432"", ""source_path"": ""C:\\Users\\jsw58\\Downloads\\labelling data.csv"", ""source_row"": 3, ""image_id"": ""22"", ""raw"": {""image_id"": ""22"", ""year"": ""25"", ""month"": ""10"", ""day"": ""14"", ""final_date"": ""2025-10-14""}, ""canonical"": {""year"": ""2025"", ""month"": ""10"", ""day"": ""14"", ""final_date"": ""2025-10-14""}, ""review_reason"": [], ""details"": [], ""format_changes"": [""year""]}]",25,10,14,2025-10-14,,,,2025,10,14,2025-10-14,2025,10,14,2025-10-14,,,,,,ready_for_review,false,,,,false
26,C:\Users\jsw58\Desktop\itda-ocr\data\000026.jpg,"[""C:\\Users\\jsw58\\Desktop\\itda-ocr\\data\\000026.jpg""]",existing_300,existing_300:3,1,"[{""source_record_id"": ""existing_300:3"", ""source"": ""existing_300"", ""source_path"": ""C:\\Users\\jsw58\\Desktop\\itda-ocr\\labels\\labels_300.csv"", ""source_row"": 3, ""image_id"": ""26"", ""raw"": {""file_name"": ""000026.jpg"", ""image_id"": ""26"", ""year"": ""2025"", ""month"": ""11"", ""day"": ""13"", ""final_date"": ""2025-11-13"", ""notes"": """", ""Unnamed: 7"": """"}, ""canonical"": {""year"": ""2025"", ""month"": ""11"", ""day"": ""13"", ""final_date"": ""2025-11-13""}, ""review_reason"": [], ""details"": [], ""format_changes"": []}]",2025,11,13,2025-11-13,000026.jpg,,,2025,11,13,2025-11-13,[],[],[],[],[],[],[],[],[],[],[],[],2025,11,13,2025-11-13,,,,,,ready_for_review,false,,,,false
30,C:\Users\jsw58\Desktop\itda-ocr\data\000030.jpg,"[""C:\\Users\\jsw58\\Desktop\\itda-ocr\\data\\000030.jpg""]",existing_300;incoming_432,existing_300:4;incoming_432:4,2,"[{""source_record_id"": ""existing_300:4"", ""source"": ""existing_300"", ""source_path"": ""C:\\Users\\jsw58\\Desktop\\itda-ocr\\labels\\labels_300.csv"", ""source_row"": 4, ""image_id"": ""30"", ""raw"": {""file_name"": ""000030.jpg"", ""image_id"": ""30"", ""year"": ""2028"", ""month"": ""08"", ""day"": ""17"", ""final_date"": ""2028-08-17"", ""notes"": """", ""Unnamed: 7"": """"}, ""canonical"": {""year"": ""2028"", ""month"": ""08"", ""day"": ""17"", ""final_date"": ""2028-08-17""}, ""review_reason"": [], ""details"": [], ""format_changes"": []}]",2028,08,17,2028-08-17,000030.jpg,,,2028,08,17,2028-08-17,"[{""source_record_id"": ""incoming_432:4"", ""source"": ""incoming_432"", ""source_path"": ""C:\\Users\\jsw58\\Downloads\\labelling data.csv"", ""source_row"": 4, ""image_id"": ""30"", ""raw"": {""image_id"": ""30"", ""year"": ""28"", ""month"": ""8"", ""day"": ""17"", ""final_date"": ""2028-08-17""}, ""canonical"": {""year"": ""2028"", ""month"": ""08"", ""day"": ""17"", ""final_date"": ""2028-08-17""}, ""review_reason"": [], ""details"": [], ""format_changes"": [""year"", ""month""]}]",28,8,17,2028-08-17,,,,2028,08,17,2028-08-17,2028,08,17,2028-08-17,,,,,,ready_for_review,false,,,,false
36,C:\Users\jsw58\Desktop\itda-ocr\data\000036.jpg,"[""C:\\Users\\jsw58\\Desktop\\itda-ocr\\data\\000036.jpg""]",incoming_432,incoming_432:5,1,[],[],[],[],[],[],[],[],[],[],[],[],"[{""source_record_id"": ""incoming_432:5"", ""source"": ""incoming_432"", ""source_path"": ""C:\\Users\\jsw58\\Downloads\\labelling data.csv"", ""source_row"": 5, ""image_id"": ""36"", ""raw"": {""image_id"": ""36"", ""year"": ""2026"", ""month"": ""8"", ""day"": ""26"", ""final_date"": ""2026-08-26""}, ""canonical"": {""year"": ""2026"", ""month"": ""08"", ""day"": ""26"", ""final_date"": ""2026-08-26""}, ""review_reason"": [], ""details"": [], ""format_changes"": [""month""]}]",2026,8,26,2026-08-26,,,,2026,08,26,2026-08-26,2026,08,26,2026-08-26,,,,,,ready_for_review,false,,,,false
44,C:\Users\jsw58\Desktop\itda-ocr\data\000044.jpg,"[""C:\\Users\\jsw58\\Desktop\\itda-ocr\\data\\000044.jpg""]",incoming_432,incoming_432:6,1,[],[],[],[],[],[],[],[],[],[],[],[],"[{""source_record_id"": ""incoming_432:6"", ""source"": ""incoming_432"", ""source_path"": ""C:\\Users\\jsw58\\Downloads\\labelling data.csv"", ""source_row"": 6, ""image_id"": ""44"", ""raw"": {""image_id"": ""44"", ""year"": ""2026"", ""month"": ""2"", ""day"": ""7"", ""final_date"": ""2026-02-07""}, ""canonical"": {""year"": ""2026"", ""month"": ""02"", ""day"": ""07"", ""final_date"": ""2026-02-07""}, ""review_reason"": [], ""details"": [], ""format_changes"": [""month"", ""day""]}]",2026,2,7,2026-02-07,,,,2026,02,07,2026-02-07,2026,02,07,2026-02-07,,,,,,ready_for_review,false,,,,false
50,C:\Users\jsw58\Desktop\itda-ocr\data\000050.jpg,"[""C:\\Users\\jsw58\\Desktop\\itda-ocr\\data\\000050.jpg""]",incoming_432,incoming_432:7,1,[],[],[],[],[],[],[],[],[],[],[],[],"[{""source_record_id"": ""incoming_432:7"", ""source"": ""incoming_432"", ""source_path"": ""C:\\Users\\jsw58\\Downloads\\labelling data.csv"", ""source_row"": 7, ""image_id"": ""50"", ""raw"": {""image_id"": ""50"", ""year"": ""2025"", ""month"": ""9"", ""day"": ""30"", ""final_date"": ""2025-09-30""}, ""canonical"": {""year"": ""2025"", ""month"": ""09"", ""day"": ""30"", ""final_date"": ""2025-09-30""}, ""review_reason"": [], ""details"": [], ""format_changes"": [""month""]}]",2025,9,30,2025-09-30,,,,2025,09,30,2025-09-30,2025,09,30,2025-09-30,,,,,,ready_for_review,false,,,,false
53,C:\Users\jsw58\Desktop\itda-ocr\data\000053.png,"[""C:\\Users\\jsw58\\Desktop\\itda-ocr\\data\\000053.png""]",incoming_432,incoming_432:8,1,[],[],[],[],[],[],[],[],[],[],[],[],"[{""source_record_id"": ""incoming_432:8"", ""source"": ""incoming_432"", ""source_path"": ""C:\\Users\\jsw58\\Downloads\\labelling data.csv"", ""source_row"": 8, ""image_id"": ""53"", ""raw"": {""image_id"": ""53"", ""year"": ""2025"", ""month"": ""12"", ""day"": ""20"", ""final_date"": ""2025-12-20""}, ""canonical"": {""year"": ""2025"", ""month"": ""12"", ""day"": ""20"", ""final_date"": ""2025-12-20""}, ""review_reason"": [], ""details"": [], ""format_changes"": []}]",2025,12,20,2025-12-20,,,,2025,12,20,2025-12-20,2025,12,20,2025-12-20,,,,,,ready_for_review,false,,,,false
58,C:\Users\jsw58\Desktop\itda-ocr\data\000058.jpg,"[""C:\\Users\\jsw58\\Desktop\\itda-ocr\\data\\000058.jpg""]",existing_300,existing_300:154,1,"[{""source_record_id"": ""existing_300:154"", ""source"": ""existing_300"", ""source_path"": ""C:\\Users\\jsw58\\Desktop\\itda-ocr\\labels\\labels_300.csv"", ""source_row"": 154, ""image_id"": ""58"", ""raw"": {""file_name"": ""000058.jpg"", ""image_id"": ""58"", ""year"": ""2027"", ""month"": ""03"", ""day"": ""27"", ""final_date"": ""2027-03-27"", ""notes"": ""F2A"", ""Unnamed: 7"": """"}, ""canonical"": {""year"": ""2027"", ""month"": ""03"", ""day"": ""27"", ""final_date"": ""2027-03-27""}, ""review_reason"": [], ""details"": [], ""format_changes"": []}]",2027,03,27,2027-03-27,000058.jpg,F2A,,2027,03,27,2027-03-27,[],[],[],[],[],[],[],[],[],[],[],[],2027,03,27,2027-03-27,,,,,,ready_for_review,false,,,,false
60,C:\Users\jsw58\Desktop\itda-ocr\data\000060.jpg,"[""C:\\Users\\jsw58\\Desktop\\itda-ocr\\data\\000060.jpg""]",existing_300,existing_300:5,1,"[{""source_record_id"": ""existing_300:5"", ""source"": ""existing_300"", ""source_path"": ""C:\\Users\\jsw58\\Desktop\\itda-ocr\\labels\\labels_300.csv"", ""source_row"": 5, ""image_id"": ""60"", ""raw"": {""file_name"": ""000060.jpg"", ""image_id"": ""60"", ""year"": ""2026"", ""month"": ""04"", ""day"": ""30"", ""final_date"": ""2026-04-30"", ""notes"": """", ""Unnamed: 7"": """"}, ""canonical"": {""year"": ""2026"", ""month"": ""04"", ""day"": ""30"", ""final_date"": ""2026-04-30""}, ""review_reason"": [], ""details"": [], ""format_changes"": []}]",2026,04,30,2026-04-30,000060.jpg,,,2026,04,30,2026-04-30,[],[],[],[],[],[],[],[],[],[],[],[],2026,04,30,2026-04-30,,,,,,ready_for_review,false,,,,false
63,C:\Users\jsw58\Desktop\itda-ocr\data\000063.jpg,"[""C:\\Users\\jsw58\\Desktop\\itda-ocr\\data\\000063.jpg""]",incoming_432,incoming_432:9,1,[],[],[],[],[],[],[],[],[],[],[],[],"[{""source_record_id"": ""incoming_432:9"", ""source"": ""incoming_432"", ""source_path"": ""C:\\Users\\jsw58\\Downloads\\labelling data.csv"", ""source_row"": 9, ""image_id"": ""63"", ""raw"": {""image_id"": ""63"", ""year"": ""2026"", ""month"": ""6"", ""day"": ""16"", ""final_date"": ""2026-06-16""}, ""canonical"": {""year"": ""2026"", ""month"": ""06"", ""day"": ""16"", ""final_date"": ""2026-06-16""}, ""review_reason"": [], ""details"": [], ""format_changes"": [""month""]}]",2026,6,16,2026-06-16,,,,2026,06,16,2026-06-16,2026,06,16,2026-06-16,,,,,,ready_for_review,false,,,,false
71,C:\Users\jsw58\Desktop\itda-ocr\data\000071.jpg,"[""C:\\Users\\jsw58\\Desktop\\itda-ocr\\data\\000071.jpg""]",incoming_432,incoming_432:10,1,[],[],[],[],[],[],[],[],[],[],[],[],"[{""source_record_id"": ""incoming_432:10"", ""source"": ""incoming_432"", ""source_path"": ""C:\\Users\\jsw58\\Downloads\\labelling data.csv"", ""source_row"": 10, ""image_id"": ""71"", ""raw"": {""image_id"": ""71"", ""year"": ""27"", ""month"": ""7"", ""day"": ""20"", ""final_date"": ""2027-07-20""}, ""canonical"": {""year"": ""2027"", ""month"": ""07"", ""day"": ""20"", ""final_date"": ""2027-07-20""}, ""review_reason"": [], ""details"": [], ""format_changes"": [""year"", ""month""]}]",27,7,20,2027-07-20,,,,2027,07,20,2027-07-20,2027,07,20,2027-07-20,,,,,,ready_for_review,false,,,,false
75,C:\Users\jsw58\Desktop\itda-ocr\data\000075.jpg,"[""C:\\Users\\jsw58\\Desktop\\itda-ocr\\data\\000075.jpg""]",existing_300,existing_300:6,1,"[{""source_record_id"": ""existing_300:6"", ""source"": ""existing_300"", ""source_path"": ""C:\\Users\\jsw58\\Desktop\\itda-ocr\\labels\\labels_300.csv"", ""source_row"": 6, ""image_id"": ""75"", ""raw"": {""file_name"": ""000075.jpg"", ""image_id"": ""75"", ""year"": ""2026"", ""month"": ""01"", ""day"": ""06"", ""final_date"": ""2026-01-06"", ""notes"": """", ""Unnamed: 7"": """"}, ""canonical"": {""year"": ""2026"", ""month"": ""01"", ""day"": ""06"", ""final_date"": ""2026-01-06""}, ""review_reason"": [], ""details"": [], ""format_changes"": []}]",2026,01,06,2026-01-06,000075.jpg,,,2026,01,06,2026-01-06,[],[],[],[],[],[],[],[],[],[],[],[],2026,01,06,2026-01-06,,,,,,ready_for_review,false,,,,false
79,C:\Users\jsw58\Desktop\itda-ocr\data\000079.jpg,"[""C:\\Users\\jsw58\\Desktop\\itda-ocr\\data\\000079.jpg""]",incoming_432,incoming_432:11,1,[],[],[],[],[],[],[],[],[],[],[],[],"[{""source_record_id"": ""incoming_432:11"", ""source"": ""incoming_432"", ""source_path"": ""C:\\Users\\jsw58\\Downloads\\labelling data.csv"", ""source_row"": 11, ""image_id"": ""79"", ""raw"": {""image_id"": ""79"", ""year"": ""2026"", ""month"": ""1"", ""day"": ""31"", ""final_date"": ""2026-01-31""}, ""canonical"": {""year"": ""2026"", ""month"": ""01"", ""day"": ""31"", ""final_date"": ""2026-01-31""}, ""review_reason"": [], ""details"": [], ""format_changes"": [""month""]}]",2026,1,31,2026-01-31,,,,2026,01,31,2026-01-31,2026,01,31,2026-01-31,,,,,,ready_for_review,false,,,,false
83,C:\Users\jsw58\Desktop\itda-ocr\data\000083.jpg,"[""C:\\Users\\jsw58\\Desktop\\itda-ocr\\data\\000083.jpg""]",incoming_432,incoming_432:12,1,[],[],[],[],[],[],[],[],[],[],[],[],"[{""source_record_id"": ""incoming_432:12"", ""source"": ""incoming_432"", ""source_path"": ""C:\\Users\\jsw58\\Downloads\\labelling data.csv"", ""source_row"": 12, ""image_id"": ""83"", ""raw"": {""image_id"": ""83"", ""year"": ""26"", ""month"": ""7"", ""day"": ""1"", ""final_date"": ""2026-07-01""}, ""canonical"": {""year"": ""2026"", ""month"": ""07"", ""day"": ""01"", ""final_date"": ""2026-07-01""}, ""review_reason"": [], ""details"": [], ""format_changes"": [""year"", ""month"", ""day""]}]",26,7,1,2026-07-01,,,,2026,07,01,2026-07-01,2026,07,01,2026-07-01,,,,,,ready_for_review,false,,,,false
90,C:\Users\jsw58\Desktop\itda-ocr\data\000090.jpg,"[""C:\\Users\\jsw58\\Desktop\\itda-ocr\\data\\000090.jpg""]",incoming_432,incoming_432:13,1,[],[],[],[],[],[],[],[],[],[],[],[],"[{""source_record_id"": ""incoming_432:13"", ""source"": ""incoming_432"", ""source_path"": ""C:\\Users\\jsw58\\Downloads\\labelling data.csv"", ""source_row"": 13, ""image_id"": ""90"", ""raw"": {""image_id"": ""90"", ""year"": ""2026"", ""month"": ""9"", ""day"": ""1"", ""final_date"": ""2026-09-01""}, ""canonical"": {""year"": ""2026"", ""month"": ""09"", ""day"": ""01"", ""final_date"": ""2026-09-01""}, ""review_reason"": [], ""details"": [], ""format_changes"": [""month"", ""day""]}]",2026,9,1,2026-09-01,,,,2026,09,01,2026-09-01,2026,09,01,2026-09-01,,,,,,ready_for_review,false,,,,false
99,C:\Users\jsw58\Desktop\itda-ocr\data\000099.jpg,"[""C:\\Users\\jsw58\\Desktop\\itda-ocr\\data\\000099.jpg""]",existing_300,existing_300:155,1,"[{""source_record_id"": ""existing_300:155"", ""source"": ""existing_300"", ""source_path"": ""C:\\Users\\jsw58\\Desktop\\itda-ocr\\labels\\labels_300.csv"", ""source_row"": 155, ""image_id"": ""99"", ""raw"": {""file_name"": ""000099.jpg"", ""image_id"": ""99"", ""year"": ""2026"", ""month"": ""03"", ""day"": ""07"", ""final_date"": ""2026-03-07"", ""notes"": """", ""Unnamed: 7"": """"}, ""canonical"": {""year"": ""2026"", ""month"": ""03"", ""day"": ""07"", ""final_date"": ""2026-03-07""}, ""review_reason"": [], ""details"": [], ""format_changes"": []}]",2026,03,07,2026-03-07,000099.jpg,,,2026,03,07,2026-03-07,[],[],[],[],[],[],[],[],[],[],[],[],2026,03,07,2026-03-07,,,,,,ready_for_review,false,,,,false
106,C:\Users\jsw58\Desktop\itda-ocr\data\000106.jpg,"[""C:\\Users\\jsw58\\Desktop\\itda-ocr\\data\\000106.jpg""]",incoming_432,incoming_432:14,1,[],[],[],[],[],[],[],[],[],[],[],[],"[{""source_record_id"": ""incoming_432:14"", ""source"": ""incoming_432"", ""source_path"": ""C:\\Users\\jsw58\\Downloads\\labelling data.csv"", ""source_row"": 14, ""image_id"": ""106"", ""raw"": {""image_id"": ""106"", ""year"": ""NONE"", ""month"": ""NONE"", ""day"": ""NONE"", ""final_date"": ""NONE-NONE-NONE""}, ""canonical"": {""year"": ""NONE"", ""month"": ""NONE"", ""day"": ""NONE"", ""final_date"": ""NONE""}, ""review_reason"": [""all_none"", ""ocr_visual_review""], ""details"": [""Previously visually inspected; no confirmed decision supplied; retain pending""], ""format_changes"": [""final_date""]}]",NONE,NONE,NONE,NONE-NONE-NONE,,,,NONE,NONE,NONE,NONE,NONE,NONE,NONE,NONE,,,,,all_none;ocr_visual_review,pending,true,이전 이미지 확인에서 날짜를 확실하게 판독하지 못함. NONE 확정 금지. 추가 검수 필요.,user,2026-09-23 사용자 제공 기존 이미지 판독 결과 기록. 이전 이미지 확인에서 날짜를 확실하게 판독하지 못함. NONE 확정 금지. 추가 검수 필요. 최종 정답 미확정; pending 유지.,false
110,C:\Users\jsw58\Desktop\itda-ocr\data\000110.jpg,"[""C:\\Users\\jsw58\\Desktop\\itda-ocr\\data\\000110.jpg""]",existing_300;incoming_432,existing_300:156;incoming_432:15,2,"[{""source_record_id"": ""existing_300:156"", ""source"": ""existing_300"", ""source_path"": ""C:\\Users\\jsw58\\Desktop\\itda-ocr\\labels\\labels_300.csv"", ""source_row"": 156, ""image_id"": ""110"", ""raw"": {""file_name"": ""000110.jpg"", ""image_id"": ""110"", ""year"": ""2025"", ""month"": ""10"", ""day"": ""29"", ""final_date"": ""2025-10-29"", ""notes"": ""까지, 흐릿하고 약간 사선"", ""Unnamed: 7"": """"}, ""canonical"": {""year"": ""2025"", ""month"": ""10"", ""day"": ""29"", ""final_date"": ""2025-10-29""}, ""review_reason"": [], ""details"": [], ""format_changes"": []}]",2025,10,29,2025-10-29,000110.jpg,"까지, 흐릿하고 약간 사선",,2025,10,29,2025-10-29,"[{""source_record_id"": ""incoming_432:15"", ""source"": ""incoming_432"", ""source_path"": ""C:\\Users\\jsw58\\Downloads\\labelling data.csv"", ""source_row"": 15, ""image_id"": ""110"", ""raw"": {""image_id"": ""110"", ""year"": ""2025"", ""month"": ""10"", ""day"": ""29"", ""final_date"": ""2025-10-29""}, ""canonical"": {""year"": ""2025"", ""month"": ""10"", ""day"": ""29"", ""final_date"": ""2025-10-29""}, ""review_reason"": [], ""details"": [], ""format_changes"": []}]",2025,10,29,2025-10-29,,,,2025,10,29,2025-10-29,2025,10,29,2025-10-29,,,,,,ready_for_review,false,,,,false
118,C:\Users\jsw58\Desktop\itda-ocr\data\000118.jpg,"[""C:\\Users\\jsw58\\Desktop\\itda-ocr\\data\\000118.jpg""]",incoming_432,incoming_432:16,1,[],[],[],[],[],[],[],[],[],[],[],[],"[{""source_record_id"": ""incoming_432:16"", ""source"": ""incoming_432"", ""source_path"": ""C:\\Users\\jsw58\\Downloads\\labelling data.csv"", ""source_row"": 16, ""image_id"": ""118"", ""raw"": {""image_id"": ""118"", ""year"": ""2026"", ""month"": ""3"", ""day"": ""23"", ""final_date"": ""2026-03-23""}, ""canonical"": {""year"": ""2026"", ""month"": ""03"", ""day"": ""23"", ""final_date"": ""2026-03-23""}, ""review_reason"": [], ""details"": [], ""format_changes"": [""month""]}]",2026,3,23,2026-03-23,,,,2026,03,23,2026-03-23,2026,03,23,2026-03-23,,,,,,ready_for_review,false,,,,false
124,C:\Users\jsw58\Desktop\itda-ocr\data\000124.jpg,"[""C:\\Users\\jsw58\\Desktop\\itda-ocr\\data\\000124.jpg""]",existing_300,existing_300:7,1,"[{""source_record_id"": ""existing_300:7"", ""source"": ""existing_300"", ""source_path"": ""C:\\Users\\jsw58\\Desktop\\itda-ocr\\labels\\labels_300.csv"", ""source_row"": 7, ""image_id"": ""124"", ""raw"": {""file_name"": ""000124.jpg"", ""image_id"": ""124"", ""year"": ""2026"", ""month"": ""01"", ""day"": ""02"", ""final_date"": ""2026-01-02"", ""notes"": """", ""Unnamed: 7"": """"}, ""canonical"": {""year"": ""2026"", ""month"": ""01"", ""day"": ""02"", ""final_date"": ""2026-01-02""}, ""review_reason"": [], ""details"": [], ""format_changes"": []}]",2026,01,02,2026-01-02,000124.jpg,,,2026,01,02,2026-01-02,[],[],[],[],[],[],[],[],[],[],[],[],2026,01,02,2026-01-02,,,,,,ready_for_review,false,,,,false
127,C:\Users\jsw58\Desktop\itda-ocr\data\000127.jpg,"[""C:\\Users\\jsw58\\Desktop\\itda-ocr\\data\\000127.jpg""]",incoming_432,incoming_432:17,1,[],[],[],[],[],[],[],[],[],[],[],[],"[{""source_record_id"": ""incoming_432:17"", ""source"": ""incoming_432"", ""source_path"": ""C:\\Users\\jsw58\\Downloads\\labelling data.csv"", ""source_row"": 17, ""image_id"": ""127"", ""raw"": {""image_id"": ""127"", ""year"": ""2024"", ""month"": ""4"", ""day"": ""27"", ""final_date"": ""2024-04-27""}, ""canonical"": {""year"": ""2024"", ""month"": ""04"", ""day"": ""27"", ""final_date"": ""2024-04-27""}, ""review_reason"": [], ""details"": [], ""format_changes"": [""month""]}]",2024,4,27,2024-04-27,,,,2024,04,27,2024-04-27,2024,04,27,2024-04-27,,,,,,ready_for_review,false,,,,false
129,C:\Users\jsw58\Desktop\itda-ocr\data\000129.jpg,"[""C:\\Users\\jsw58\\Desktop\\itda-ocr\\data\\000129.jpg""]",incoming_432,incoming_432:18,1,[],[],[],[],[],[],[],[],[],[],[],[],"[{""source_record_id"": ""incoming_432:18"", ""source"": ""incoming_432"", ""source_path"": ""C:\\Users\\jsw58\\Downloads\\labelling data.csv"", ""source_row"": 18, ""image_id"": ""129"", ""raw"": {""image_id"": ""129"", ""year"": ""2026"", ""month"": ""1"", ""day"": ""9"", ""final_date"": ""2026-01-09""}, ""canonical"": {""year"": ""2026"", ""month"": ""01"", ""day"": ""09"", ""final_date"": ""2026-01-09""}, ""review_reason"": [], ""details"": [], ""format_changes"": [""month"", ""day""]}]",2026,1,9,2026-01-09,,,,2026,01,09,2026-01-09,2026,01,09,2026-01-09,,,,,,ready_for_review,false,,,,false
131,C:\Users\jsw58\Desktop\itda-ocr\data\000131.jpg,"[""C:\\Users\\jsw58\\Desktop\\itda-ocr\\data\\000131.jpg""]",existing_300,existing_300:157,1,"[{""source_record_id"": ""existing_300:157"", ""source"": ""existing_300"", ""source_path"": ""C:\\Users\\jsw58\\Desktop\\itda-ocr\\labels\\labels_300.csv"", ""source_row"": 157, ""image_id"": ""131"", ""raw"": {""file_name"": ""000131.jpg"", ""image_id"": ""131"", ""year"": ""2026"", ""month"": ""08"", ""day"": ""05"", ""final_date"": ""2026-08-05"", ""notes"": """", ""Unnamed: 7"": """"}, ""canonical"": {""year"": ""2026"", ""month"": ""08"", ""day"": ""05"", ""final_date"": ""2026-08-05""}, ""review_reason"": [], ""details"": [], ""format_changes"": []}]",2026,08,05,2026-08-05,000131.jpg,,,2026,08,05,2026-08-05,[],[],[],[],[],[],[],[],[],[],[],[],2026,08,05,2026-08-05,,,,,,ready_for_review,false,,,,false
133,C:\Users\jsw58\Desktop\itda-ocr\data\000133.jpg,"[""C:\\Users\\jsw58\\Desktop\\itda-ocr\\data\\000133.jpg""]",incoming_432,incoming_432:19,1,[],[],[],[],[],[],[],[],[],[],[],[],"[{""source_record_id"": ""incoming_432:19"", ""source"": ""incoming_432"", ""source_path"": ""C:\\Users\\jsw58\\Downloads\\labelling data.csv"", ""source_row"": 19, ""image_id"": ""133"", ""raw"": {""image_id"": ""133"", ""year"": ""2025"", ""month"": ""11"", ""day"": ""25"", ""final_date"": ""2025-11-25""}, ""canonical"": {""year"": ""2025"", ""month"": ""11"", ""day"": ""25"", ""final_date"": ""2025-11-25""}, ""review_reason"": [], ""details"": [], ""format_changes"": []}]",2025,11,25,2025-11-25,,,,2025,11,25,2025-11-25,2025,11,25,2025-11-25,,,,,,ready_for_review,false,,,,false
135,C:\Users\jsw58\Desktop\itda-ocr\data\000135.jpg,"[""C:\\Users\\jsw58\\Desktop\\itda-ocr\\data\\000135.jpg""]",incoming_432,incoming_432:20,1,[],[],[],[],[],[],[],[],[],[],[],[],"[{""source_record_id"": ""incoming_432:20"", ""source"": ""incoming_432"", ""source_path"": ""C:\\Users\\jsw58\\Downloads\\labelling data.csv"", ""source_row"": 20, ""image_id"": ""135"", ""raw"": {""image_id"": ""135"", ""year"": ""2026"", ""month"": ""4"", ""day"": ""18"", ""final_date"": ""2026-04-18""}, ""canonical"": {""year"": ""2026"", ""month"": ""04"", ""day"": ""18"", ""final_date"": ""2026-04-18""}, ""review_reason"": [], ""details"": [], ""format_changes"": [""month""]}]",2026,4,18,2026-04-18,,,,2026,04,18,2026-04-18,2026,04,18,2026-04-18,,,,,,ready_for_review,false,,,,false
137,C:\Users\jsw58\Desktop\itda-ocr\data\000137.jpg,"[""C:\\Users\\jsw58\\Desktop\\itda-ocr\\data\\000137.jpg""]",existing_300,existing_300:8,1,"[{""source_record_id"": ""existing_300:8"", ""source"": ""existing_300"", ""source_path"": ""C:\\Users\\jsw58\\Desktop\\itda-ocr\\labels\\labels_300.csv"", ""source_row"": 8, ""image_id"": ""137"", ""raw"": {""file_name"": ""000137.jpg"", ""image_id"": ""137"", ""year"": ""2026"", ""month"": ""03"", ""day"": ""26"", ""final_date"": ""2026-03-26"", ""notes"": """", ""Unnamed: 7"": """"}, ""canonical"": {""year"": ""2026"", ""month"": ""03"", ""day"": ""26"", ""final_date"": ""2026-03-26""}, ""review_reason"": [], ""details"": [], ""format_changes"": []}]",2026,03,26,2026-03-26,000137.jpg,,,2026,03,26,2026-03-26,[],[],[],[],[],[],[],[],[],[],[],[],2026,03,26,2026-03-26,,,,,,ready_for_review,false,,,,false
138,C:\Users\jsw58\Desktop\itda-ocr\data\000138.jpg,"[""C:\\Users\\jsw58\\Desktop\\itda-ocr\\data\\000138.jpg""]",incoming_432,incoming_432:21,1,[],[],[],[],[],[],[],[],[],[],[],[],"[{""source_record_id"": ""incoming_432:21"", ""source"": ""incoming_432"", ""source_path"": ""C:\\Users\\jsw58\\Downloads\\labelling data.csv"", ""source_row"": 21, ""image_id"": ""138"", ""raw"": {""image_id"": ""138"", ""year"": ""2026"", ""month"": ""5"", ""day"": ""14"", ""final_date"": ""2026-05-14""}, ""canonical"": {""year"": ""2026"", ""month"": ""05"", ""day"": ""14"", ""final_date"": ""2026-05-14""}, ""review_reason"": [], ""details"": [], ""format_changes"": [""month""]}]",2026,5,14,2026-05-14,,,,2026,05,14,2026-05-14,2026,05,14,2026-05-14,,,,,,ready_for_review,false,,,,false
139,C:\Users\jsw58\Desktop\itda-ocr\data\000139.jpg,"[""C:\\Users\\jsw58\\Desktop\\itda-ocr\\data\\000139.jpg""]",existing_300,existing_300:9,1,"[{""source_record_id"": ""existing_300:9"", ""source"": ""existing_300"", ""source_path"": ""C:\\Users\\jsw58\\Desktop\\itda-ocr\\labels\\labels_300.csv"", ""source_row"": 9, ""image_id"": ""139"", ""raw"": {""file_name"": ""000139.jpg"", ""image_id"": ""139"", ""year"": ""2026"", ""month"": ""07"", ""day"": ""26"", ""final_date"": ""2026-07-26"", ""notes"": """", ""Unnamed: 7"": """"}, ""canonical"": {""year"": ""2026"", ""month"": ""07"", ""day"": ""26"", ""final_date"": ""2026-07-26""}, ""review_reason"": [], ""details"": [], ""format_changes"": []}]",2026,07,26,2026-07-26,000139.jpg,,,2026,07,26,2026-07-26,[],[],[],[],[],[],[],[],[],[],[],[],2026,07,26,2026-07-26,,,,,,ready_for_review,false,,,,false
140,C:\Users\jsw58\Desktop\itda-ocr\data\000140.jpg,"[""C:\\Users\\jsw58\\Desktop\\itda-ocr\\data\\000140.jpg""]",incoming_432,incoming_432:22,1,[],[],[],[],[],[],[],[],[],[],[],[],"[{""source_record_id"": ""incoming_432:22"", ""source"": ""incoming_432"", ""source_path"": ""C:\\Users\\jsw58\\Downloads\\labelling data.csv"", ""source_row"": 22, ""image_id"": ""140"", ""raw"": {""image_id"": ""140"", ""year"": ""2026"", ""month"": ""7"", ""day"": ""14"", ""final_date"": ""2026-07-14""}, ""canonical"": {""year"": ""2026"", ""month"": ""07"", ""day"": ""14"", ""final_date"": ""2026-07-14""}, ""review_reason"": [], ""details"": [], ""format_changes"": [""month""]}]",2026,7,14,2026-07-14,,,,2026,07,14,2026-07-14,2026,07,14,2026-07-14,,,,,,ready_for_review,false,,,,false
143,C:\Users\jsw58\Desktop\itda-ocr\data\000143.jpg,"[""C:\\Users\\jsw58\\Desktop\\itda-ocr\\data\\000143.jpg""]",incoming_432,incoming_432:23,1,[],[],[],[],[],[],[],[],[],[],[],[],"[{""source_record_id"": ""incoming_432:23"", ""source"": ""incoming_432"", ""source_path"": ""C:\\Users\\jsw58\\Downloads\\labelling data.csv"", ""source_row"": 23, ""image_id"": ""143"", ""raw"": {""image_id"": ""143"", ""year"": ""2027"", ""month"": ""6"", ""day"": ""3"", ""final_date"": ""2027-06-03""}, ""canonical"": {""year"": ""2027"", ""month"": ""06"", ""day"": ""03"", ""final_date"": ""2027-06-03""}, ""review_reason"": [], ""details"": [], ""format_changes"": [""month"", ""day""]}]",2027,6,3,2027-06-03,,,,2027,06,03,2027-06-03,2027,06,03,2027-06-03,,,,,,ready_for_review,false,,,,false
148,C:\Users\jsw58\Desktop\itda-ocr\data\000148.jpg,"[""C:\\Users\\jsw58\\Desktop\\itda-ocr\\data\\000148.jpg""]",existing_300;incoming_432,existing_300:158;incoming_432:24,2,"[{""source_record_id"": ""existing_300:158"", ""source"": ""existing_300"", ""source_path"": ""C:\\Users\\jsw58\\Desktop\\itda-ocr\\labels\\labels_300.csv"", ""source_row"": 158, ""image_id"": ""148"", ""raw"": {""file_name"": ""000148.jpg"", ""image_id"": ""148"", ""year"": ""2026"", ""month"": ""02"", ""day"": ""26"", ""final_date"": ""2026-02-26"", ""notes"": ""EXP, PRD 같이 있음"", ""Unnamed: 7"": """"}, ""canonical"": {""year"": ""2026"", ""month"": ""02"", ""day"": ""26"", ""final_date"": ""2026-02-26""}, ""review_reason"": [], ""details"": [], ""format_changes"": []}]",2026,02,26,2026-02-26,000148.jpg,"EXP, PRD 같이 있음",,2026,02,26,2026-02-26,"[{""source_record_id"": ""incoming_432:24"", ""source"": ""incoming_432"", ""source_path"": ""C:\\Users\\jsw58\\Downloads\\labelling data.csv"", ""source_row"": 24, ""image_id"": ""148"", ""raw"": {""image_id"": ""148"", ""year"": ""2026"", ""month"": ""2"", ""day"": ""26"", ""final_date"": ""2026-02-26""}, ""canonical"": {""year"": ""2026"", ""month"": ""02"", ""day"": ""26"", ""final_date"": ""2026-02-26""}, ""review_reason"": [], ""details"": [], ""format_changes"": [""month""]}]",2026,2,26,2026-02-26,,,,2026,02,26,2026-02-26,2026,02,26,2026-02-26,,,,,,ready_for_review,false,,,,false
157,C:\Users\jsw58\Desktop\itda-ocr\data\000157.jpg,"[""C:\\Users\\jsw58\\Desktop\\itda-ocr\\data\\000157.jpg""]",existing_300;incoming_432,existing_300:10;incoming_432:25,2,"[{""source_record_id"": ""existing_300:10"", ""source"": ""existing_300"", ""source_path"": ""C:\\Users\\jsw58\\Desktop\\itda-ocr\\labels\\labels_300.csv"", ""source_row"": 10, ""image_id"": ""157"", ""raw"": {""file_name"": ""000157.jpg"", ""image_id"": ""157"", ""year"": ""2027"", ""month"": ""08"", ""day"": ""07"", ""final_date"": ""2027-08-07"", ""notes"": """", ""Unnamed: 7"": """"}, ""canonical"": {""year"": ""2027"", ""month"": ""08"", ""day"": ""07"", ""final_date"": ""2027-08-07""}, ""review_reason"": [""ocr_visual_review""], ""details"": [""Previously visually inspected; no confirmed decision supplied; retain pending""], ""format_changes"": []}]",2027,08,07,2027-08-07,000157.jpg,,,2027,08,07,2027-08-07,"[{""source_record_id"": ""incoming_432:25"", ""source"": ""incoming_432"", ""source_path"": ""C:\\Users\\jsw58\\Downloads\\labelling data.csv"", ""source_row"": 25, ""image_id"": ""157"", ""raw"": {""image_id"": ""157"", ""year"": ""2027"", ""month"": ""7"", ""day"": ""8"", ""final_date"": ""2027-07-08""}, ""canonical"": {""year"": ""2027"", ""month"": ""07"", ""day"": ""08"", ""final_date"": ""2027-07-08""}, ""review_reason"": [""ocr_visual_review""], ""details"": [""Previously visually inspected; no confirmed decision supplied; retain pending""], ""format_changes"": [""month"", ""day""]}]",2027,7,8,2027-07-08,,,,2027,07,08,2027-07-08,,,,,,,,,ambiguous_date_order;label_conflict;ocr_visual_review,pending,true,이미지에서 08-07-2027 확인. 월·일 순서가 불확실함. 기존 라벨과 신규 라벨 중 하나를 임의로 선택하지 말 것.,user,2026-09-23 사용자 제공 기존 이미지 판독 결과 기록. 이미지에서 08-07-2027 확인. 월·일 순서가 불확실함. 기존 라벨과 신규 라벨 중 하나를 임의로 선택하지 말 것. 최종 정답 미확정; pending 유지.,false
160,C:\Users\jsw58\Desktop\itda-ocr\data\000160.jpg,"[""C:\\Users\\jsw58\\Desktop\\itda-ocr\\data\\000160.jpg""]",incoming_432,incoming_432:26,1,[],[],[],[],[],[],[],[],[],[],[],[],"[{""source_record_id"": ""incoming_432:26"", ""source"": ""incoming_432"", ""source_path"": ""C:\\Users\\jsw58\\Downloads\\labelling data.csv"", ""source_row"": 26, ""image_id"": ""160"", ""raw"": {""image_id"": ""160"", ""year"": ""2026"", ""month"": ""10"", ""day"": ""27"", ""final_date"": ""2026-10-27""}, ""canonical"": {""year"": ""2026"", ""month"": ""10"", ""day"": ""27"", ""final_date"": ""2026-10-27""}, ""review_reason"": [], ""details"": [], ""format_changes"": []}]",2026,10,27,2026-10-27,,,,2026,10,27,2026-10-27,2026,10,27,2026-10-27,,,,,,ready_for_review,false,,,,false
164,C:\Users\jsw58\Desktop\itda-ocr\data\000164.jpg,"[""C:\\Users\\jsw58\\Desktop\\itda-ocr\\data\\000164.jpg""]",incoming_432,incoming_432:27,1,[],[],[],[],[],[],[],[],[],[],[],[],"[{""source_record_id"": ""incoming_432:27"", ""source"": ""incoming_432"", ""source_path"": ""C:\\Users\\jsw58\\Downloads\\labelling data.csv"", ""source_row"": 27, ""image_id"": ""164"", ""raw"": {""image_id"": ""164"", ""year"": ""2026"", ""month"": ""4"", ""day"": ""27"", ""final_date"": ""2026-04-27""}, ""canonical"": {""year"": ""2026"", ""month"": ""04"", ""day"": ""27"", ""final_date"": ""2026-04-27""}, ""review_reason"": [], ""details"": [], ""format_changes"": [""month""]}]",2026,4,27,2026-04-27,,,,2026,04,27,2026-04-27,2026,04,27,2026-04-27,,,,,,ready_for_review,false,,,,false
172,C:\Users\jsw58\Desktop\itda-ocr\data\000172.jpg,"[""C:\\Users\\jsw58\\Desktop\\itda-ocr\\data\\000172.jpg""]",incoming_432,incoming_432:28,1,[],[],[],[],[],[],[],[],[],[],[],[],"[{""source_record_id"": ""incoming_432:28"", ""source"": ""incoming_432"", ""source_path"": ""C:\\Users\\jsw58\\Downloads\\labelling data.csv"", ""source_row"": 28, ""image_id"": ""172"", ""raw"": {""image_id"": ""172"", ""year"": ""2026"", ""month"": ""6"", ""day"": ""10"", ""final_date"": ""2026-06-10""}, ""canonical"": {""year"": ""2026"", ""month"": ""06"", ""day"": ""10"", ""final_date"": ""2026-06-10""}, ""review_reason"": [], ""details"": [], ""format_changes"": [""month""]}]",2026,6,10,2026-06-10,,,,2026,06,10,2026-06-10,2026,06,10,2026-06-10,,,,,,ready_for_review,false,,,,false
178,C:\Users\jsw58\Desktop\itda-ocr\data\000178.jpg,"[""C:\\Users\\jsw58\\Desktop\\itda-ocr\\data\\000178.jpg""]",incoming_432,incoming_432:29,1,[],[],[],[],[],[],[],[],[],[],[],[],"[{""source_record_id"": ""incoming_432:29"", ""source"": ""incoming_432"", ""source_path"": ""C:\\Users\\jsw58\\Downloads\\labelling data.csv"", ""source_row"": 29, ""image_id"": ""178"", ""raw"": {""image_id"": ""178"", ""year"": ""2026"", ""month"": ""6"", ""day"": ""25"", ""final_date"": ""2026-06-25""}, ""canonical"": {""year"": ""2026"", ""month"": ""06"", ""day"": ""25"", ""final_date"": ""2026-06-25""}, ""review_reason"": [], ""details"": [], ""format_changes"": [""month""]}]",2026,6,25,2026-06-25,,,,2026,06,25,2026-06-25,2026,06,25,2026-06-25,,,,,,ready_for_review,false,,,,false
182,C:\Users\jsw58\Desktop\itda-ocr\data\000182.jpg,"[""C:\\Users\\jsw58\\Desktop\\itda-ocr\\data\\000182.jpg""]",incoming_432,incoming_432:30,1,[],[],[],[],[],[],[],[],[],[],[],[],"[{""source_record_id"": ""incoming_432:30"", ""source"": ""incoming_432"", ""source_path"": ""C:\\Users\\jsw58\\Downloads\\labelling data.csv"", ""source_row"": 30, ""image_id"": ""182"", ""raw"": {""image_id"": ""182"", ""year"": ""2026"", ""month"": ""10"", ""day"": ""1"", ""final_date"": ""2026-10-01""}, ""canonical"": {""year"": ""2026"", ""month"": ""10"", ""day"": ""01"", ""final_date"": ""2026-10-01""}, ""review_reason"": [], ""details"": [], ""format_changes"": [""day""]}]",2026,10,1,2026-10-01,,,,2026,10,01,2026-10-01,2026,10,01,2026-10-01,,,,,,ready_for_review,false,,,,false
184,C:\Users\jsw58\Desktop\itda-ocr\data\000184.jpg,"[""C:\\Users\\jsw58\\Desktop\\itda-ocr\\data\\000184.jpg""]",incoming_432,incoming_432:31,1,[],[],[],[],[],[],[],[],[],[],[],[],"[{""source_record_id"": ""incoming_432:31"", ""source"": ""incoming_432"", ""source_path"": ""C:\\Users\\jsw58\\Downloads\\labelling data.csv"", ""source_row"": 31, ""image_id"": ""184"", ""raw"": {""image_id"": ""184"", ""year"": ""2027"", ""month"": ""11"", ""day"": ""19"", ""final_date"": ""2027-11-19""}, ""canonical"": {""year"": ""2027"", ""month"": ""11"", ""day"": ""19"", ""final_date"": ""2027-11-19""}, ""review_reason"": [], ""details"": [], ""format_changes"": []}]",2027,11,19,2027-11-19,,,,2027,11,19,2027-11-19,2027,11,19,2027-11-19,,,,,,ready_for_review,false,,,,false
189,C:\Users\jsw58\Desktop\itda-ocr\data\000189.jpg,"[""C:\\Users\\jsw58\\Desktop\\itda-ocr\\data\\000189.jpg""]",existing_300,existing_300:11,1,"[{""source_record_id"": ""existing_300:11"", ""source"": ""existing_300"", ""source_path"": ""C:\\Users\\jsw58\\Desktop\\itda-ocr\\labels\\labels_300.csv"", ""source_row"": 11, ""image_id"": ""189"", ""raw"": {""file_name"": ""000189.jpg"", ""image_id"": ""189"", ""year"": ""2026"", ""month"": ""08"", ""day"": ""25"", ""final_date"": ""2026-08-25"", ""notes"": """", ""Unnamed: 7"": """"}, ""canonical"": {""year"": ""2026"", ""month"": ""08"", ""day"": ""25"", ""final_date"": ""2026-08-25""}, ""review_reason"": [], ""details"": [], ""format_changes"": []}]",2026,08,25,2026-08-25,000189.jpg,,,2026,08,25,2026-08-25,[],[],[],[],[],[],[],[],[],[],[],[],2026,08,25,2026-08-25,,,,,,ready_for_review,false,,,,false
190,C:\Users\jsw58\Desktop\itda-ocr\data\000190.jpg,"[""C:\\Users\\jsw58\\Desktop\\itda-ocr\\data\\000190.jpg""]",incoming_432,incoming_432:32,1,[],[],[],[],[],[],[],[],[],[],[],[],"[{""source_record_id"": ""incoming_432:32"", ""source"": ""incoming_432"", ""source_path"": ""C:\\Users\\jsw58\\Downloads\\labelling data.csv"", ""source_row"": 32, ""image_id"": ""190"", ""raw"": {""image_id"": ""190"", ""year"": ""2026"", ""month"": ""11"", ""day"": ""22"", ""final_date"": ""2026-11-22""}, ""canonical"": {""year"": ""2026"", ""month"": ""11"", ""day"": ""22"", ""final_date"": ""2026-11-22""}, ""review_reason"": [], ""details"": [], ""format_changes"": []}]",2026,11,22,2026-11-22,,,,2026,11,22,2026-11-22,2026,11,22,2026-11-22,,,,,,ready_for_review,false,,,,false
194,C:\Users\jsw58\Desktop\itda-ocr\data\000194.jpg,"[""C:\\Users\\jsw58\\Desktop\\itda-ocr\\data\\000194.jpg""]",existing_300,existing_300:12,1,"[{""source_record_id"": ""existing_300:12"", ""source"": ""existing_300"", ""source_path"": ""C:\\Users\\jsw58\\Desktop\\itda-ocr\\labels\\labels_300.csv"", ""source_row"": 12, ""image_id"": ""194"", ""raw"": {""file_name"": ""000194.jpg"", ""image_id"": ""194"", ""year"": ""2027"", ""month"": ""04"", ""day"": ""23"", ""final_date"": ""2027-04-23"", ""notes"": """", ""Unnamed: 7"": """"}, ""canonical"": {""year"": ""2027"", ""month"": ""04"", ""day"": ""23"", ""final_date"": ""2027-04-23""}, ""review_reason"": [], ""details"": [], ""format_changes"": []}]",2027,04,23,2027-04-23,000194.jpg,,,2027,04,23,2027-04-23,[],[],[],[],[],[],[],[],[],[],[],[],2027,04,23,2027-04-23,,,,,,ready_for_review,false,,,,false
198,C:\Users\jsw58\Desktop\itda-ocr\data\000198.jpg,"[""C:\\Users\\jsw58\\Desktop\\itda-ocr\\data\\000198.jpg""]",incoming_432,incoming_432:33,1,[],[],[],[],[],[],[],[],[],[],[],[],"[{""source_record_id"": ""incoming_432:33"", ""source"": ""incoming_432"", ""source_path"": ""C:\\Users\\jsw58\\Downloads\\labelling data.csv"", ""source_row"": 33, ""image_id"": ""198"", ""raw"": {""image_id"": ""198"", ""year"": ""2026"", ""month"": ""5"", ""day"": ""8"", ""final_date"": ""2026-05-08""}, ""canonical"": {""year"": ""2026"", ""month"": ""05"", ""day"": ""08"", ""final_date"": ""2026-05-08""}, ""review_reason"": [], ""details"": [], ""format_changes"": [""month"", ""day""]}]",2026,5,8,2026-05-08,,,,2026,05,08,2026-05-08,2026,05,08,2026-05-08,,,,,,ready_for_review,false,,,,false
208,C:\Users\jsw58\Desktop\itda-ocr\data\000208.jpg,"[""C:\\Users\\jsw58\\Desktop\\itda-ocr\\data\\000208.jpg""]",incoming_432,incoming_432:34,1,[],[],[],[],[],[],[],[],[],[],[],[],"[{""source_record_id"": ""incoming_432:34"", ""source"": ""incoming_432"", ""source_path"": ""C:\\Users\\jsw58\\Downloads\\labelling data.csv"", ""source_row"": 34, ""image_id"": ""208"", ""raw"": {""image_id"": ""208"", ""year"": ""2026"", ""month"": ""4"", ""day"": ""13"", ""final_date"": ""2026-04-13""}, ""canonical"": {""year"": ""2026"", ""month"": ""04"", ""day"": ""13"", ""final_date"": ""2026-04-13""}, ""review_reason"": [], ""details"": [], ""format_changes"": [""month""]}]",2026,4,13,2026-04-13,,,,2026,04,13,2026-04-13,2026,04,13,2026-04-13,,,,,,ready_for_review,false,,,,false
214,C:\Users\jsw58\Desktop\itda-ocr\data\000214.jpg,"[""C:\\Users\\jsw58\\Desktop\\itda-ocr\\data\\000214.jpg""]",incoming_432,incoming_432:35,1,[],[],[],[],[],[],[],[],[],[],[],[],"[{""source_record_id"": ""incoming_432:35"", ""source"": ""incoming_432"", ""source_path"": ""C:\\Users\\jsw58\\Downloads\\labelling data.csv"", ""source_row"": 35, ""image_id"": ""214"", ""raw"": {""image_id"": ""214"", ""year"": ""2026"", ""month"": ""8"", ""day"": ""13"", ""final_date"": ""2026-08-13""}, ""canonical"": {""year"": ""2026"", ""month"": ""08"", ""day"": ""13"", ""final_date"": ""2026-08-13""}, ""review_reason"": [], ""details"": [], ""format_changes"": [""month""]}]",2026,8,13,2026-08-13,,,,2026,08,13,2026-08-13,2026,08,13,2026-08-13,,,,,,ready_for_review,false,,,,false
225,C:\Users\jsw58\Desktop\itda-ocr\data\000225.jpg,"[""C:\\Users\\jsw58\\Desktop\\itda-ocr\\data\\000225.jpg""]",existing_300,existing_300:159,1,"[{""source_record_id"": ""existing_300:159"", ""source"": ""existing_300"", ""source_path"": ""C:\\Users\\jsw58\\Desktop\\itda-ocr\\labels\\labels_300.csv"", ""source_row"": 159, ""image_id"": ""225"", ""raw"": {""file_name"": ""000225.jpg"", ""image_id"": ""225"", ""year"": ""2026"", ""month"": ""04"", ""day"": ""06"", ""final_date"": ""2026-04-06"", ""notes"": """", ""Unnamed: 7"": """"}, ""canonical"": {""year"": ""2026"", ""month"": ""04"", ""day"": ""06"", ""final_date"": ""2026-04-06""}, ""review_reason"": [], ""details"": [], ""format_changes"": []}]",2026,04,06,2026-04-06,000225.jpg,,,2026,04,06,2026-04-06,[],[],[],[],[],[],[],[],[],[],[],[],2026,04,06,2026-04-06,,,,,,ready_for_review,false,,,,false
226,C:\Users\jsw58\Desktop\itda-ocr\data\000226.jpg,"[""C:\\Users\\jsw58\\Desktop\\itda-ocr\\data\\000226.jpg""]",incoming_432,incoming_432:36,1,[],[],[],[],[],[],[],[],[],[],[],[],"[{""source_record_id"": ""incoming_432:36"", ""source"": ""incoming_432"", ""source_path"": ""C:\\Users\\jsw58\\Downloads\\labelling data.csv"", ""source_row"": 36, ""image_id"": ""226"", ""raw"": {""image_id"": ""226"", ""year"": ""2027"", ""month"": ""3"", ""day"": ""15"", ""final_date"": ""2027-03-15""}, ""canonical"": {""year"": ""2027"", ""month"": ""03"", ""day"": ""15"", ""final_date"": ""2027-03-15""}, ""review_reason"": [], ""details"": [], ""format_changes"": [""month""]}]",2027,3,15,2027-03-15,,,,2027,03,15,2027-03-15,2027,03,15,2027-03-15,,,,,,ready_for_review,false,,,,false
227,C:\Users\jsw58\Desktop\itda-ocr\data\000227.jpg,"[""C:\\Users\\jsw58\\Desktop\\itda-ocr\\data\\000227.jpg""]",existing_300,existing_300:160,1,"[{""source_record_id"": ""existing_300:160"", ""source"": ""existing_300"", ""source_path"": ""C:\\Users\\jsw58\\Desktop\\itda-ocr\\labels\\labels_300.csv"", ""source_row"": 160, ""image_id"": ""227"", ""raw"": {""file_name"": ""000227.jpg"", ""image_id"": ""227"", ""year"": ""2028"", ""month"": ""09"", ""day"": ""17"", ""final_date"": ""2028-09-17"", ""notes"": ""뒤에 F3"", ""Unnamed: 7"": """"}, ""canonical"": {""year"": ""2028"", ""month"": ""09"", ""day"": ""17"", ""final_date"": ""2028-09-17""}, ""review_reason"": [], ""details"": [], ""format_changes"": []}]",2028,09,17,2028-09-17,000227.jpg,뒤에 F3,,2028,09,17,2028-09-17,[],[],[],[],[],[],[],[],[],[],[],[],2028,09,17,2028-09-17,,,,,,ready_for_review,false,,,,false
230,C:\Users\jsw58\Desktop\itda-ocr\data\000230.jpg,"[""C:\\Users\\jsw58\\Desktop\\itda-ocr\\data\\000230.jpg""]",incoming_432,incoming_432:37,1,[],[],[],[],[],[],[],[],[],[],[],[],"[{""source_record_id"": ""incoming_432:37"", ""source"": ""incoming_432"", ""source_path"": ""C:\\Users\\jsw58\\Downloads\\labelling data.csv"", ""source_row"": 37, ""image_id"": ""230"", ""raw"": {""image_id"": ""230"", ""year"": ""2026"", ""month"": ""3"", ""day"": ""28"", ""final_date"": ""2026-03-28""}, ""canonical"": {""year"": ""2026"", ""month"": ""03"", ""day"": ""28"", ""final_date"": ""2026-03-28""}, ""review_reason"": [], ""details"": [], ""format_changes"": [""month""]}]",2026,3,28,2026-03-28,,,,2026,03,28,2026-03-28,2026,03,28,2026-03-28,,,,,,ready_for_review,false,,,,false
231,C:\Users\jsw58\Desktop\itda-ocr\data\000231.jpg,"[""C:\\Users\\jsw58\\Desktop\\itda-ocr\\data\\000231.jpg""]",incoming_432,incoming_432:38,1,[],[],[],[],[],[],[],[],[],[],[],[],"[{""source_record_id"": ""incoming_432:38"", ""source"": ""incoming_432"", ""source_path"": ""C:\\Users\\jsw58\\Downloads\\labelling data.csv"", ""source_row"": 38, ""image_id"": ""231"", ""raw"": {""image_id"": ""231"", ""year"": ""2028"", ""month"": ""5"", ""day"": ""27"", ""final_date"": ""2028-05-27""}, ""canonical"": {""year"": ""2028"", ""month"": ""05"", ""day"": ""27"", ""final_date"": ""2028-05-27""}, ""review_reason"": [], ""details"": [], ""format_changes"": [""month""]}]",2028,5,27,2028-05-27,,,,2028,05,27,2028-05-27,2028,05,27,2028-05-27,,,,,,ready_for_review,false,,,,false
232,C:\Users\jsw58\Desktop\itda-ocr\data\000232.jpg,"[""C:\\Users\\jsw58\\Desktop\\itda-ocr\\data\\000232.jpg""]",incoming_432,incoming_432:39,1,[],[],[],[],[],[],[],[],[],[],[],[],"[{""source_record_id"": ""incoming_432:39"", ""source"": ""incoming_432"", ""source_path"": ""C:\\Users\\jsw58\\Downloads\\labelling data.csv"", ""source_row"": 39, ""image_id"": ""232"", ""raw"": {""image_id"": ""232"", ""year"": ""2027"", ""month"": ""11"", ""day"": ""26"", ""final_date"": ""2027-11-26""}, ""canonical"": {""year"": ""2027"", ""month"": ""11"", ""day"": ""26"", ""final_date"": ""2027-11-26""}, ""review_reason"": [], ""details"": [], ""format_changes"": []}]",2027,11,26,2027-11-26,,,,2027,11,26,2027-11-26,2027,11,26,2027-11-26,,,,,,ready_for_review,false,,,,false
233,C:\Users\jsw58\Desktop\itda-ocr\data\000233.jpg,"[""C:\\Users\\jsw58\\Desktop\\itda-ocr\\data\\000233.jpg""]",incoming_432,incoming_432:40,1,[],[],[],[],[],[],[],[],[],[],[],[],"[{""source_record_id"": ""incoming_432:40"", ""source"": ""incoming_432"", ""source_path"": ""C:\\Users\\jsw58\\Downloads\\labelling data.csv"", ""source_row"": 40, ""image_id"": ""233"", ""raw"": {""image_id"": ""233"", ""year"": ""2028"", ""month"": ""1"", ""day"": ""13"", ""final_date"": ""2028-01-13""}, ""canonical"": {""year"": ""2028"", ""month"": ""01"", ""day"": ""13"", ""final_date"": ""2028-01-13""}, ""review_reason"": [], ""details"": [], ""format_changes"": [""month""]}]",2028,1,13,2028-01-13,,,,2028,01,13,2028-01-13,2028,01,13,2028-01-13,,,,,,ready_for_review,false,,,,false
241,C:\Users\jsw58\Desktop\itda-ocr\data\000241.jpg,"[""C:\\Users\\jsw58\\Desktop\\itda-ocr\\data\\000241.jpg""]",incoming_432,incoming_432:41,1,[],[],[],[],[],[],[],[],[],[],[],[],"[{""source_record_id"": ""incoming_432:41"", ""source"": ""incoming_432"", ""source_path"": ""C:\\Users\\jsw58\\Downloads\\labelling data.csv"", ""source_row"": 41, ""image_id"": ""241"", ""raw"": {""image_id"": ""241"", ""year"": ""2027"", ""month"": ""8"", ""day"": ""10"", ""final_date"": ""2027-08-10""}, ""canonical"": {""year"": ""2027"", ""month"": ""08"", ""day"": ""10"", ""final_date"": ""2027-08-10""}, ""review_reason"": [], ""details"": [], ""format_changes"": [""month""]}]",2027,8,10,2027-08-10,,,,2027,08,10,2027-08-10,2027,08,10,2027-08-10,,,,,,ready_for_review,false,,,,false
245,C:\Users\jsw58\Desktop\itda-ocr\data\000245.jpg,"[""C:\\Users\\jsw58\\Desktop\\itda-ocr\\data\\000245.jpg""]",existing_300,existing_300:13,1,"[{""source_record_id"": ""existing_300:13"", ""source"": ""existing_300"", ""source_path"": ""C:\\Users\\jsw58\\Desktop\\itda-ocr\\labels\\labels_300.csv"", ""source_row"": 13, ""image_id"": ""245"", ""raw"": {""file_name"": ""000245.jpg"", ""image_id"": ""245"", ""year"": ""2026"", ""month"": ""02"", ""day"": ""24"", ""final_date"": ""2026-02-24"", ""notes"": ""2025-09-25부터  2026-02-24까지"", ""Unnamed: 7"": ""반사있음""}, ""canonical"": {""year"": ""2026"", ""month"": ""02"", ""day"": ""24"", ""final_date"": ""2026-02-24""}, ""review_reason"": [], ""details"": [], ""format_changes"": []}]",2026,02,24,2026-02-24,000245.jpg,2025-09-25부터  2026-02-24까지,반사있음,2026,02,24,2026-02-24,[],[],[],[],[],[],[],[],[],[],[],[],2026,02,24,2026-02-24,,,,,,ready_for_review,false,,,,false
247,C:\Users\jsw58\Desktop\itda-ocr\data\000247.jpg,"[""C:\\Users\\jsw58\\Desktop\\itda-ocr\\data\\000247.jpg""]",incoming_432,incoming_432:42,1,[],[],[],[],[],[],[],[],[],[],[],[],"[{""source_record_id"": ""incoming_432:42"", ""source"": ""incoming_432"", ""source_path"": ""C:\\Users\\jsw58\\Downloads\\labelling data.csv"", ""source_row"": 42, ""image_id"": ""247"", ""raw"": {""image_id"": ""247"", ""year"": ""2026"", ""month"": ""5"", ""day"": ""20"", ""final_date"": ""2026-05-20""}, ""canonical"": {""year"": ""2026"", ""month"": ""05"", ""day"": ""20"", ""final_date"": ""2026-05-20""}, ""review_reason"": [], ""details"": [], ""format_changes"": [""month""]}]",2026,5,20,2026-05-20,,,,2026,05,20,2026-05-20,2026,05,20,2026-05-20,,,,,,ready_for_review,false,,,,false
250,C:\Users\jsw58\Desktop\itda-ocr\data\000250.jpg,"[""C:\\Users\\jsw58\\Desktop\\itda-ocr\\data\\000250.jpg""]",existing_300,existing_300:161,1,"[{""source_record_id"": ""existing_300:161"", ""source"": ""existing_300"", ""source_path"": ""C:\\Users\\jsw58\\Desktop\\itda-ocr\\labels\\labels_300.csv"", ""source_row"": 161, ""image_id"": ""250"", ""raw"": {""file_name"": ""000250.jpg"", ""image_id"": ""250"", ""year"": ""2026"", ""month"": ""03"", ""day"": ""04"", ""final_date"": ""2026-03-04"", ""notes"": ""날짜 두 개 같이 있음"", ""Unnamed: 7"": """"}, ""canonical"": {""year"": ""2026"", ""month"": ""03"", ""day"": ""04"", ""final_date"": ""2026-03-04""}, ""review_reason"": [], ""details"": [], ""format_changes"": []}]",2026,03,04,2026-03-04,000250.jpg,날짜 두 개 같이 있음,,2026,03,04,2026-03-04,[],[],[],[],[],[],[],[],[],[],[],[],2026,03,04,2026-03-04,,,,,,ready_for_review,false,,,,false
251,C:\Users\jsw58\Desktop\itda-ocr\data\000251.jpg,"[""C:\\Users\\jsw58\\Desktop\\itda-ocr\\data\\000251.jpg""]",incoming_432,incoming_432:43,1,[],[],[],[],[],[],[],[],[],[],[],[],"[{""source_record_id"": ""incoming_432:43"", ""source"": ""incoming_432"", ""source_path"": ""C:\\Users\\jsw58\\Downloads\\labelling data.csv"", ""source_row"": 43, ""image_id"": ""251"", ""raw"": {""image_id"": ""251"", ""year"": ""2026"", ""month"": ""2"", ""day"": ""24"", ""final_date"": ""2026-02-24""}, ""canonical"": {""year"": ""2026"", ""month"": ""02"", ""day"": ""24"", ""final_date"": ""2026-02-24""}, ""review_reason"": [], ""details"": [], ""format_changes"": [""month""]}]",2026,2,24,2026-02-24,,,,2026,02,24,2026-02-24,2026,02,24,2026-02-24,,,,,,ready_for_review,false,,,,false
260,C:\Users\jsw58\Desktop\itda-ocr\data\000260.jpg,"[""C:\\Users\\jsw58\\Desktop\\itda-ocr\\data\\000260.jpg""]",incoming_432,incoming_432:44,1,[],[],[],[],[],[],[],[],[],[],[],[],"[{""source_record_id"": ""incoming_432:44"", ""source"": ""incoming_432"", ""source_path"": ""C:\\Users\\jsw58\\Downloads\\labelling data.csv"", ""source_row"": 44, ""image_id"": ""260"", ""raw"": {""image_id"": ""260"", ""year"": ""2027"", ""month"": ""4"", ""day"": ""1"", ""final_date"": ""2027-04-01""}, ""canonical"": {""year"": ""2027"", ""month"": ""04"", ""day"": ""01"", ""final_date"": ""2027-04-01""}, ""review_reason"": [], ""details"": [], ""format_changes"": [""month"", ""day""]}]",2027,4,1,2027-04-01,,,,2027,04,01,2027-04-01,2027,04,01,2027-04-01,,,,,,ready_for_review,false,,,,false
266,C:\Users\jsw58\Desktop\itda-ocr\data\000266.jpg,"[""C:\\Users\\jsw58\\Desktop\\itda-ocr\\data\\000266.jpg""]",existing_300,existing_300:162,1,"[{""source_record_id"": ""existing_300:162"", ""source"": ""existing_300"", ""source_path"": ""C:\\Users\\jsw58\\Desktop\\itda-ocr\\labels\\labels_300.csv"", ""source_row"": 162, ""image_id"": ""266"", ""raw"": {""file_name"": ""000266.jpg"", ""image_id"": ""266"", ""year"": ""2025"", ""month"": ""12"", ""day"": ""04"", ""final_date"": ""2025-12-04"", ""notes"": ""내가 봐도 잘 안보임;; 빨강색이라 배경 어두움"", ""Unnamed: 7"": """"}, ""canonical"": {""year"": ""2025"", ""month"": ""12"", ""day"": ""04"", ""final_date"": ""2025-12-04""}, ""review_reason"": [], ""details"": [], ""format_changes"": []}]",2025,12,04,2025-12-04,000266.jpg,내가 봐도 잘 안보임;; 빨강색이라 배경 어두움,,2025,12,04,2025-12-04,[],[],[],[],[],[],[],[],[],[],[],[],2025,12,04,2025-12-04,,,,,,ready_for_review,false,,,,false
268,C:\Users\jsw58\Desktop\itda-ocr\data\000268.jpg,"[""C:\\Users\\jsw58\\Desktop\\itda-ocr\\data\\000268.jpg""]",existing_300,existing_300:14,1,"[{""source_record_id"": ""existing_300:14"", ""source"": ""existing_300"", ""source_path"": ""C:\\Users\\jsw58\\Desktop\\itda-ocr\\labels\\labels_300.csv"", ""source_row"": 14, ""image_id"": ""268"", ""raw"": {""file_name"": ""000268.jpg"", ""image_id"": ""268"", ""year"": ""2026"", ""month"": ""07"", ""day"": ""14"", ""final_date"": ""2026-07-14"", ""notes"": """", ""Unnamed: 7"": """"}, ""canonical"": {""year"": ""2026"", ""month"": ""07"", ""day"": ""14"", ""final_date"": ""2026-07-14""}, ""review_reason"": [], ""details"": [], ""format_changes"": []}]",2026,07,14,2026-07-14,000268.jpg,,,2026,07,14,2026-07-14,[],[],[],[],[],[],[],[],[],[],[],[],2026,07,14,2026-07-14,,,,,,ready_for_review,false,,,,false
275,C:\Users\jsw58\Desktop\itda-ocr\data\000275.jpg,"[""C:\\Users\\jsw58\\Desktop\\itda-ocr\\data\\000275.jpg""]",incoming_432,incoming_432:45,1,[],[],[],[],[],[],[],[],[],[],[],[],"[{""source_record_id"": ""incoming_432:45"", ""source"": ""incoming_432"", ""source_path"": ""C:\\Users\\jsw58\\Downloads\\labelling data.csv"", ""source_row"": 45, ""image_id"": ""275"", ""raw"": {""image_id"": ""275"", ""year"": ""2026"", ""month"": ""4"", ""day"": ""23"", ""final_date"": ""2026-04-23""}, ""canonical"": {""year"": ""2026"", ""month"": ""04"", ""day"": ""23"", ""final_date"": ""2026-04-23""}, ""review_reason"": [], ""details"": [], ""format_changes"": [""month""]}]",2026,4,23,2026-04-23,,,,2026,04,23,2026-04-23,2026,04,23,2026-04-23,,,,,,ready_for_review,false,,,,false
280,C:\Users\jsw58\Desktop\itda-ocr\data\000280.jpg,"[""C:\\Users\\jsw58\\Desktop\\itda-ocr\\data\\000280.jpg""]",existing_300,existing_300:15,1,"[{""source_record_id"": ""existing_300:15"", ""source"": ""existing_300"", ""source_path"": ""C:\\Users\\jsw58\\Desktop\\itda-ocr\\labels\\labels_300.csv"", ""source_row"": 15, ""image_id"": ""280"", ""raw"": {""file_name"": ""000280.jpg"", ""image_id"": ""280"", ""year"": ""2026"", ""month"": ""03"", ""day"": ""23"", ""final_date"": ""2026-03-23"", ""notes"": """", ""Unnamed: 7"": """"}, ""canonical"": {""year"": ""2026"", ""month"": ""03"", ""day"": ""23"", ""final_date"": ""2026-03-23""}, ""review_reason"": [], ""details"": [], ""format_changes"": []}]",2026,03,23,2026-03-23,000280.jpg,,,2026,03,23,2026-03-23,[],[],[],[],[],[],[],[],[],[],[],[],2026,03,23,2026-03-23,,,,,,ready_for_review,false,,,,false
283,C:\Users\jsw58\Desktop\itda-ocr\data\000283.jpg,"[""C:\\Users\\jsw58\\Desktop\\itda-ocr\\data\\000283.jpg""]",incoming_432,incoming_432:46,1,[],[],[],[],[],[],[],[],[],[],[],[],"[{""source_record_id"": ""incoming_432:46"", ""source"": ""incoming_432"", ""source_path"": ""C:\\Users\\jsw58\\Downloads\\labelling data.csv"", ""source_row"": 46, ""image_id"": ""283"", ""raw"": {""image_id"": ""283"", ""year"": ""2027"", ""month"": ""9"", ""day"": ""17"", ""final_date"": ""2027-09-17""}, ""canonical"": {""year"": ""2027"", ""month"": ""09"", ""day"": ""17"", ""final_date"": ""2027-09-17""}, ""review_reason"": [], ""details"": [], ""format_changes"": [""month""]}]",2027,9,17,2027-09-17,,,,2027,09,17,2027-09-17,2027,09,17,2027-09-17,,,,,,ready_for_review,false,,,,false
287,C:\Users\jsw58\Desktop\itda-ocr\data\000287.jpg,"[""C:\\Users\\jsw58\\Desktop\\itda-ocr\\data\\000287.jpg""]",existing_300,existing_300:163,1,"[{""source_record_id"": ""existing_300:163"", ""source"": ""existing_300"", ""source_path"": ""C:\\Users\\jsw58\\Desktop\\itda-ocr\\labels\\labels_300.csv"", ""source_row"": 163, ""image_id"": ""287"", ""raw"": {""file_name"": ""000287.jpg"", ""image_id"": ""287"", ""year"": ""2027"", ""month"": ""02"", ""day"": ""18"", ""final_date"": ""2027-02-18"", ""notes"": ""I11 뒤에"", ""Unnamed: 7"": """"}, ""canonical"": {""year"": ""2027"", ""month"": ""02"", ""day"": ""18"", ""final_date"": ""2027-02-18""}, ""review_reason"": [], ""details"": [], ""format_changes"": []}]",2027,02,18,2027-02-18,000287.jpg,I11 뒤에,,2027,02,18,2027-02-18,[],[],[],[],[],[],[],[],[],[],[],[],2027,02,18,2027-02-18,,,,,,ready_for_review,false,,,,false
292,C:\Users\jsw58\Desktop\itda-ocr\data\000292.jpg,"[""C:\\Users\\jsw58\\Desktop\\itda-ocr\\data\\000292.jpg""]",existing_300,existing_300:164,1,"[{""source_record_id"": ""existing_300:164"", ""source"": ""existing_300"", ""source_path"": ""C:\\Users\\jsw58\\Desktop\\itda-ocr\\labels\\labels_300.csv"", ""source_row"": 164, ""image_id"": ""292"", ""raw"": {""file_name"": ""000292.jpg"", ""image_id"": ""292"", ""year"": ""2026"", ""month"": ""02"", ""day"": ""13"", ""final_date"": ""2026-02-13"", ""notes"": ""검정 배경, 회색 글씨인데 날짜가 거꾸로 13/02/2026로 적혀있어서 헷갈림"", ""Unnamed: 7"": """"}, ""canonical"": {""year"": ""2026"", ""month"": ""02"", ""day"": ""13"", ""final_date"": ""2026-02-13""}, ""review_reason"": [], ""details"": [], ""format_changes"": []}]",2026,02,13,2026-02-13,000292.jpg,"검정 배경, 회색 글씨인데 날짜가 거꾸로 13/02/2026로 적혀있어서 헷갈림",,2026,02,13,2026-02-13,[],[],[],[],[],[],[],[],[],[],[],[],2026,02,13,2026-02-13,,,,,,ready_for_review,false,,,,false
296,C:\Users\jsw58\Desktop\itda-ocr\data\000296.jpg,"[""C:\\Users\\jsw58\\Desktop\\itda-ocr\\data\\000296.jpg""]",incoming_432,incoming_432:47,1,[],[],[],[],[],[],[],[],[],[],[],[],"[{""source_record_id"": ""incoming_432:47"", ""source"": ""incoming_432"", ""source_path"": ""C:\\Users\\jsw58\\Downloads\\labelling data.csv"", ""source_row"": 47, ""image_id"": ""296"", ""raw"": {""image_id"": ""296"", ""year"": ""2026"", ""month"": ""7"", ""day"": ""28"", ""final_date"": ""2026-07-28""}, ""canonical"": {""year"": ""2026"", ""month"": ""07"", ""day"": ""28"", ""final_date"": ""2026-07-28""}, ""review_reason"": [], ""details"": [], ""format_changes"": [""month""]}]",2026,7,28,2026-07-28,,,,2026,07,28,2026-07-28,2026,07,28,2026-07-28,,,,,,ready_for_review,false,,,,false
299,C:\Users\jsw58\Desktop\itda-ocr\data\000299.jpg,"[""C:\\Users\\jsw58\\Desktop\\itda-ocr\\data\\000299.jpg""]",existing_300,existing_300:165,1,"[{""source_record_id"": ""existing_300:165"", ""source"": ""existing_300"", ""source_path"": ""C:\\Users\\jsw58\\Desktop\\itda-ocr\\labels\\labels_300.csv"", ""source_row"": 165, ""image_id"": ""299"", ""raw"": {""file_name"": ""000299.jpg"", ""image_id"": ""299"", ""year"": ""2026"", ""month"": ""05"", ""day"": ""13"", ""final_date"": ""2026-05-13"", ""notes"": ""까지"", ""Unnamed: 7"": """"}, ""canonical"": {""year"": ""2026"", ""month"": ""05"", ""day"": ""13"", ""final_date"": ""2026-05-13""}, ""review_reason"": [], ""details"": [], ""format_changes"": []}]",2026,05,13,2026-05-13,000299.jpg,까지,,2026,05,13,2026-05-13,[],[],[],[],[],[],[],[],[],[],[],[],2026,05,13,2026-05-13,,,,,,ready_for_review,false,,,,false
304,C:\Users\jsw58\Desktop\itda-ocr\data\000304.jpg,"[""C:\\Users\\jsw58\\Desktop\\itda-ocr\\data\\000304.jpg""]",incoming_432,incoming_432:48,1,[],[],[],[],[],[],[],[],[],[],[],[],"[{""source_record_id"": ""incoming_432:48"", ""source"": ""incoming_432"", ""source_path"": ""C:\\Users\\jsw58\\Downloads\\labelling data.csv"", ""source_row"": 48, ""image_id"": ""304"", ""raw"": {""image_id"": ""304"", ""year"": ""2026"", ""month"": ""6"", ""day"": ""1"", ""final_date"": ""2026-06-01""}, ""canonical"": {""year"": ""2026"", ""month"": ""06"", ""day"": ""01"", ""final_date"": ""2026-06-01""}, ""review_reason"": [], ""details"": [], ""format_changes"": [""month"", ""day""]}]",2026,6,1,2026-06-01,,,,2026,06,01,2026-06-01,2026,06,01,2026-06-01,,,,,,ready_for_review,false,,,,false
311,C:\Users\jsw58\Desktop\itda-ocr\data\000311.jpg,"[""C:\\Users\\jsw58\\Desktop\\itda-ocr\\data\\000311.jpg""]",incoming_432,incoming_432:49,1,[],[],[],[],[],[],[],[],[],[],[],[],"[{""source_record_id"": ""incoming_432:49"", ""source"": ""incoming_432"", ""source_path"": ""C:\\Users\\jsw58\\Downloads\\labelling data.csv"", ""source_row"": 49, ""image_id"": ""311"", ""raw"": {""image_id"": ""311"", ""year"": ""2026"", ""month"": ""8"", ""day"": ""9"", ""final_date"": ""2026-08-09""}, ""canonical"": {""year"": ""2026"", ""month"": ""08"", ""day"": ""09"", ""final_date"": ""2026-08-09""}, ""review_reason"": [], ""details"": [], ""format_changes"": [""month"", ""day""]}]",2026,8,9,2026-08-09,,,,2026,08,09,2026-08-09,2026,08,09,2026-08-09,,,,,,ready_for_review,false,,,,false
321,C:\Users\jsw58\Desktop\itda-ocr\data\000321.jpg,"[""C:\\Users\\jsw58\\Desktop\\itda-ocr\\data\\000321.jpg""]",existing_300,existing_300:16,1,"[{""source_record_id"": ""existing_300:16"", ""source"": ""existing_300"", ""source_path"": ""C:\\Users\\jsw58\\Desktop\\itda-ocr\\labels\\labels_300.csv"", ""source_row"": 16, ""image_id"": ""321"", ""raw"": {""file_name"": ""000321.jpg"", ""image_id"": ""321"", ""year"": ""2025"", ""month"": ""10"", ""day"": ""29"", ""final_date"": ""2025-10-29"", ""notes"": """", ""Unnamed: 7"": """"}, ""canonical"": {""year"": ""2025"", ""month"": ""10"", ""day"": ""29"", ""final_date"": ""2025-10-29""}, ""review_reason"": [], ""details"": [], ""format_changes"": []}]",2025,10,29,2025-10-29,000321.jpg,,,2025,10,29,2025-10-29,[],[],[],[],[],[],[],[],[],[],[],[],2025,10,29,2025-10-29,,,,,,ready_for_review,false,,,,false
324,C:\Users\jsw58\Desktop\itda-ocr\data\000324.jpg,"[""C:\\Users\\jsw58\\Desktop\\itda-ocr\\data\\000324.jpg""]",existing_300,existing_300:166,1,"[{""source_record_id"": ""existing_300:166"", ""source"": ""existing_300"", ""source_path"": ""C:\\Users\\jsw58\\Desktop\\itda-ocr\\labels\\labels_300.csv"", ""source_row"": 166, ""image_id"": ""324"", ""raw"": {""file_name"": ""000324.jpg"", ""image_id"": ""324"", ""year"": ""2027"", ""month"": ""05"", ""day"": ""15"", ""final_date"": ""2027-05-15"", ""notes"": ""까지"", ""Unnamed: 7"": """"}, ""canonical"": {""year"": ""2027"", ""month"": ""05"", ""day"": ""15"", ""final_date"": ""2027-05-15""}, ""review_reason"": [], ""details"": [], ""format_changes"": []}]",2027,05,15,2027-05-15,000324.jpg,까지,,2027,05,15,2027-05-15,[],[],[],[],[],[],[],[],[],[],[],[],2027,05,15,2027-05-15,,,,,,ready_for_review,false,,,,false
327,C:\Users\jsw58\Desktop\itda-ocr\data\000327.jpg,"[""C:\\Users\\jsw58\\Desktop\\itda-ocr\\data\\000327.jpg""]",existing_300;incoming_432,existing_300:167;incoming_432:50,2,"[{""source_record_id"": ""existing_300:167"", ""source"": ""existing_300"", ""source_path"": ""C:\\Users\\jsw58\\Desktop\\itda-ocr\\labels\\labels_300.csv"", ""source_row"": 167, ""image_id"": ""327"", ""raw"": {""file_name"": ""000327.jpg"", ""image_id"": ""327"", ""year"": ""2025"", ""month"": ""10"", ""day"": ""21"", ""final_date"": ""2025-10-21"", ""notes"": ""A로 끝남, 색 연해서 잘 안보임"", ""Unnamed: 7"": """"}, ""canonical"": {""year"": ""2025"", ""month"": ""10"", ""day"": ""21"", ""final_date"": ""2025-10-21""}, ""review_reason"": [], ""details"": [], ""format_changes"": []}]",2025,10,21,2025-10-21,000327.jpg,"A로 끝남, 색 연해서 잘 안보임",,2025,10,21,2025-10-21,"[{""source_record_id"": ""incoming_432:50"", ""source"": ""incoming_432"", ""source_path"": ""C:\\Users\\jsw58\\Downloads\\labelling data.csv"", ""source_row"": 50, ""image_id"": ""327"", ""raw"": {""image_id"": ""327"", ""year"": ""2025"", ""month"": ""10"", ""day"": ""21"", ""final_date"": ""2025-10-21""}, ""canonical"": {""year"": ""2025"", ""month"": ""10"", ""day"": ""21"", ""final_date"": ""2025-10-21""}, ""review_reason"": [], ""details"": [], ""format_changes"": []}]",2025,10,21,2025-10-21,,,,2025,10,21,2025-10-21,2025,10,21,2025-10-21,,,,,,ready_for_review,false,,,,false
331,C:\Users\jsw58\Desktop\itda-ocr\data\000331.jpg,"[""C:\\Users\\jsw58\\Desktop\\itda-ocr\\data\\000331.jpg""]",existing_300,existing_300:17,1,"[{""source_record_id"": ""existing_300:17"", ""source"": ""existing_300"", ""source_path"": ""C:\\Users\\jsw58\\Desktop\\itda-ocr\\labels\\labels_300.csv"", ""source_row"": 17, ""image_id"": ""331"", ""raw"": {""file_name"": ""000331.jpg"", ""image_id"": ""331"", ""year"": ""2025"", ""month"": ""10"", ""day"": ""31"", ""final_date"": ""2025-10-31"", ""notes"": """", ""Unnamed: 7"": """"}, ""canonical"": {""year"": ""2025"", ""month"": ""10"", ""day"": ""31"", ""final_date"": ""2025-10-31""}, ""review_reason"": [], ""details"": [], ""format_changes"": []}]",2025,10,31,2025-10-31,000331.jpg,,,2025,10,31,2025-10-31,[],[],[],[],[],[],[],[],[],[],[],[],2025,10,31,2025-10-31,,,,,,ready_for_review,false,,,,false
336,C:\Users\jsw58\Desktop\itda-ocr\data\000336.jpg,"[""C:\\Users\\jsw58\\Desktop\\itda-ocr\\data\\000336.jpg""]",incoming_432,incoming_432:51,1,[],[],[],[],[],[],[],[],[],[],[],[],"[{""source_record_id"": ""incoming_432:51"", ""source"": ""incoming_432"", ""source_path"": ""C:\\Users\\jsw58\\Downloads\\labelling data.csv"", ""source_row"": 51, ""image_id"": ""336"", ""raw"": {""image_id"": ""336"", ""year"": ""2025"", ""month"": ""11"", ""day"": ""20"", ""final_date"": ""2025-11-20""}, ""canonical"": {""year"": ""2025"", ""month"": ""11"", ""day"": ""20"", ""final_date"": ""2025-11-20""}, ""review_reason"": [], ""details"": [], ""format_changes"": []}]",2025,11,20,2025-11-20,,,,2025,11,20,2025-11-20,2025,11,20,2025-11-20,,,,,,ready_for_review,false,,,,false
342,C:\Users\jsw58\Desktop\itda-ocr\data\000342.jpg,"[""C:\\Users\\jsw58\\Desktop\\itda-ocr\\data\\000342.jpg""]",incoming_432,incoming_432:52,1,[],[],[],[],[],[],[],[],[],[],[],[],"[{""source_record_id"": ""incoming_432:52"", ""source"": ""incoming_432"", ""source_path"": ""C:\\Users\\jsw58\\Downloads\\labelling data.csv"", ""source_row"": 52, ""image_id"": ""342"", ""raw"": {""image_id"": ""342"", ""year"": ""2026"", ""month"": ""6"", ""day"": ""22"", ""final_date"": ""2026-06-22""}, ""canonical"": {""year"": ""2026"", ""month"": ""06"", ""day"": ""22"", ""final_date"": ""2026-06-22""}, ""review_reason"": [], ""details"": [], ""format_changes"": [""month""]}]",2026,6,22,2026-06-22,,,,2026,06,22,2026-06-22,2026,06,22,2026-06-22,,,,,,ready_for_review,false,,,,false
350,C:\Users\jsw58\Desktop\itda-ocr\data\000350.jpg,"[""C:\\Users\\jsw58\\Desktop\\itda-ocr\\data\\000350.jpg""]",incoming_432,incoming_432:53,1,[],[],[],[],[],[],[],[],[],[],[],[],"[{""source_record_id"": ""incoming_432:53"", ""source"": ""incoming_432"", ""source_path"": ""C:\\Users\\jsw58\\Downloads\\labelling data.csv"", ""source_row"": 53, ""image_id"": ""350"", ""raw"": {""image_id"": ""350"", ""year"": ""2027"", ""month"": ""5"", ""day"": ""15"", ""final_date"": ""2027-05-15""}, ""canonical"": {""year"": ""2027"", ""month"": ""05"", ""day"": ""15"", ""final_date"": ""2027-05-15""}, ""review_reason"": [], ""details"": [], ""format_changes"": [""month""]}]",2027,5,15,2027-05-15,,,,2027,05,15,2027-05-15,2027,05,15,2027-05-15,,,,,,ready_for_review,false,,,,false
352,C:\Users\jsw58\Desktop\itda-ocr\data\000352.jpg,"[""C:\\Users\\jsw58\\Desktop\\itda-ocr\\data\\000352.jpg""]",existing_300,existing_300:18,1,"[{""source_record_id"": ""existing_300:18"", ""source"": ""existing_300"", ""source_path"": ""C:\\Users\\jsw58\\Desktop\\itda-ocr\\labels\\labels_300.csv"", ""source_row"": 18, ""image_id"": ""352"", ""raw"": {""file_name"": ""000352.jpg"", ""image_id"": ""352"", ""year"": ""2026"", ""month"": ""08"", ""day"": ""27"", ""final_date"": ""2026-08-27"", ""notes"": """", ""Unnamed: 7"": """"}, ""canonical"": {""year"": ""2026"", ""month"": ""08"", ""day"": ""27"", ""final_date"": ""2026-08-27""}, ""review_reason"": [], ""details"": [], ""format_changes"": []}]",2026,08,27,2026-08-27,000352.jpg,,,2026,08,27,2026-08-27,[],[],[],[],[],[],[],[],[],[],[],[],2026,08,27,2026-08-27,,,,,,ready_for_review,false,,,,false
366,C:\Users\jsw58\Desktop\itda-ocr\data\000366.jpg,"[""C:\\Users\\jsw58\\Desktop\\itda-ocr\\data\\000366.jpg""]",existing_300;incoming_432,existing_300:19;incoming_432:54,2,"[{""source_record_id"": ""existing_300:19"", ""source"": ""existing_300"", ""source_path"": ""C:\\Users\\jsw58\\Desktop\\itda-ocr\\labels\\labels_300.csv"", ""source_row"": 19, ""image_id"": ""366"", ""raw"": {""file_name"": ""000366.jpg"", ""image_id"": ""366"", ""year"": ""2026"", ""month"": ""09"", ""day"": ""05"", ""final_date"": ""2026-09-05"", ""notes"": """", ""Unnamed: 7"": """"}, ""canonical"": {""year"": ""2026"", ""month"": ""09"", ""day"": ""05"", ""final_date"": ""2026-09-05""}, ""review_reason"": [], ""details"": [], ""format_changes"": []}]",2026,09,05,2026-09-05,000366.jpg,,,2026,09,05,2026-09-05,"[{""source_record_id"": ""incoming_432:54"", ""source"": ""incoming_432"", ""source_path"": ""C:\\Users\\jsw58\\Downloads\\labelling data.csv"", ""source_row"": 54, ""image_id"": ""366"", ""raw"": {""image_id"": ""366"", ""year"": ""2026"", ""month"": ""9"", ""day"": ""5"", ""final_date"": ""2026-09-05""}, ""canonical"": {""year"": ""2026"", ""month"": ""09"", ""day"": ""05"", ""final_date"": ""2026-09-05""}, ""review_reason"": [], ""details"": [], ""format_changes"": [""month"", ""day""]}]",2026,9,5,2026-09-05,,,,2026,09,05,2026-09-05,2026,09,05,2026-09-05,,,,,,ready_for_review,false,,,,false
368,C:\Users\jsw58\Desktop\itda-ocr\data\000368.jpg,"[""C:\\Users\\jsw58\\Desktop\\itda-ocr\\data\\000368.jpg""]",incoming_432,incoming_432:55,1,[],[],[],[],[],[],[],[],[],[],[],[],"[{""source_record_id"": ""incoming_432:55"", ""source"": ""incoming_432"", ""source_path"": ""C:\\Users\\jsw58\\Downloads\\labelling data.csv"", ""source_row"": 55, ""image_id"": ""368"", ""raw"": {""image_id"": ""368"", ""year"": ""2026"", ""month"": ""9"", ""day"": ""22"", ""final_date"": ""2026-09-22""}, ""canonical"": {""year"": ""2026"", ""month"": ""09"", ""day"": ""22"", ""final_date"": ""2026-09-22""}, ""review_reason"": [], ""details"": [], ""format_changes"": [""month""]}]",2026,9,22,2026-09-22,,,,2026,09,22,2026-09-22,2026,09,22,2026-09-22,,,,,,ready_for_review,false,,,,false
377,C:\Users\jsw58\Desktop\itda-ocr\data\000377.jpg,"[""C:\\Users\\jsw58\\Desktop\\itda-ocr\\data\\000377.jpg""]",incoming_432,incoming_432:56,1,[],[],[],[],[],[],[],[],[],[],[],[],"[{""source_record_id"": ""incoming_432:56"", ""source"": ""incoming_432"", ""source_path"": ""C:\\Users\\jsw58\\Downloads\\labelling data.csv"", ""source_row"": 56, ""image_id"": ""377"", ""raw"": {""image_id"": ""377"", ""year"": ""2026"", ""month"": ""7"", ""day"": ""1"", ""final_date"": ""2026-07-01""}, ""canonical"": {""year"": ""2026"", ""month"": ""07"", ""day"": ""01"", ""final_date"": ""2026-07-01""}, ""review_reason"": [], ""details"": [], ""format_changes"": [""month"", ""day""]}]",2026,7,1,2026-07-01,,,,2026,07,01,2026-07-01,2026,07,01,2026-07-01,,,,,,ready_for_review,false,,,,false
378,C:\Users\jsw58\Desktop\itda-ocr\data\000378.jpg,"[""C:\\Users\\jsw58\\Desktop\\itda-ocr\\data\\000378.jpg""]",existing_300,existing_300:168,1,"[{""source_record_id"": ""existing_300:168"", ""source"": ""existing_300"", ""source_path"": ""C:\\Users\\jsw58\\Desktop\\itda-ocr\\labels\\labels_300.csv"", ""source_row"": 168, ""image_id"": ""378"", ""raw"": {""file_name"": ""000378.jpg"", ""image_id"": ""378"", ""year"": ""2026"", ""month"": ""05"", ""day"": ""29"", ""final_date"": ""2026-05-29"", ""notes"": ""날짜가 두 개인데 게다가 거꾸로"", ""Unnamed: 7"": """"}, ""canonical"": {""year"": ""2026"", ""month"": ""05"", ""day"": ""29"", ""final_date"": ""2026-05-29""}, ""review_reason"": [], ""details"": [], ""format_changes"": []}]",2026,05,29,2026-05-29,000378.jpg,날짜가 두 개인데 게다가 거꾸로,,2026,05,29,2026-05-29,[],[],[],[],[],[],[],[],[],[],[],[],2026,05,29,2026-05-29,,,,,,ready_for_review,false,,,,false
382,C:\Users\jsw58\Desktop\itda-ocr\data\000382.jpg,"[""C:\\Users\\jsw58\\Desktop\\itda-ocr\\data\\000382.jpg""]",existing_300,existing_300:169,1,"[{""source_record_id"": ""existing_300:169"", ""source"": ""existing_300"", ""source_path"": ""C:\\Users\\jsw58\\Desktop\\itda-ocr\\labels\\labels_300.csv"", ""source_row"": 169, ""image_id"": ""382"", ""raw"": {""file_name"": ""000382.jpg"", ""image_id"": ""382"", ""year"": ""2026"", ""month"": ""08"", ""day"": ""18"", ""final_date"": ""2026-08-18"", ""notes"": """", ""Unnamed: 7"": """"}, ""canonical"": {""year"": ""2026"", ""month"": ""08"", ""day"": ""18"", ""final_date"": ""2026-08-18""}, ""review_reason"": [], ""details"": [], ""format_changes"": []}]",2026,08,18,2026-08-18,000382.jpg,,,2026,08,18,2026-08-18,[],[],[],[],[],[],[],[],[],[],[],[],2026,08,18,2026-08-18,,,,,,ready_for_review,false,,,,false
383,C:\Users\jsw58\Desktop\itda-ocr\data\000383.jpg,"[""C:\\Users\\jsw58\\Desktop\\itda-ocr\\data\\000383.jpg""]",existing_300,existing_300:20,1,"[{""source_record_id"": ""existing_300:20"", ""source"": ""existing_300"", ""source_path"": ""C:\\Users\\jsw58\\Desktop\\itda-ocr\\labels\\labels_300.csv"", ""source_row"": 20, ""image_id"": ""383"", ""raw"": {""file_name"": ""000383.jpg"", ""image_id"": ""383"", ""year"": ""2026"", ""month"": ""04"", ""day"": ""03"", ""final_date"": ""2026-04-03"", ""notes"": """", ""Unnamed: 7"": """"}, ""canonical"": {""year"": ""2026"", ""month"": ""04"", ""day"": ""03"", ""final_date"": ""2026-04-03""}, ""review_reason"": [], ""details"": [], ""format_changes"": []}]",2026,04,03,2026-04-03,000383.jpg,,,2026,04,03,2026-04-03,[],[],[],[],[],[],[],[],[],[],[],[],2026,04,03,2026-04-03,,,,,,ready_for_review,false,,,,false
384,C:\Users\jsw58\Desktop\itda-ocr\data\000384.jpg,"[""C:\\Users\\jsw58\\Desktop\\itda-ocr\\data\\000384.jpg""]",existing_300,existing_300:170,1,"[{""source_record_id"": ""existing_300:170"", ""source"": ""existing_300"", ""source_path"": ""C:\\Users\\jsw58\\Desktop\\itda-ocr\\labels\\labels_300.csv"", ""source_row"": 170, ""image_id"": ""384"", ""raw"": {""file_name"": ""000384.jpg"", ""image_id"": ""384"", ""year"": ""2026"", ""month"": ""07"", ""day"": ""08"", ""final_date"": ""2026-07-08"", ""notes"": ""날자 두 개, 글씨 작음"", ""Unnamed: 7"": """"}, ""canonical"": {""year"": ""2026"", ""month"": ""07"", ""day"": ""08"", ""final_date"": ""2026-07-08""}, ""review_reason"": [], ""details"": [], ""format_changes"": []}]",2026,07,08,2026-07-08,000384.jpg,"날자 두 개, 글씨 작음",,2026,07,08,2026-07-08,[],[],[],[],[],[],[],[],[],[],[],[],2026,07,08,2026-07-08,,,,,,ready_for_review,false,,,,false
386,C:\Users\jsw58\Desktop\itda-ocr\data\000386.jpg,"[""C:\\Users\\jsw58\\Desktop\\itda-ocr\\data\\000386.jpg""]",incoming_432,incoming_432:57,1,[],[],[],[],[],[],[],[],[],[],[],[],"[{""source_record_id"": ""incoming_432:57"", ""source"": ""incoming_432"", ""source_path"": ""C:\\Users\\jsw58\\Downloads\\labelling data.csv"", ""source_row"": 57, ""image_id"": ""386"", ""raw"": {""image_id"": ""386"", ""year"": ""2026"", ""month"": ""6"", ""day"": ""10"", ""final_date"": ""2026-06-10""}, ""canonical"": {""year"": ""2026"", ""month"": ""06"", ""day"": ""10"", ""final_date"": ""2026-06-10""}, ""review_reason"": [], ""details"": [], ""format_changes"": [""month""]}]",2026,6,10,2026-06-10,,,,2026,06,10,2026-06-10,2026,06,10,2026-06-10,,,,,,ready_for_review,false,,,,false
390,C:\Users\jsw58\Desktop\itda-ocr\data\000390.jpg,"[""C:\\Users\\jsw58\\Desktop\\itda-ocr\\data\\000390.jpg""]",incoming_432,incoming_432:58,1,[],[],[],[],[],[],[],[],[],[],[],[],"[{""source_record_id"": ""incoming_432:58"", ""source"": ""incoming_432"", ""source_path"": ""C:\\Users\\jsw58\\Downloads\\labelling data.csv"", ""source_row"": 58, ""image_id"": ""390"", ""raw"": {""image_id"": ""390"", ""year"": ""2026"", ""month"": ""5"", ""day"": ""19"", ""final_date"": ""2026-05-19""}, ""canonical"": {""year"": ""2026"", ""month"": ""05"", ""day"": ""19"", ""final_date"": ""2026-05-19""}, ""review_reason"": [], ""details"": [], ""format_changes"": [""month""]}]",2026,5,19,2026-05-19,,,,2026,05,19,2026-05-19,2026,05,19,2026-05-19,,,,,,ready_for_review,false,,,,false
396,C:\Users\jsw58\Desktop\itda-ocr\data\000396.jpg,"[""C:\\Users\\jsw58\\Desktop\\itda-ocr\\data\\000396.jpg""]",incoming_432,incoming_432:59,1,[],[],[],[],[],[],[],[],[],[],[],[],"[{""source_record_id"": ""incoming_432:59"", ""source"": ""incoming_432"", ""source_path"": ""C:\\Users\\jsw58\\Downloads\\labelling data.csv"", ""source_row"": 59, ""image_id"": ""396"", ""raw"": {""image_id"": ""396"", ""year"": ""2026"", ""month"": ""2"", ""day"": ""27"", ""final_date"": ""2026-02-27""}, ""canonical"": {""year"": ""2026"", ""month"": ""02"", ""day"": ""27"", ""final_date"": ""2026-02-27""}, ""review_reason"": [], ""details"": [], ""format_changes"": [""month""]}]",2026,2,27,2026-02-27,,,,2026,02,27,2026-02-27,2026,02,27,2026-02-27,,,,,,ready_for_review,false,,,,false
400,C:\Users\jsw58\Desktop\itda-ocr\data\000400.jpg,"[""C:\\Users\\jsw58\\Desktop\\itda-ocr\\data\\000400.jpg""]",existing_300,existing_300:171,1,"[{""source_record_id"": ""existing_300:171"", ""source"": ""existing_300"", ""source_path"": ""C:\\Users\\jsw58\\Desktop\\itda-ocr\\labels\\labels_300.csv"", ""source_row"": 171, ""image_id"": ""400"", ""raw"": {""file_name"": ""000400.jpg"", ""image_id"": ""400"", ""year"": ""2026"", ""month"": ""01"", ""day"": ""11"", ""final_date"": ""2026-01-11"", ""notes"": ""날짜 두 개, 뒤에 C 붙어있음"", ""Unnamed: 7"": """"}, ""canonical"": {""year"": ""2026"", ""month"": ""01"", ""day"": ""11"", ""final_date"": ""2026-01-11""}, ""review_reason"": [], ""details"": [], ""format_changes"": []}]",2026,01,11,2026-01-11,000400.jpg,"날짜 두 개, 뒤에 C 붙어있음",,2026,01,11,2026-01-11,[],[],[],[],[],[],[],[],[],[],[],[],2026,01,11,2026-01-11,,,,,,ready_for_review,false,,,,false
406,C:\Users\jsw58\Desktop\itda-ocr\data\000406.jpg,"[""C:\\Users\\jsw58\\Desktop\\itda-ocr\\data\\000406.jpg""]",incoming_432,incoming_432:60,1,[],[],[],[],[],[],[],[],[],[],[],[],"[{""source_record_id"": ""incoming_432:60"", ""source"": ""incoming_432"", ""source_path"": ""C:\\Users\\jsw58\\Downloads\\labelling data.csv"", ""source_row"": 60, ""image_id"": ""406"", ""raw"": {""image_id"": ""406"", ""year"": ""2026"", ""month"": ""8"", ""day"": ""27"", ""final_date"": ""2026-08-27""}, ""canonical"": {""year"": ""2026"", ""month"": ""08"", ""day"": ""27"", ""final_date"": ""2026-08-27""}, ""review_reason"": [], ""details"": [], ""format_changes"": [""month""]}]",2026,8,27,2026-08-27,,,,2026,08,27,2026-08-27,2026,08,27,2026-08-27,,,,,,ready_for_review,false,,,,false
415,C:\Users\jsw58\Desktop\itda-ocr\data\000415.jpg,"[""C:\\Users\\jsw58\\Desktop\\itda-ocr\\data\\000415.jpg""]",incoming_432,incoming_432:61,1,[],[],[],[],[],[],[],[],[],[],[],[],"[{""source_record_id"": ""incoming_432:61"", ""source"": ""incoming_432"", ""source_path"": ""C:\\Users\\jsw58\\Downloads\\labelling data.csv"", ""source_row"": 61, ""image_id"": ""415"", ""raw"": {""image_id"": ""415"", ""year"": ""2026"", ""month"": ""5"", ""day"": ""27"", ""final_date"": ""2026-05-27""}, ""canonical"": {""year"": ""2026"", ""month"": ""05"", ""day"": ""27"", ""final_date"": ""2026-05-27""}, ""review_reason"": [], ""details"": [], ""format_changes"": [""month""]}]",2026,5,27,2026-05-27,,,,2026,05,27,2026-05-27,2026,05,27,2026-05-27,,,,,,ready_for_review,false,,,,false
416,C:\Users\jsw58\Desktop\itda-ocr\data\000416.jpg,"[""C:\\Users\\jsw58\\Desktop\\itda-ocr\\data\\000416.jpg""]",existing_300,existing_300:172,1,"[{""source_record_id"": ""existing_300:172"", ""source"": ""existing_300"", ""source_path"": ""C:\\Users\\jsw58\\Desktop\\itda-ocr\\labels\\labels_300.csv"", ""source_row"": 172, ""image_id"": ""416"", ""raw"": {""file_name"": ""000416.jpg"", ""image_id"": ""416"", ""year"": ""2026"", ""month"": ""04"", ""day"": ""07"", ""final_date"": ""2026-04-07"", ""notes"": """", ""Unnamed: 7"": """"}, ""canonical"": {""year"": ""2026"", ""month"": ""04"", ""day"": ""07"", ""final_date"": ""2026-04-07""}, ""review_reason"": [], ""details"": [], ""format_changes"": []}]",2026,04,07,2026-04-07,000416.jpg,,,2026,04,07,2026-04-07,[],[],[],[],[],[],[],[],[],[],[],[],2026,04,07,2026-04-07,,,,,,ready_for_review,false,,,,false
421,C:\Users\jsw58\Desktop\itda-ocr\data\000421.jpg,"[""C:\\Users\\jsw58\\Desktop\\itda-ocr\\data\\000421.jpg""]",incoming_432,incoming_432:62,1,[],[],[],[],[],[],[],[],[],[],[],[],"[{""source_record_id"": ""incoming_432:62"", ""source"": ""incoming_432"", ""source_path"": ""C:\\Users\\jsw58\\Downloads\\labelling data.csv"", ""source_row"": 62, ""image_id"": ""421"", ""raw"": {""image_id"": ""421"", ""year"": ""2026"", ""month"": ""7"", ""day"": ""17"", ""final_date"": ""2026-07-17""}, ""canonical"": {""year"": ""2026"", ""month"": ""07"", ""day"": ""17"", ""final_date"": ""2026-07-17""}, ""review_reason"": [], ""details"": [], ""format_changes"": [""month""]}]",2026,7,17,2026-07-17,,,,2026,07,17,2026-07-17,2026,07,17,2026-07-17,,,,,,ready_for_review,false,,,,false
422,C:\Users\jsw58\Desktop\itda-ocr\data\000422.jpg,"[""C:\\Users\\jsw58\\Desktop\\itda-ocr\\data\\000422.jpg""]",existing_300,existing_300:173,1,"[{""source_record_id"": ""existing_300:173"", ""source"": ""existing_300"", ""source_path"": ""C:\\Users\\jsw58\\Desktop\\itda-ocr\\labels\\labels_300.csv"", ""source_row"": 173, ""image_id"": ""422"", ""raw"": {""file_name"": ""000422.jpg"", ""image_id"": ""422"", ""year"": ""2026"", ""month"": ""06"", ""day"": ""09"", ""final_date"": ""2026-06-09"", ""notes"": ""날짜 두개, 까지가 적혀 있긴 한데 연함"", ""Unnamed: 7"": """"}, ""canonical"": {""year"": ""2026"", ""month"": ""06"", ""day"": ""09"", ""final_date"": ""2026-06-09""}, ""review_reason"": [], ""details"": [], ""format_changes"": []}]",2026,06,09,2026-06-09,000422.jpg,"날짜 두개, 까지가 적혀 있긴 한데 연함",,2026,06,09,2026-06-09,[],[],[],[],[],[],[],[],[],[],[],[],2026,06,09,2026-06-09,,,,,,ready_for_review,false,,,,false
423,C:\Users\jsw58\Desktop\itda-ocr\data\000423.jpg,"[""C:\\Users\\jsw58\\Desktop\\itda-ocr\\data\\000423.jpg""]",incoming_432,incoming_432:63,1,[],[],[],[],[],[],[],[],[],[],[],[],"[{""source_record_id"": ""incoming_432:63"", ""source"": ""incoming_432"", ""source_path"": ""C:\\Users\\jsw58\\Downloads\\labelling data.csv"", ""source_row"": 63, ""image_id"": ""423"", ""raw"": {""image_id"": ""423"", ""year"": ""2026"", ""month"": ""6"", ""day"": ""4"", ""final_date"": ""2026-06-04""}, ""canonical"": {""year"": ""2026"", ""month"": ""06"", ""day"": ""04"", ""final_date"": ""2026-06-04""}, ""review_reason"": [], ""details"": [], ""format_changes"": [""month"", ""day""]}]",2026,6,4,2026-06-04,,,,2026,06,04,2026-06-04,2026,06,04,2026-06-04,,,,,,ready_for_review,false,,,,false
426,C:\Users\jsw58\Desktop\itda-ocr\data\000426.jpg,"[""C:\\Users\\jsw58\\Desktop\\itda-ocr\\data\\000426.jpg""]",existing_300,existing_300:174,1,"[{""source_record_id"": ""existing_300:174"", ""source"": ""existing_300"", ""source_path"": ""C:\\Users\\jsw58\\Desktop\\itda-ocr\\labels\\labels_300.csv"", ""source_row"": 174, ""image_id"": ""426"", ""raw"": {""file_name"": ""000426.jpg"", ""image_id"": ""426"", ""year"": ""2026"", ""month"": ""12"", ""day"": ""26"", ""final_date"": ""2026-12-26"", ""notes"": ""글씨 크기가 작은 편"", ""Unnamed: 7"": """"}, ""canonical"": {""year"": ""2026"", ""month"": ""12"", ""day"": ""26"", ""final_date"": ""2026-12-26""}, ""review_reason"": [], ""details"": [], ""format_changes"": []}]",2026,12,26,2026-12-26,000426.jpg,글씨 크기가 작은 편,,2026,12,26,2026-12-26,[],[],[],[],[],[],[],[],[],[],[],[],2026,12,26,2026-12-26,,,,,,ready_for_review,false,,,,false
432,C:\Users\jsw58\Desktop\itda-ocr\data\000432.jpg,"[""C:\\Users\\jsw58\\Desktop\\itda-ocr\\data\\000432.jpg""]",incoming_432,incoming_432:64,1,[],[],[],[],[],[],[],[],[],[],[],[],"[{""source_record_id"": ""incoming_432:64"", ""source"": ""incoming_432"", ""source_path"": ""C:\\Users\\jsw58\\Downloads\\labelling data.csv"", ""source_row"": 64, ""image_id"": ""432"", ""raw"": {""image_id"": ""432"", ""year"": ""2027"", ""month"": ""4"", ""day"": ""28"", ""final_date"": ""2027-04-28""}, ""canonical"": {""year"": ""2027"", ""month"": ""04"", ""day"": ""28"", ""final_date"": ""2027-04-28""}, ""review_reason"": [], ""details"": [], ""format_changes"": [""month""]}]",2027,4,28,2027-04-28,,,,2027,04,28,2027-04-28,2027,04,28,2027-04-28,,,,,,ready_for_review,false,,,,false
438,C:\Users\jsw58\Desktop\itda-ocr\data\000438.jpg,"[""C:\\Users\\jsw58\\Desktop\\itda-ocr\\data\\000438.jpg""]",existing_300,existing_300:21,1,"[{""source_record_id"": ""existing_300:21"", ""source"": ""existing_300"", ""source_path"": ""C:\\Users\\jsw58\\Desktop\\itda-ocr\\labels\\labels_300.csv"", ""source_row"": 21, ""image_id"": ""438"", ""raw"": {""file_name"": ""000438.jpg"", ""image_id"": ""438"", ""year"": ""2026"", ""month"": ""02"", ""day"": ""19"", ""final_date"": ""2026-02-19"", ""notes"": """", ""Unnamed: 7"": """"}, ""canonical"": {""year"": ""2026"", ""month"": ""02"", ""day"": ""19"", ""final_date"": ""2026-02-19""}, ""review_reason"": [], ""details"": [], ""format_changes"": []}]",2026,02,19,2026-02-19,000438.jpg,,,2026,02,19,2026-02-19,[],[],[],[],[],[],[],[],[],[],[],[],2026,02,19,2026-02-19,,,,,,ready_for_review,false,,,,false
440,C:\Users\jsw58\Desktop\itda-ocr\data\000440.jpg,"[""C:\\Users\\jsw58\\Desktop\\itda-ocr\\data\\000440.jpg""]",incoming_432,incoming_432:65,1,[],[],[],[],[],[],[],[],[],[],[],[],"[{""source_record_id"": ""incoming_432:65"", ""source"": ""incoming_432"", ""source_path"": ""C:\\Users\\jsw58\\Downloads\\labelling data.csv"", ""source_row"": 65, ""image_id"": ""440"", ""raw"": {""image_id"": ""440"", ""year"": ""2026"", ""month"": ""8"", ""day"": ""13"", ""final_date"": ""2026-08-13""}, ""canonical"": {""year"": ""2026"", ""month"": ""08"", ""day"": ""13"", ""final_date"": ""2026-08-13""}, ""review_reason"": [], ""details"": [], ""format_changes"": [""month""]}]",2026,8,13,2026-08-13,,,,2026,08,13,2026-08-13,2026,08,13,2026-08-13,,,,,,ready_for_review,false,,,,false
447,C:\Users\jsw58\Desktop\itda-ocr\data\000447.jpg,"[""C:\\Users\\jsw58\\Desktop\\itda-ocr\\data\\000447.jpg""]",existing_300,existing_300:22,1,"[{""source_record_id"": ""existing_300:22"", ""source"": ""existing_300"", ""source_path"": ""C:\\Users\\jsw58\\Desktop\\itda-ocr\\labels\\labels_300.csv"", ""source_row"": 22, ""image_id"": ""447"", ""raw"": {""file_name"": ""000447.jpg"", ""image_id"": ""447"", ""year"": ""2025"", ""month"": ""11"", ""day"": ""22"", ""final_date"": ""2025-11-22"", ""notes"": """", ""Unnamed: 7"": """"}, ""canonical"": {""year"": ""2025"", ""month"": ""11"", ""day"": ""22"", ""final_date"": ""2025-11-22""}, ""review_reason"": [], ""details"": [], ""format_changes"": []}]",2025,11,22,2025-11-22,000447.jpg,,,2025,11,22,2025-11-22,[],[],[],[],[],[],[],[],[],[],[],[],2025,11,22,2025-11-22,,,,,,ready_for_review,false,,,,false
453,C:\Users\jsw58\Desktop\itda-ocr\data\000453.jpg,"[""C:\\Users\\jsw58\\Desktop\\itda-ocr\\data\\000453.jpg""]",incoming_432,incoming_432:66,1,[],[],[],[],[],[],[],[],[],[],[],[],"[{""source_record_id"": ""incoming_432:66"", ""source"": ""incoming_432"", ""source_path"": ""C:\\Users\\jsw58\\Downloads\\labelling data.csv"", ""source_row"": 66, ""image_id"": ""453"", ""raw"": {""image_id"": ""453"", ""year"": ""2026"", ""month"": ""1"", ""day"": ""26"", ""final_date"": ""2026-01-26""}, ""canonical"": {""year"": ""2026"", ""month"": ""01"", ""day"": ""26"", ""final_date"": ""2026-01-26""}, ""review_reason"": [], ""details"": [], ""format_changes"": [""month""]}]",2026,1,26,2026-01-26,,,,2026,01,26,2026-01-26,2026,01,26,2026-01-26,,,,,,ready_for_review,false,,,,false
462,C:\Users\jsw58\Desktop\itda-ocr\data\000462.jpg,"[""C:\\Users\\jsw58\\Desktop\\itda-ocr\\data\\000462.jpg""]",existing_300,existing_300:23,1,"[{""source_record_id"": ""existing_300:23"", ""source"": ""existing_300"", ""source_path"": ""C:\\Users\\jsw58\\Desktop\\itda-ocr\\labels\\labels_300.csv"", ""source_row"": 23, ""image_id"": ""462"", ""raw"": {""file_name"": ""000462.jpg"", ""image_id"": ""462"", ""year"": ""2027"", ""month"": ""05"", ""day"": ""27"", ""final_date"": ""2027-05-27"", ""notes"": """", ""Unnamed: 7"": """"}, ""canonical"": {""year"": ""2027"", ""month"": ""05"", ""day"": ""27"", ""final_date"": ""2027-05-27""}, ""review_reason"": [], ""details"": [], ""format_changes"": []}]",2027,05,27,2027-05-27,000462.jpg,,,2027,05,27,2027-05-27,[],[],[],[],[],[],[],[],[],[],[],[],2027,05,27,2027-05-27,,,,,,ready_for_review,false,,,,false
463,C:\Users\jsw58\Desktop\itda-ocr\data\000463.jpg,"[""C:\\Users\\jsw58\\Desktop\\itda-ocr\\data\\000463.jpg""]",existing_300,existing_300:24,1,"[{""source_record_id"": ""existing_300:24"", ""source"": ""existing_300"", ""source_path"": ""C:\\Users\\jsw58\\Desktop\\itda-ocr\\labels\\labels_300.csv"", ""source_row"": 24, ""image_id"": ""463"", ""raw"": {""file_name"": ""000463.jpg"", ""image_id"": ""463"", ""year"": ""2027"", ""month"": ""02"", ""day"": ""14"", ""final_date"": ""2027-02-14"", ""notes"": """", ""Unnamed: 7"": """"}, ""canonical"": {""year"": ""2027"", ""month"": ""02"", ""day"": ""14"", ""final_date"": ""2027-02-14""}, ""review_reason"": [], ""details"": [], ""format_changes"": []}]",2027,02,14,2027-02-14,000463.jpg,,,2027,02,14,2027-02-14,[],[],[],[],[],[],[],[],[],[],[],[],2027,02,14,2027-02-14,,,,,,ready_for_review,false,,,,false
466,C:\Users\jsw58\Desktop\itda-ocr\data\000466.jpg,"[""C:\\Users\\jsw58\\Desktop\\itda-ocr\\data\\000466.jpg""]",incoming_432,incoming_432:67,1,[],[],[],[],[],[],[],[],[],[],[],[],"[{""source_record_id"": ""incoming_432:67"", ""source"": ""incoming_432"", ""source_path"": ""C:\\Users\\jsw58\\Downloads\\labelling data.csv"", ""source_row"": 67, ""image_id"": ""466"", ""raw"": {""image_id"": ""466"", ""year"": ""2026"", ""month"": ""4"", ""day"": ""11"", ""final_date"": ""2026-04-11""}, ""canonical"": {""year"": ""2026"", ""month"": ""04"", ""day"": ""11"", ""final_date"": ""2026-04-11""}, ""review_reason"": [], ""details"": [], ""format_changes"": [""month""]}]",2026,4,11,2026-04-11,,,,2026,04,11,2026-04-11,2026,04,11,2026-04-11,,,,,,ready_for_review,false,,,,false
468,C:\Users\jsw58\Desktop\itda-ocr\data\000468.jpg,"[""C:\\Users\\jsw58\\Desktop\\itda-ocr\\data\\000468.jpg""]",incoming_432,incoming_432:68,1,[],[],[],[],[],[],[],[],[],[],[],[],"[{""source_record_id"": ""incoming_432:68"", ""source"": ""incoming_432"", ""source_path"": ""C:\\Users\\jsw58\\Downloads\\labelling data.csv"", ""source_row"": 68, ""image_id"": ""468"", ""raw"": {""image_id"": ""468"", ""year"": ""2026"", ""month"": ""4"", ""day"": ""6"", ""final_date"": ""2026-04-06""}, ""canonical"": {""year"": ""2026"", ""month"": ""04"", ""day"": ""06"", ""final_date"": ""2026-04-06""}, ""review_reason"": [], ""details"": [], ""format_changes"": [""month"", ""day""]}]",2026,4,6,2026-04-06,,,,2026,04,06,2026-04-06,2026,04,06,2026-04-06,,,,,,ready_for_review,false,,,,false
469,C:\Users\jsw58\Desktop\itda-ocr\data\000469.jpg,"[""C:\\Users\\jsw58\\Desktop\\itda-ocr\\data\\000469.jpg""]",existing_300,existing_300:175,1,"[{""source_record_id"": ""existing_300:175"", ""source"": ""existing_300"", ""source_path"": ""C:\\Users\\jsw58\\Desktop\\itda-ocr\\labels\\labels_300.csv"", ""source_row"": 175, ""image_id"": ""469"", ""raw"": {""file_name"": ""000469.jpg"", ""image_id"": ""469"", ""year"": ""2026"", ""month"": ""07"", ""day"": ""21"", ""final_date"": ""2026-07-21"", ""notes"": ""아주 약간 글씨가 구겨짐"", ""Unnamed: 7"": """"}, ""canonical"": {""year"": ""2026"", ""month"": ""07"", ""day"": ""21"", ""final_date"": ""2026-07-21""}, ""review_reason"": [], ""details"": [], ""format_changes"": []}]",2026,07,21,2026-07-21,000469.jpg,아주 약간 글씨가 구겨짐,,2026,07,21,2026-07-21,[],[],[],[],[],[],[],[],[],[],[],[],2026,07,21,2026-07-21,,,,,,ready_for_review,false,,,,false
473,C:\Users\jsw58\Desktop\itda-ocr\data\000473.jpg,"[""C:\\Users\\jsw58\\Desktop\\itda-ocr\\data\\000473.jpg""]",incoming_432,incoming_432:69,1,[],[],[],[],[],[],[],[],[],[],[],[],"[{""source_record_id"": ""incoming_432:69"", ""source"": ""incoming_432"", ""source_path"": ""C:\\Users\\jsw58\\Downloads\\labelling data.csv"", ""source_row"": 69, ""image_id"": ""473"", ""raw"": {""image_id"": ""473"", ""year"": ""2026"", ""month"": ""5"", ""day"": ""21"", ""final_date"": ""2026-05-21""}, ""canonical"": {""year"": ""2026"", ""month"": ""05"", ""day"": ""21"", ""final_date"": ""2026-05-21""}, ""review_reason"": [], ""details"": [], ""format_changes"": [""month""]}]",2026,5,21,2026-05-21,,,,2026,05,21,2026-05-21,2026,05,21,2026-05-21,,,,,,ready_for_review,false,,,,false
485,C:\Users\jsw58\Desktop\itda-ocr\data\000485.jpg,"[""C:\\Users\\jsw58\\Desktop\\itda-ocr\\data\\000485.jpg""]",existing_300,existing_300:25,1,"[{""source_record_id"": ""existing_300:25"", ""source"": ""existing_300"", ""source_path"": ""C:\\Users\\jsw58\\Desktop\\itda-ocr\\labels\\labels_300.csv"", ""source_row"": 25, ""image_id"": ""485"", ""raw"": {""file_name"": ""000485.jpg"", ""image_id"": ""485"", ""year"": ""2027"", ""month"": ""09"", ""day"": ""17"", ""final_date"": ""2027-09-17"", ""notes"": """", ""Unnamed: 7"": """"}, ""canonical"": {""year"": ""2027"", ""month"": ""09"", ""day"": ""17"", ""final_date"": ""2027-09-17""}, ""review_reason"": [], ""details"": [], ""format_changes"": []}]",2027,09,17,2027-09-17,000485.jpg,,,2027,09,17,2027-09-17,[],[],[],[],[],[],[],[],[],[],[],[],2027,09,17,2027-09-17,,,,,,ready_for_review,false,,,,false
486,C:\Users\jsw58\Desktop\itda-ocr\data\000486.jpg,"[""C:\\Users\\jsw58\\Desktop\\itda-ocr\\data\\000486.jpg""]",incoming_432,incoming_432:70,1,[],[],[],[],[],[],[],[],[],[],[],[],"[{""source_record_id"": ""incoming_432:70"", ""source"": ""incoming_432"", ""source_path"": ""C:\\Users\\jsw58\\Downloads\\labelling data.csv"", ""source_row"": 70, ""image_id"": ""486"", ""raw"": {""image_id"": ""486"", ""year"": ""2027"", ""month"": ""7"", ""day"": ""15"", ""final_date"": ""2027-07-15""}, ""canonical"": {""year"": ""2027"", ""month"": ""07"", ""day"": ""15"", ""final_date"": ""2027-07-15""}, ""review_reason"": [], ""details"": [], ""format_changes"": [""month""]}]",2027,7,15,2027-07-15,,,,2027,07,15,2027-07-15,2027,07,15,2027-07-15,,,,,,ready_for_review,false,,,,false
492,C:\Users\jsw58\Desktop\itda-ocr\data\000492.jpg,"[""C:\\Users\\jsw58\\Desktop\\itda-ocr\\data\\000492.jpg""]",incoming_432,incoming_432:71,1,[],[],[],[],[],[],[],[],[],[],[],[],"[{""source_record_id"": ""incoming_432:71"", ""source"": ""incoming_432"", ""source_path"": ""C:\\Users\\jsw58\\Downloads\\labelling data.csv"", ""source_row"": 71, ""image_id"": ""492"", ""raw"": {""image_id"": ""492"", ""year"": ""2026"", ""month"": ""3"", ""day"": ""12"", ""final_date"": ""2026-03-12""}, ""canonical"": {""year"": ""2026"", ""month"": ""03"", ""day"": ""12"", ""final_date"": ""2026-03-12""}, ""review_reason"": [], ""details"": [], ""format_changes"": [""month""]}]",2026,3,12,2026-03-12,,,,2026,03,12,2026-03-12,2026,03,12,2026-03-12,,,,,,ready_for_review,false,,,,false
493,C:\Users\jsw58\Desktop\itda-ocr\data\000493.jpg,"[""C:\\Users\\jsw58\\Desktop\\itda-ocr\\data\\000493.jpg""]",existing_300,existing_300:26,1,"[{""source_record_id"": ""existing_300:26"", ""source"": ""existing_300"", ""source_path"": ""C:\\Users\\jsw58\\Desktop\\itda-ocr\\labels\\labels_300.csv"", ""source_row"": 26, ""image_id"": ""493"", ""raw"": {""file_name"": ""000493.jpg"", ""image_id"": ""493"", ""year"": ""2026"", ""month"": ""06"", ""day"": ""17"", ""final_date"": ""2026-06-17"", ""notes"": """", ""Unnamed: 7"": """"}, ""canonical"": {""year"": ""2026"", ""month"": ""06"", ""day"": ""17"", ""final_date"": ""2026-06-17""}, ""review_reason"": [], ""details"": [], ""format_changes"": []}]",2026,06,17,2026-06-17,000493.jpg,,,2026,06,17,2026-06-17,[],[],[],[],[],[],[],[],[],[],[],[],2026,06,17,2026-06-17,,,,,,ready_for_review,false,,,,false
503,C:\Users\jsw58\Desktop\itda-ocr\data\000503.jpg,"[""C:\\Users\\jsw58\\Desktop\\itda-ocr\\data\\000503.jpg""]",incoming_432,incoming_432:72,1,[],[],[],[],[],[],[],[],[],[],[],[],"[{""source_record_id"": ""incoming_432:72"", ""source"": ""incoming_432"", ""source_path"": ""C:\\Users\\jsw58\\Downloads\\labelling data.csv"", ""source_row"": 72, ""image_id"": ""503"", ""raw"": {""image_id"": ""503"", ""year"": ""2026"", ""month"": ""2"", ""day"": ""18"", ""final_date"": ""2026-02-18""}, ""canonical"": {""year"": ""2026"", ""month"": ""02"", ""day"": ""18"", ""final_date"": ""2026-02-18""}, ""review_reason"": [], ""details"": [], ""format_changes"": [""month""]}]",2026,2,18,2026-02-18,,,,2026,02,18,2026-02-18,2026,02,18,2026-02-18,,,,,,ready_for_review,false,,,,false
512,C:\Users\jsw58\Desktop\itda-ocr\data\000512.jpg,"[""C:\\Users\\jsw58\\Desktop\\itda-ocr\\data\\000512.jpg""]",existing_300,existing_300:176,1,"[{""source_record_id"": ""existing_300:176"", ""source"": ""existing_300"", ""source_path"": ""C:\\Users\\jsw58\\Desktop\\itda-ocr\\labels\\labels_300.csv"", ""source_row"": 176, ""image_id"": ""512"", ""raw"": {""file_name"": ""000512.jpg"", ""image_id"": ""512"", ""year"": ""2026"", ""month"": ""02"", ""day"": ""17"", ""final_date"": ""2026-02-17"", ""notes"": ""까지"", ""Unnamed: 7"": """"}, ""canonical"": {""year"": ""2026"", ""month"": ""02"", ""day"": ""17"", ""final_date"": ""2026-02-17""}, ""review_reason"": [], ""details"": [], ""format_changes"": []}]",2026,02,17,2026-02-17,000512.jpg,까지,,2026,02,17,2026-02-17,[],[],[],[],[],[],[],[],[],[],[],[],2026,02,17,2026-02-17,,,,,,ready_for_review,false,,,,false
515,C:\Users\jsw58\Desktop\itda-ocr\data\000515.jpg,"[""C:\\Users\\jsw58\\Desktop\\itda-ocr\\data\\000515.jpg""]",existing_300,existing_300:27,1,"[{""source_record_id"": ""existing_300:27"", ""source"": ""existing_300"", ""source_path"": ""C:\\Users\\jsw58\\Desktop\\itda-ocr\\labels\\labels_300.csv"", ""source_row"": 27, ""image_id"": ""515"", ""raw"": {""file_name"": ""000515.jpg"", ""image_id"": ""515"", ""year"": ""2026"", ""month"": ""01"", ""day"": ""NONE"", ""final_date"": ""2026-01-none"", ""notes"": """", ""Unnamed: 7"": """"}, ""canonical"": {""year"": ""2026"", ""month"": ""01"", ""day"": ""NONE"", ""final_date"": ""2026-01-NONE""}, ""review_reason"": [""partial_none""], ""details"": [], ""format_changes"": [""final_date""]}]",2026,01,NONE,2026-01-none,000515.jpg,,,2026,01,NONE,2026-01-NONE,[],[],[],[],[],[],[],[],[],[],[],[],2026,01,NONE,2026-01-NONE,,,,,partial_none,pending,false,,,,false
516,C:\Users\jsw58\Desktop\itda-ocr\data\000516.jpg,"[""C:\\Users\\jsw58\\Desktop\\itda-ocr\\data\\000516.jpg""]",incoming_432,incoming_432:73,1,[],[],[],[],[],[],[],[],[],[],[],[],"[{""source_record_id"": ""incoming_432:73"", ""source"": ""incoming_432"", ""source_path"": ""C:\\Users\\jsw58\\Downloads\\labelling data.csv"", ""source_row"": 73, ""image_id"": ""516"", ""raw"": {""image_id"": ""516"", ""year"": ""2026"", ""month"": ""7"", ""day"": ""16"", ""final_date"": ""2026-07-16""}, ""canonical"": {""year"": ""2026"", ""month"": ""07"", ""day"": ""16"", ""final_date"": ""2026-07-16""}, ""review_reason"": [], ""details"": [], ""format_changes"": [""month""]}]",2026,7,16,2026-07-16,,,,2026,07,16,2026-07-16,2026,07,16,2026-07-16,,,,,,ready_for_review,false,,,,false
522,C:\Users\jsw58\Desktop\itda-ocr\data\000522.jpg,"[""C:\\Users\\jsw58\\Desktop\\itda-ocr\\data\\000522.jpg""]",incoming_432,incoming_432:74,1,[],[],[],[],[],[],[],[],[],[],[],[],"[{""source_record_id"": ""incoming_432:74"", ""source"": ""incoming_432"", ""source_path"": ""C:\\Users\\jsw58\\Downloads\\labelling data.csv"", ""source_row"": 74, ""image_id"": ""522"", ""raw"": {""image_id"": ""522"", ""year"": ""2026"", ""month"": ""2"", ""day"": ""21"", ""final_date"": ""2026-02-21""}, ""canonical"": {""year"": ""2026"", ""month"": ""02"", ""day"": ""21"", ""final_date"": ""2026-02-21""}, ""review_reason"": [], ""details"": [], ""format_changes"": [""month""]}]",2026,2,21,2026-02-21,,,,2026,02,21,2026-02-21,2026,02,21,2026-02-21,,,,,,ready_for_review,false,,,,false
538,C:\Users\jsw58\Desktop\itda-ocr\data\000538.jpg,"[""C:\\Users\\jsw58\\Desktop\\itda-ocr\\data\\000538.jpg""]",incoming_432,incoming_432:75,1,[],[],[],[],[],[],[],[],[],[],[],[],"[{""source_record_id"": ""incoming_432:75"", ""source"": ""incoming_432"", ""source_path"": ""C:\\Users\\jsw58\\Downloads\\labelling data.csv"", ""source_row"": 75, ""image_id"": ""538"", ""raw"": {""image_id"": ""538"", ""year"": ""2026"", ""month"": ""2"", ""day"": ""6"", ""final_date"": ""2026-02-06""}, ""canonical"": {""year"": ""2026"", ""month"": ""02"", ""day"": ""06"", ""final_date"": ""2026-02-06""}, ""review_reason"": [], ""details"": [], ""format_changes"": [""month"", ""day""]}]",2026,2,6,2026-02-06,,,,2026,02,06,2026-02-06,2026,02,06,2026-02-06,,,,,,ready_for_review,false,,,,false
545,C:\Users\jsw58\Desktop\itda-ocr\data\000545.jpg,"[""C:\\Users\\jsw58\\Desktop\\itda-ocr\\data\\000545.jpg""]",incoming_432,incoming_432:76,1,[],[],[],[],[],[],[],[],[],[],[],[],"[{""source_record_id"": ""incoming_432:76"", ""source"": ""incoming_432"", ""source_path"": ""C:\\Users\\jsw58\\Downloads\\labelling data.csv"", ""source_row"": 76, ""image_id"": ""545"", ""raw"": {""image_id"": ""545"", ""year"": ""2027"", ""month"": ""7"", ""day"": ""9"", ""final_date"": ""2027-07-09""}, ""canonical"": {""year"": ""2027"", ""month"": ""07"", ""day"": ""09"", ""final_date"": ""2027-07-09""}, ""review_reason"": [], ""details"": [], ""format_changes"": [""month"", ""day""]}]",2027,7,9,2027-07-09,,,,2027,07,09,2027-07-09,2027,07,09,2027-07-09,,,,,,ready_for_review,false,,,,false
548,C:\Users\jsw58\Desktop\itda-ocr\data\000548.jpg,"[""C:\\Users\\jsw58\\Desktop\\itda-ocr\\data\\000548.jpg""]",existing_300,existing_300:28,1,"[{""source_record_id"": ""existing_300:28"", ""source"": ""existing_300"", ""source_path"": ""C:\\Users\\jsw58\\Desktop\\itda-ocr\\labels\\labels_300.csv"", ""source_row"": 28, ""image_id"": ""548"", ""raw"": {""file_name"": ""000548.jpg"", ""image_id"": ""548"", ""year"": ""2026"", ""month"": ""05"", ""day"": ""26"", ""final_date"": ""2026-05-26"", ""notes"": """", ""Unnamed: 7"": """"}, ""canonical"": {""year"": ""2026"", ""month"": ""05"", ""day"": ""26"", ""final_date"": ""2026-05-26""}, ""review_reason"": [], ""details"": [], ""format_changes"": []}]",2026,05,26,2026-05-26,000548.jpg,,,2026,05,26,2026-05-26,[],[],[],[],[],[],[],[],[],[],[],[],2026,05,26,2026-05-26,,,,,,ready_for_review,false,,,,false
553,C:\Users\jsw58\Desktop\itda-ocr\data\000553.jpg,"[""C:\\Users\\jsw58\\Desktop\\itda-ocr\\data\\000553.jpg""]",incoming_432,incoming_432:77,1,[],[],[],[],[],[],[],[],[],[],[],[],"[{""source_record_id"": ""incoming_432:77"", ""source"": ""incoming_432"", ""source_path"": ""C:\\Users\\jsw58\\Downloads\\labelling data.csv"", ""source_row"": 77, ""image_id"": ""553"", ""raw"": {""image_id"": ""553"", ""year"": ""2028"", ""month"": ""10"", ""day"": ""24"", ""final_date"": ""2028-10-24""}, ""canonical"": {""year"": ""2028"", ""month"": ""10"", ""day"": ""24"", ""final_date"": ""2028-10-24""}, ""review_reason"": [], ""details"": [], ""format_changes"": []}]",2028,10,24,2028-10-24,,,,2028,10,24,2028-10-24,2028,10,24,2028-10-24,,,,,,ready_for_review,false,,,,false
561,C:\Users\jsw58\Desktop\itda-ocr\data\000561.jpg,"[""C:\\Users\\jsw58\\Desktop\\itda-ocr\\data\\000561.jpg""]",existing_300,existing_300:29,1,"[{""source_record_id"": ""existing_300:29"", ""source"": ""existing_300"", ""source_path"": ""C:\\Users\\jsw58\\Desktop\\itda-ocr\\labels\\labels_300.csv"", ""source_row"": 29, ""image_id"": ""561"", ""raw"": {""file_name"": ""000561.jpg"", ""image_id"": ""561"", ""year"": ""2028"", ""month"": ""08"", ""day"": ""07"", ""final_date"": ""2028-08-07"", ""notes"": """", ""Unnamed: 7"": """"}, ""canonical"": {""year"": ""2028"", ""month"": ""08"", ""day"": ""07"", ""final_date"": ""2028-08-07""}, ""review_reason"": [], ""details"": [], ""format_changes"": []}]",2028,08,07,2028-08-07,000561.jpg,,,2028,08,07,2028-08-07,[],[],[],[],[],[],[],[],[],[],[],[],2028,08,07,2028-08-07,,,,,,ready_for_review,false,,,,false
566,C:\Users\jsw58\Desktop\itda-ocr\data\000566.jpg,"[""C:\\Users\\jsw58\\Desktop\\itda-ocr\\data\\000566.jpg""]",incoming_432,incoming_432:78,1,[],[],[],[],[],[],[],[],[],[],[],[],"[{""source_record_id"": ""incoming_432:78"", ""source"": ""incoming_432"", ""source_path"": ""C:\\Users\\jsw58\\Downloads\\labelling data.csv"", ""source_row"": 78, ""image_id"": ""566"", ""raw"": {""image_id"": ""566"", ""year"": ""2026"", ""month"": ""9"", ""day"": ""17"", ""final_date"": ""2026-09-17""}, ""canonical"": {""year"": ""2026"", ""month"": ""09"", ""day"": ""17"", ""final_date"": ""2026-09-17""}, ""review_reason"": [], ""details"": [], ""format_changes"": [""month""]}]",2026,9,17,2026-09-17,,,,2026,09,17,2026-09-17,2026,09,17,2026-09-17,,,,,,ready_for_review,false,,,,false
574,C:\Users\jsw58\Desktop\itda-ocr\data\000574.jpg,"[""C:\\Users\\jsw58\\Desktop\\itda-ocr\\data\\000574.jpg""]",incoming_432,incoming_432:79,1,[],[],[],[],[],[],[],[],[],[],[],[],"[{""source_record_id"": ""incoming_432:79"", ""source"": ""incoming_432"", ""source_path"": ""C:\\Users\\jsw58\\Downloads\\labelling data.csv"", ""source_row"": 79, ""image_id"": ""574"", ""raw"": {""image_id"": ""574"", ""year"": ""2026"", ""month"": ""2"", ""day"": ""24"", ""final_date"": ""2026-02-24""}, ""canonical"": {""year"": ""2026"", ""month"": ""02"", ""day"": ""24"", ""final_date"": ""2026-02-24""}, ""review_reason"": [], ""details"": [], ""format_changes"": [""month""]}]",2026,2,24,2026-02-24,,,,2026,02,24,2026-02-24,2026,02,24,2026-02-24,,,,,,ready_for_review,false,,,,false
580,C:\Users\jsw58\Desktop\itda-ocr\data\000580.jpg,"[""C:\\Users\\jsw58\\Desktop\\itda-ocr\\data\\000580.jpg""]",incoming_432,incoming_432:80,1,[],[],[],[],[],[],[],[],[],[],[],[],"[{""source_record_id"": ""incoming_432:80"", ""source"": ""incoming_432"", ""source_path"": ""C:\\Users\\jsw58\\Downloads\\labelling data.csv"", ""source_row"": 80, ""image_id"": ""580"", ""raw"": {""image_id"": ""580"", ""year"": ""2026"", ""month"": ""2"", ""day"": ""28"", ""final_date"": ""2026-02-28""}, ""canonical"": {""year"": ""2026"", ""month"": ""02"", ""day"": ""28"", ""final_date"": ""2026-02-28""}, ""review_reason"": [], ""details"": [], ""format_changes"": [""month""]}]",2026,2,28,2026-02-28,,,,2026,02,28,2026-02-28,2026,02,28,2026-02-28,,,,,,ready_for_review,false,,,,false
582,C:\Users\jsw58\Desktop\itda-ocr\data\000582.jpg,"[""C:\\Users\\jsw58\\Desktop\\itda-ocr\\data\\000582.jpg""]",existing_300,existing_300:177,1,"[{""source_record_id"": ""existing_300:177"", ""source"": ""existing_300"", ""source_path"": ""C:\\Users\\jsw58\\Desktop\\itda-ocr\\labels\\labels_300.csv"", ""source_row"": 177, ""image_id"": ""582"", ""raw"": {""file_name"": ""000582.jpg"", ""image_id"": ""582"", ""year"": ""2025"", ""month"": ""11"", ""day"": ""21"", ""final_date"": ""2025-11-21"", ""notes"": ""빛반사 약간, 까지"", ""Unnamed: 7"": """"}, ""canonical"": {""year"": ""2025"", ""month"": ""11"", ""day"": ""21"", ""final_date"": ""2025-11-21""}, ""review_reason"": [], ""details"": [], ""format_changes"": []}]",2025,11,21,2025-11-21,000582.jpg,"빛반사 약간, 까지",,2025,11,21,2025-11-21,[],[],[],[],[],[],[],[],[],[],[],[],2025,11,21,2025-11-21,,,,,,ready_for_review,false,,,,false
591,C:\Users\jsw58\Desktop\itda-ocr\data\000591.jpg,"[""C:\\Users\\jsw58\\Desktop\\itda-ocr\\data\\000591.jpg""]",incoming_432,incoming_432:81,1,[],[],[],[],[],[],[],[],[],[],[],[],"[{""source_record_id"": ""incoming_432:81"", ""source"": ""incoming_432"", ""source_path"": ""C:\\Users\\jsw58\\Downloads\\labelling data.csv"", ""source_row"": 81, ""image_id"": ""591"", ""raw"": {""image_id"": ""591"", ""year"": ""2026"", ""month"": ""7"", ""day"": ""27"", ""final_date"": ""2026-07-27""}, ""canonical"": {""year"": ""2026"", ""month"": ""07"", ""day"": ""27"", ""final_date"": ""2026-07-27""}, ""review_reason"": [], ""details"": [], ""format_changes"": [""month""]}]",2026,7,27,2026-07-27,,,,2026,07,27,2026-07-27,2026,07,27,2026-07-27,,,,,,ready_for_review,false,,,,false
604,C:\Users\jsw58\Desktop\itda-ocr\data\000604.jpg,"[""C:\\Users\\jsw58\\Desktop\\itda-ocr\\data\\000604.jpg""]",incoming_432,incoming_432:82,1,[],[],[],[],[],[],[],[],[],[],[],[],"[{""source_record_id"": ""incoming_432:82"", ""source"": ""incoming_432"", ""source_path"": ""C:\\Users\\jsw58\\Downloads\\labelling data.csv"", ""source_row"": 82, ""image_id"": ""604"", ""raw"": {""image_id"": ""604"", ""year"": ""2026"", ""month"": ""9"", ""day"": ""15"", ""final_date"": ""2026-09-15""}, ""canonical"": {""year"": ""2026"", ""month"": ""09"", ""day"": ""15"", ""final_date"": ""2026-09-15""}, ""review_reason"": [], ""details"": [], ""format_changes"": [""month""]}]",2026,9,15,2026-09-15,,,,2026,09,15,2026-09-15,2026,09,15,2026-09-15,,,,,,ready_for_review,false,,,,false
612,C:\Users\jsw58\Desktop\itda-ocr\data\000612.jpg,"[""C:\\Users\\jsw58\\Desktop\\itda-ocr\\data\\000612.jpg""]",existing_300,existing_300:30,1,"[{""source_record_id"": ""existing_300:30"", ""source"": ""existing_300"", ""source_path"": ""C:\\Users\\jsw58\\Desktop\\itda-ocr\\labels\\labels_300.csv"", ""source_row"": 30, ""image_id"": ""612"", ""raw"": {""file_name"": ""000612.jpg"", ""image_id"": ""612"", ""year"": ""2026"", ""month"": ""05"", ""day"": ""07"", ""final_date"": ""2026-05-07"", ""notes"": """", ""Unnamed: 7"": """"}, ""canonical"": {""year"": ""2026"", ""month"": ""05"", ""day"": ""07"", ""final_date"": ""2026-05-07""}, ""review_reason"": [], ""details"": [], ""format_changes"": []}]",2026,05,07,2026-05-07,000612.jpg,,,2026,05,07,2026-05-07,[],[],[],[],[],[],[],[],[],[],[],[],2026,05,07,2026-05-07,,,,,,ready_for_review,false,,,,false
616,C:\Users\jsw58\Desktop\itda-ocr\data\000616.jpg,"[""C:\\Users\\jsw58\\Desktop\\itda-ocr\\data\\000616.jpg""]",incoming_432,incoming_432:83,1,[],[],[],[],[],[],[],[],[],[],[],[],"[{""source_record_id"": ""incoming_432:83"", ""source"": ""incoming_432"", ""source_path"": ""C:\\Users\\jsw58\\Downloads\\labelling data.csv"", ""source_row"": 83, ""image_id"": ""616"", ""raw"": {""image_id"": ""616"", ""year"": ""2026"", ""month"": ""9"", ""day"": ""10"", ""final_date"": ""2026-09-10""}, ""canonical"": {""year"": ""2026"", ""month"": ""09"", ""day"": ""10"", ""final_date"": ""2026-09-10""}, ""review_reason"": [], ""details"": [], ""format_changes"": [""month""]}]",2026,9,10,2026-09-10,,,,2026,09,10,2026-09-10,2026,09,10,2026-09-10,,,,,,ready_for_review,false,,,,false
629,C:\Users\jsw58\Desktop\itda-ocr\data\000629.jpg,"[""C:\\Users\\jsw58\\Desktop\\itda-ocr\\data\\000629.jpg""]",incoming_432,incoming_432:84,1,[],[],[],[],[],[],[],[],[],[],[],[],"[{""source_record_id"": ""incoming_432:84"", ""source"": ""incoming_432"", ""source_path"": ""C:\\Users\\jsw58\\Downloads\\labelling data.csv"", ""source_row"": 84, ""image_id"": ""629"", ""raw"": {""image_id"": ""629"", ""year"": ""2025"", ""month"": ""9"", ""day"": ""22"", ""final_date"": ""2025-09-22""}, ""canonical"": {""year"": ""2025"", ""month"": ""09"", ""day"": ""22"", ""final_date"": ""2025-09-22""}, ""review_reason"": [], ""details"": [], ""format_changes"": [""month""]}]",2025,9,22,2025-09-22,,,,2025,09,22,2025-09-22,2025,09,22,2025-09-22,,,,,,ready_for_review,false,,,,false
634,C:\Users\jsw58\Desktop\itda-ocr\data\000634.jpg,"[""C:\\Users\\jsw58\\Desktop\\itda-ocr\\data\\000634.jpg""]",existing_300,existing_300:178,1,"[{""source_record_id"": ""existing_300:178"", ""source"": ""existing_300"", ""source_path"": ""C:\\Users\\jsw58\\Desktop\\itda-ocr\\labels\\labels_300.csv"", ""source_row"": 178, ""image_id"": ""634"", ""raw"": {""file_name"": ""000634.jpg"", ""image_id"": ""634"", ""year"": ""2026"", ""month"": ""02"", ""day"": ""05"", ""final_date"": ""2026-02-05"", ""notes"": ""뒤에 뭐 없고 B3이 밑에 써짐"", ""Unnamed: 7"": """"}, ""canonical"": {""year"": ""2026"", ""month"": ""02"", ""day"": ""05"", ""final_date"": ""2026-02-05""}, ""review_reason"": [], ""details"": [], ""format_changes"": []}]",2026,02,05,2026-02-05,000634.jpg,뒤에 뭐 없고 B3이 밑에 써짐,,2026,02,05,2026-02-05,[],[],[],[],[],[],[],[],[],[],[],[],2026,02,05,2026-02-05,,,,,,ready_for_review,false,,,,false
637,C:\Users\jsw58\Desktop\itda-ocr\data\000637.jpg,"[""C:\\Users\\jsw58\\Desktop\\itda-ocr\\data\\000637.jpg""]",incoming_432,incoming_432:85,1,[],[],[],[],[],[],[],[],[],[],[],[],"[{""source_record_id"": ""incoming_432:85"", ""source"": ""incoming_432"", ""source_path"": ""C:\\Users\\jsw58\\Downloads\\labelling data.csv"", ""source_row"": 85, ""image_id"": ""637"", ""raw"": {""image_id"": ""637"", ""year"": ""2026"", ""month"": ""6"", ""day"": ""17"", ""final_date"": ""2026-06-17""}, ""canonical"": {""year"": ""2026"", ""month"": ""06"", ""day"": ""17"", ""final_date"": ""2026-06-17""}, ""review_reason"": [], ""details"": [], ""format_changes"": [""month""]}]",2026,6,17,2026-06-17,,,,2026,06,17,2026-06-17,2026,06,17,2026-06-17,,,,,,ready_for_review,false,,,,false
643,C:\Users\jsw58\Desktop\itda-ocr\data\000643.jpg,"[""C:\\Users\\jsw58\\Desktop\\itda-ocr\\data\\000643.jpg""]",incoming_432,incoming_432:86,1,[],[],[],[],[],[],[],[],[],[],[],[],"[{""source_record_id"": ""incoming_432:86"", ""source"": ""incoming_432"", ""source_path"": ""C:\\Users\\jsw58\\Downloads\\labelling data.csv"", ""source_row"": 86, ""image_id"": ""643"", ""raw"": {""image_id"": ""643"", ""year"": ""2026"", ""month"": ""1"", ""day"": ""21"", ""final_date"": ""2026-01-21""}, ""canonical"": {""year"": ""2026"", ""month"": ""01"", ""day"": ""21"", ""final_date"": ""2026-01-21""}, ""review_reason"": [], ""details"": [], ""format_changes"": [""month""]}]",2026,1,21,2026-01-21,,,,2026,01,21,2026-01-21,2026,01,21,2026-01-21,,,,,,ready_for_review,false,,,,false
645,C:\Users\jsw58\Desktop\itda-ocr\data\000645.jpg,"[""C:\\Users\\jsw58\\Desktop\\itda-ocr\\data\\000645.jpg""]",existing_300,existing_300:31,1,"[{""source_record_id"": ""existing_300:31"", ""source"": ""existing_300"", ""source_path"": ""C:\\Users\\jsw58\\Desktop\\itda-ocr\\labels\\labels_300.csv"", ""source_row"": 31, ""image_id"": ""645"", ""raw"": {""file_name"": ""000645.jpg"", ""image_id"": ""645"", ""year"": ""2026"", ""month"": ""05"", ""day"": ""13"", ""final_date"": ""2026-05-13"", ""notes"": """", ""Unnamed: 7"": """"}, ""canonical"": {""year"": ""2026"", ""month"": ""05"", ""day"": ""13"", ""final_date"": ""2026-05-13""}, ""review_reason"": [], ""details"": [], ""format_changes"": []}]",2026,05,13,2026-05-13,000645.jpg,,,2026,05,13,2026-05-13,[],[],[],[],[],[],[],[],[],[],[],[],2026,05,13,2026-05-13,,,,,,ready_for_review,false,,,,false
648,C:\Users\jsw58\Desktop\itda-ocr\data\000648.jpg,"[""C:\\Users\\jsw58\\Desktop\\itda-ocr\\data\\000648.jpg""]",incoming_432,incoming_432:87,1,[],[],[],[],[],[],[],[],[],[],[],[],"[{""source_record_id"": ""incoming_432:87"", ""source"": ""incoming_432"", ""source_path"": ""C:\\Users\\jsw58\\Downloads\\labelling data.csv"", ""source_row"": 87, ""image_id"": ""648"", ""raw"": {""image_id"": ""648"", ""year"": ""2026"", ""month"": ""8"", ""day"": ""25"", ""final_date"": ""2026-08-25""}, ""canonical"": {""year"": ""2026"", ""month"": ""08"", ""day"": ""25"", ""final_date"": ""2026-08-25""}, ""review_reason"": [], ""details"": [], ""format_changes"": [""month""]}]",2026,8,25,2026-08-25,,,,2026,08,25,2026-08-25,2026,08,25,2026-08-25,,,,,,ready_for_review,false,,,,false
653,C:\Users\jsw58\Desktop\itda-ocr\data\000653.jpg,"[""C:\\Users\\jsw58\\Desktop\\itda-ocr\\data\\000653.jpg""]",existing_300;incoming_432,existing_300:32;incoming_432:88,2,"[{""source_record_id"": ""existing_300:32"", ""source"": ""existing_300"", ""source_path"": ""C:\\Users\\jsw58\\Desktop\\itda-ocr\\labels\\labels_300.csv"", ""source_row"": 32, ""image_id"": ""653"", ""raw"": {""file_name"": ""000653.jpg"", ""image_id"": ""653"", ""year"": ""2027"", ""month"": ""01"", ""day"": ""19"", ""final_date"": ""2027-01-19"", ""notes"": """", ""Unnamed: 7"": """"}, ""canonical"": {""year"": ""2027"", ""month"": ""01"", ""day"": ""19"", ""final_date"": ""2027-01-19""}, ""review_reason"": [], ""details"": [], ""format_changes"": []}]",2027,01,19,2027-01-19,000653.jpg,,,2027,01,19,2027-01-19,"[{""source_record_id"": ""incoming_432:88"", ""source"": ""incoming_432"", ""source_path"": ""C:\\Users\\jsw58\\Downloads\\labelling data.csv"", ""source_row"": 88, ""image_id"": ""653"", ""raw"": {""image_id"": ""653"", ""year"": ""2027"", ""month"": ""1"", ""day"": ""19"", ""final_date"": ""2027-01-19""}, ""canonical"": {""year"": ""2027"", ""month"": ""01"", ""day"": ""19"", ""final_date"": ""2027-01-19""}, ""review_reason"": [], ""details"": [], ""format_changes"": [""month""]}]",2027,1,19,2027-01-19,,,,2027,01,19,2027-01-19,2027,01,19,2027-01-19,,,,,,ready_for_review,false,,,,false
658,C:\Users\jsw58\Desktop\itda-ocr\data\000658.jpg,"[""C:\\Users\\jsw58\\Desktop\\itda-ocr\\data\\000658.jpg""]",existing_300,existing_300:33,1,"[{""source_record_id"": ""existing_300:33"", ""source"": ""existing_300"", ""source_path"": ""C:\\Users\\jsw58\\Desktop\\itda-ocr\\labels\\labels_300.csv"", ""source_row"": 33, ""image_id"": ""658"", ""raw"": {""file_name"": ""000658.jpg"", ""image_id"": ""658"", ""year"": ""2026"", ""month"": ""01"", ""day"": ""16"", ""final_date"": ""2026-01-16"", ""notes"": """", ""Unnamed: 7"": """"}, ""canonical"": {""year"": ""2026"", ""month"": ""01"", ""day"": ""16"", ""final_date"": ""2026-01-16""}, ""review_reason"": [], ""details"": [], ""format_changes"": []}]",2026,01,16,2026-01-16,000658.jpg,,,2026,01,16,2026-01-16,[],[],[],[],[],[],[],[],[],[],[],[],2026,01,16,2026-01-16,,,,,,ready_for_review,false,,,,false
663,C:\Users\jsw58\Desktop\itda-ocr\data\000663.jpg,"[""C:\\Users\\jsw58\\Desktop\\itda-ocr\\data\\000663.jpg""]",incoming_432,incoming_432:89,1,[],[],[],[],[],[],[],[],[],[],[],[],"[{""source_record_id"": ""incoming_432:89"", ""source"": ""incoming_432"", ""source_path"": ""C:\\Users\\jsw58\\Downloads\\labelling data.csv"", ""source_row"": 89, ""image_id"": ""663"", ""raw"": {""image_id"": ""663"", ""year"": ""2026"", ""month"": ""2"", ""day"": ""10"", ""final_date"": ""2026-02-10""}, ""canonical"": {""year"": ""2026"", ""month"": ""02"", ""day"": ""10"", ""final_date"": ""2026-02-10""}, ""review_reason"": [], ""details"": [], ""format_changes"": [""month""]}]",2026,2,10,2026-02-10,,,,2026,02,10,2026-02-10,2026,02,10,2026-02-10,,,,,,ready_for_review,false,,,,false
673,C:\Users\jsw58\Desktop\itda-ocr\data\000673.jpg,"[""C:\\Users\\jsw58\\Desktop\\itda-ocr\\data\\000673.jpg""]",incoming_432,incoming_432:90,1,[],[],[],[],[],[],[],[],[],[],[],[],"[{""source_record_id"": ""incoming_432:90"", ""source"": ""incoming_432"", ""source_path"": ""C:\\Users\\jsw58\\Downloads\\labelling data.csv"", ""source_row"": 90, ""image_id"": ""673"", ""raw"": {""image_id"": ""673"", ""year"": ""2026"", ""month"": ""6"", ""day"": ""2"", ""final_date"": ""2026-06-02""}, ""canonical"": {""year"": ""2026"", ""month"": ""06"", ""day"": ""02"", ""final_date"": ""2026-06-02""}, ""review_reason"": [], ""details"": [], ""format_changes"": [""month"", ""day""]}]",2026,6,2,2026-06-02,,,,2026,06,02,2026-06-02,2026,06,02,2026-06-02,,,,,,ready_for_review,false,,,,false
677,C:\Users\jsw58\Desktop\itda-ocr\data\000677.jpg,"[""C:\\Users\\jsw58\\Desktop\\itda-ocr\\data\\000677.jpg""]",existing_300,existing_300:179,1,"[{""source_record_id"": ""existing_300:179"", ""source"": ""existing_300"", ""source_path"": ""C:\\Users\\jsw58\\Desktop\\itda-ocr\\labels\\labels_300.csv"", ""source_row"": 179, ""image_id"": ""677"", ""raw"": {""file_name"": ""000677.jpg"", ""image_id"": ""677"", ""year"": ""2027"", ""month"": ""08"", ""day"": ""17"", ""final_date"": ""2027-08-17"", ""notes"": ""까지가 밑에 있음, 좀 흔들림"", ""Unnamed: 7"": """"}, ""canonical"": {""year"": ""2027"", ""month"": ""08"", ""day"": ""17"", ""final_date"": ""2027-08-17""}, ""review_reason"": [], ""details"": [], ""format_changes"": []}]",2027,08,17,2027-08-17,000677.jpg,"까지가 밑에 있음, 좀 흔들림",,2027,08,17,2027-08-17,[],[],[],[],[],[],[],[],[],[],[],[],2027,08,17,2027-08-17,,,,,,ready_for_review,false,,,,false
678,C:\Users\jsw58\Desktop\itda-ocr\data\000678.jpg,"[""C:\\Users\\jsw58\\Desktop\\itda-ocr\\data\\000678.jpg""]",existing_300,existing_300:34,1,"[{""source_record_id"": ""existing_300:34"", ""source"": ""existing_300"", ""source_path"": ""C:\\Users\\jsw58\\Desktop\\itda-ocr\\labels\\labels_300.csv"", ""source_row"": 34, ""image_id"": ""678"", ""raw"": {""file_name"": ""000678.jpg"", ""image_id"": ""678"", ""year"": ""2026"", ""month"": ""07"", ""day"": ""24"", ""final_date"": ""2026-07-24"", ""notes"": """", ""Unnamed: 7"": """"}, ""canonical"": {""year"": ""2026"", ""month"": ""07"", ""day"": ""24"", ""final_date"": ""2026-07-24""}, ""review_reason"": [], ""details"": [], ""format_changes"": []}]",2026,07,24,2026-07-24,000678.jpg,,,2026,07,24,2026-07-24,[],[],[],[],[],[],[],[],[],[],[],[],2026,07,24,2026-07-24,,,,,,ready_for_review,false,,,,false
682,C:\Users\jsw58\Desktop\itda-ocr\data\000682.jpg,"[""C:\\Users\\jsw58\\Desktop\\itda-ocr\\data\\000682.jpg""]",incoming_432,incoming_432:91,1,[],[],[],[],[],[],[],[],[],[],[],[],"[{""source_record_id"": ""incoming_432:91"", ""source"": ""incoming_432"", ""source_path"": ""C:\\Users\\jsw58\\Downloads\\labelling data.csv"", ""source_row"": 91, ""image_id"": ""682"", ""raw"": {""image_id"": ""682"", ""year"": ""2026"", ""month"": ""1"", ""day"": ""25"", ""final_date"": ""2026-01-25""}, ""canonical"": {""year"": ""2026"", ""month"": ""01"", ""day"": ""25"", ""final_date"": ""2026-01-25""}, ""review_reason"": [], ""details"": [], ""format_changes"": [""month""]}]",2026,1,25,2026-01-25,,,,2026,01,25,2026-01-25,2026,01,25,2026-01-25,,,,,,ready_for_review,false,,,,false
684,C:\Users\jsw58\Desktop\itda-ocr\data\000684.jpg,"[""C:\\Users\\jsw58\\Desktop\\itda-ocr\\data\\000684.jpg""]",existing_300,existing_300:180,1,"[{""source_record_id"": ""existing_300:180"", ""source"": ""existing_300"", ""source_path"": ""C:\\Users\\jsw58\\Desktop\\itda-ocr\\labels\\labels_300.csv"", ""source_row"": 180, ""image_id"": ""684"", ""raw"": {""file_name"": ""000684.jpg"", ""image_id"": ""684"", ""year"": ""2026"", ""month"": ""03"", ""day"": ""23"", ""final_date"": ""2026-03-23"", ""notes"": ""소비기한 밑에 정체모를 숫자 11개"", ""Unnamed: 7"": """"}, ""canonical"": {""year"": ""2026"", ""month"": ""03"", ""day"": ""23"", ""final_date"": ""2026-03-23""}, ""review_reason"": [], ""details"": [], ""format_changes"": []}]",2026,03,23,2026-03-23,000684.jpg,소비기한 밑에 정체모를 숫자 11개,,2026,03,23,2026-03-23,[],[],[],[],[],[],[],[],[],[],[],[],2026,03,23,2026-03-23,,,,,,ready_for_review,false,,,,false
686,C:\Users\jsw58\Desktop\itda-ocr\data\000686.jpg,"[""C:\\Users\\jsw58\\Desktop\\itda-ocr\\data\\000686.jpg""]",incoming_432,incoming_432:92,1,[],[],[],[],[],[],[],[],[],[],[],[],"[{""source_record_id"": ""incoming_432:92"", ""source"": ""incoming_432"", ""source_path"": ""C:\\Users\\jsw58\\Downloads\\labelling data.csv"", ""source_row"": 92, ""image_id"": ""686"", ""raw"": {""image_id"": ""686"", ""year"": ""2025"", ""month"": ""10"", ""day"": ""12"", ""final_date"": ""2025-10-12""}, ""canonical"": {""year"": ""2025"", ""month"": ""10"", ""day"": ""12"", ""final_date"": ""2025-10-12""}, ""review_reason"": [], ""details"": [], ""format_changes"": []}]",2025,10,12,2025-10-12,,,,2025,10,12,2025-10-12,2025,10,12,2025-10-12,,,,,,ready_for_review,false,,,,false
690,C:\Users\jsw58\Desktop\itda-ocr\data\000690.jpg,"[""C:\\Users\\jsw58\\Desktop\\itda-ocr\\data\\000690.jpg""]",existing_300,existing_300:181,1,"[{""source_record_id"": ""existing_300:181"", ""source"": ""existing_300"", ""source_path"": ""C:\\Users\\jsw58\\Desktop\\itda-ocr\\labels\\labels_300.csv"", ""source_row"": 181, ""image_id"": ""690"", ""raw"": {""file_name"": ""000690.jpg"", ""image_id"": ""690"", ""year"": ""2025"", ""month"": ""10"", ""day"": ""11"", ""final_date"": ""2025-10-11"", ""notes"": ""뒤에 22시 이런 식으로 적혀 있음. 숫자 두개"", ""Unnamed: 7"": """"}, ""canonical"": {""year"": ""2025"", ""month"": ""10"", ""day"": ""11"", ""final_date"": ""2025-10-11""}, ""review_reason"": [], ""details"": [], ""format_changes"": []}]",2025,10,11,2025-10-11,000690.jpg,뒤에 22시 이런 식으로 적혀 있음. 숫자 두개,,2025,10,11,2025-10-11,[],[],[],[],[],[],[],[],[],[],[],[],2025,10,11,2025-10-11,,,,,,ready_for_review,false,,,,false
694,C:\Users\jsw58\Desktop\itda-ocr\data\000694.jpg,"[""C:\\Users\\jsw58\\Desktop\\itda-ocr\\data\\000694.jpg""]",existing_300,existing_300:182,1,"[{""source_record_id"": ""existing_300:182"", ""source"": ""existing_300"", ""source_path"": ""C:\\Users\\jsw58\\Desktop\\itda-ocr\\labels\\labels_300.csv"", ""source_row"": 182, ""image_id"": ""694"", ""raw"": {""file_name"": ""000694.jpg"", ""image_id"": ""694"", ""year"": ""2026"", ""month"": ""09"", ""day"": ""01"", ""final_date"": ""2026-09-01"", ""notes"": ""뒤에 A3"", ""Unnamed: 7"": """"}, ""canonical"": {""year"": ""2026"", ""month"": ""09"", ""day"": ""01"", ""final_date"": ""2026-09-01""}, ""review_reason"": [], ""details"": [], ""format_changes"": []}]",2026,09,01,2026-09-01,000694.jpg,뒤에 A3,,2026,09,01,2026-09-01,[],[],[],[],[],[],[],[],[],[],[],[],2026,09,01,2026-09-01,,,,,,ready_for_review,false,,,,false
697,C:\Users\jsw58\Desktop\itda-ocr\data\000697.jpg,"[""C:\\Users\\jsw58\\Desktop\\itda-ocr\\data\\000697.jpg""]",incoming_432,incoming_432:93,1,[],[],[],[],[],[],[],[],[],[],[],[],"[{""source_record_id"": ""incoming_432:93"", ""source"": ""incoming_432"", ""source_path"": ""C:\\Users\\jsw58\\Downloads\\labelling data.csv"", ""source_row"": 93, ""image_id"": ""697"", ""raw"": {""image_id"": ""697"", ""year"": ""2025"", ""month"": ""10"", ""day"": ""7"", ""final_date"": ""2025-10-07""}, ""canonical"": {""year"": ""2025"", ""month"": ""10"", ""day"": ""07"", ""final_date"": ""2025-10-07""}, ""review_reason"": [], ""details"": [], ""format_changes"": [""day""]}]",2025,10,7,2025-10-07,,,,2025,10,07,2025-10-07,2025,10,07,2025-10-07,,,,,,ready_for_review,false,,,,false
703,C:\Users\jsw58\Desktop\itda-ocr\data\000703.jpg,"[""C:\\Users\\jsw58\\Desktop\\itda-ocr\\data\\000703.jpg""]",incoming_432,incoming_432:94,1,[],[],[],[],[],[],[],[],[],[],[],[],"[{""source_record_id"": ""incoming_432:94"", ""source"": ""incoming_432"", ""source_path"": ""C:\\Users\\jsw58\\Downloads\\labelling data.csv"", ""source_row"": 94, ""image_id"": ""703"", ""raw"": {""image_id"": ""703"", ""year"": ""2026"", ""month"": ""1"", ""day"": ""25"", ""final_date"": ""2026-01-25""}, ""canonical"": {""year"": ""2026"", ""month"": ""01"", ""day"": ""25"", ""final_date"": ""2026-01-25""}, ""review_reason"": [], ""details"": [], ""format_changes"": [""month""]}]",2026,1,25,2026-01-25,,,,2026,01,25,2026-01-25,2026,01,25,2026-01-25,,,,,,ready_for_review,false,,,,false
707,C:\Users\jsw58\Desktop\itda-ocr\data\000707.jpg,"[""C:\\Users\\jsw58\\Desktop\\itda-ocr\\data\\000707.jpg""]",existing_300,existing_300:183,1,"[{""source_record_id"": ""existing_300:183"", ""source"": ""existing_300"", ""source_path"": ""C:\\Users\\jsw58\\Desktop\\itda-ocr\\labels\\labels_300.csv"", ""source_row"": 183, ""image_id"": ""707"", ""raw"": {""file_name"": ""000707.jpg"", ""image_id"": ""707"", ""year"": ""2026"", ""month"": ""08"", ""day"": ""19"", ""final_date"": ""2026-08-19"", ""notes"": ""뒤에 B"", ""Unnamed: 7"": """"}, ""canonical"": {""year"": ""2026"", ""month"": ""08"", ""day"": ""19"", ""final_date"": ""2026-08-19""}, ""review_reason"": [], ""details"": [], ""format_changes"": []}]",2026,08,19,2026-08-19,000707.jpg,뒤에 B,,2026,08,19,2026-08-19,[],[],[],[],[],[],[],[],[],[],[],[],2026,08,19,2026-08-19,,,,,,ready_for_review,false,,,,false
715,C:\Users\jsw58\Desktop\itda-ocr\data\000715.jpg,"[""C:\\Users\\jsw58\\Desktop\\itda-ocr\\data\\000715.jpg""]",existing_300;incoming_432,existing_300:35;incoming_432:95,2,"[{""source_record_id"": ""existing_300:35"", ""source"": ""existing_300"", ""source_path"": ""C:\\Users\\jsw58\\Desktop\\itda-ocr\\labels\\labels_300.csv"", ""source_row"": 35, ""image_id"": ""715"", ""raw"": {""file_name"": ""000715.jpg"", ""image_id"": ""715"", ""year"": ""2026"", ""month"": ""06"", ""day"": ""26"", ""final_date"": ""2026-06-26"", ""notes"": ""DD/MM/YYYY, 흐림, 반사있음"", ""Unnamed: 7"": """"}, ""canonical"": {""year"": ""2026"", ""month"": ""06"", ""day"": ""26"", ""final_date"": ""2026-06-26""}, ""review_reason"": [], ""details"": [], ""format_changes"": []}]",2026,06,26,2026-06-26,000715.jpg,"DD/MM/YYYY, 흐림, 반사있음",,2026,06,26,2026-06-26,"[{""source_record_id"": ""incoming_432:95"", ""source"": ""incoming_432"", ""source_path"": ""C:\\Users\\jsw58\\Downloads\\labelling data.csv"", ""source_row"": 95, ""image_id"": ""715"", ""raw"": {""image_id"": ""715"", ""year"": ""2026"", ""month"": ""6"", ""day"": ""26"", ""final_date"": ""2026-06-26""}, ""canonical"": {""year"": ""2026"", ""month"": ""06"", ""day"": ""26"", ""final_date"": ""2026-06-26""}, ""review_reason"": [], ""details"": [], ""format_changes"": [""month""]}]",2026,6,26,2026-06-26,,,,2026,06,26,2026-06-26,2026,06,26,2026-06-26,,,,,,ready_for_review,false,,,,false
719,C:\Users\jsw58\Desktop\itda-ocr\data\000719.jpg,"[""C:\\Users\\jsw58\\Desktop\\itda-ocr\\data\\000719.jpg""]",incoming_432,incoming_432:96,1,[],[],[],[],[],[],[],[],[],[],[],[],"[{""source_record_id"": ""incoming_432:96"", ""source"": ""incoming_432"", ""source_path"": ""C:\\Users\\jsw58\\Downloads\\labelling data.csv"", ""source_row"": 96, ""image_id"": ""719"", ""raw"": {""image_id"": ""719"", ""year"": ""2026"", ""month"": ""4"", ""day"": ""4"", ""final_date"": ""2026-04-04""}, ""canonical"": {""year"": ""2026"", ""month"": ""04"", ""day"": ""04"", ""final_date"": ""2026-04-04""}, ""review_reason"": [], ""details"": [], ""format_changes"": [""month"", ""day""]}]",2026,4,4,2026-04-04,,,,2026,04,04,2026-04-04,2026,04,04,2026-04-04,,,,,,ready_for_review,false,,,,false
722,C:\Users\jsw58\Desktop\itda-ocr\data\000722.jpg,"[""C:\\Users\\jsw58\\Desktop\\itda-ocr\\data\\000722.jpg""]",incoming_432,incoming_432:97,1,[],[],[],[],[],[],[],[],[],[],[],[],"[{""source_record_id"": ""incoming_432:97"", ""source"": ""incoming_432"", ""source_path"": ""C:\\Users\\jsw58\\Downloads\\labelling data.csv"", ""source_row"": 97, ""image_id"": ""722"", ""raw"": {""image_id"": ""722"", ""year"": ""2026"", ""month"": ""8"", ""day"": ""4"", ""final_date"": ""2026-08-04""}, ""canonical"": {""year"": ""2026"", ""month"": ""08"", ""day"": ""04"", ""final_date"": ""2026-08-04""}, ""review_reason"": [], ""details"": [], ""format_changes"": [""month"", ""day""]}]",2026,8,4,2026-08-04,,,,2026,08,04,2026-08-04,2026,08,04,2026-08-04,,,,,,ready_for_review,false,,,,false
725,C:\Users\jsw58\Desktop\itda-ocr\data\000725.jpg,"[""C:\\Users\\jsw58\\Desktop\\itda-ocr\\data\\000725.jpg""]",existing_300,existing_300:36,1,"[{""source_record_id"": ""existing_300:36"", ""source"": ""existing_300"", ""source_path"": ""C:\\Users\\jsw58\\Desktop\\itda-ocr\\labels\\labels_300.csv"", ""source_row"": 36, ""image_id"": ""725"", ""raw"": {""file_name"": ""000725.jpg"", ""image_id"": ""725"", ""year"": ""2026"", ""month"": ""04"", ""day"": ""16"", ""final_date"": ""2026-04-16"", ""notes"": """", ""Unnamed: 7"": """"}, ""canonical"": {""year"": ""2026"", ""month"": ""04"", ""day"": ""16"", ""final_date"": ""2026-04-16""}, ""review_reason"": [], ""details"": [], ""format_changes"": []}]",2026,04,16,2026-04-16,000725.jpg,,,2026,04,16,2026-04-16,[],[],[],[],[],[],[],[],[],[],[],[],2026,04,16,2026-04-16,,,,,,ready_for_review,false,,,,false
726,C:\Users\jsw58\Desktop\itda-ocr\data\000726.jpg,"[""C:\\Users\\jsw58\\Desktop\\itda-ocr\\data\\000726.jpg""]",existing_300,existing_300:184,1,"[{""source_record_id"": ""existing_300:184"", ""source"": ""existing_300"", ""source_path"": ""C:\\Users\\jsw58\\Desktop\\itda-ocr\\labels\\labels_300.csv"", ""source_row"": 184, ""image_id"": ""726"", ""raw"": {""file_name"": ""000726.jpg"", ""image_id"": ""726"", ""year"": ""2026"", ""month"": ""09"", ""day"": ""16"", ""final_date"": ""2026-09-16"", ""notes"": ""까지"", ""Unnamed: 7"": """"}, ""canonical"": {""year"": ""2026"", ""month"": ""09"", ""day"": ""16"", ""final_date"": ""2026-09-16""}, ""review_reason"": [], ""details"": [], ""format_changes"": []}]",2026,09,16,2026-09-16,000726.jpg,까지,,2026,09,16,2026-09-16,[],[],[],[],[],[],[],[],[],[],[],[],2026,09,16,2026-09-16,,,,,,ready_for_review,false,,,,false
729,C:\Users\jsw58\Desktop\itda-ocr\data\000729.jpg,"[""C:\\Users\\jsw58\\Desktop\\itda-ocr\\data\\000729.jpg""]",existing_300,existing_300:37,1,"[{""source_record_id"": ""existing_300:37"", ""source"": ""existing_300"", ""source_path"": ""C:\\Users\\jsw58\\Desktop\\itda-ocr\\labels\\labels_300.csv"", ""source_row"": 37, ""image_id"": ""729"", ""raw"": {""file_name"": ""000729.jpg"", ""image_id"": ""729"", ""year"": ""2026"", ""month"": ""01"", ""day"": ""07"", ""final_date"": ""2026-01-07"", ""notes"": """", ""Unnamed: 7"": """"}, ""canonical"": {""year"": ""2026"", ""month"": ""01"", ""day"": ""07"", ""final_date"": ""2026-01-07""}, ""review_reason"": [], ""details"": [], ""format_changes"": []}]",2026,01,07,2026-01-07,000729.jpg,,,2026,01,07,2026-01-07,[],[],[],[],[],[],[],[],[],[],[],[],2026,01,07,2026-01-07,,,,,,ready_for_review,false,,,,false
735,C:\Users\jsw58\Desktop\itda-ocr\data\000735.jpg,"[""C:\\Users\\jsw58\\Desktop\\itda-ocr\\data\\000735.jpg""]",incoming_432,incoming_432:98,1,[],[],[],[],[],[],[],[],[],[],[],[],"[{""source_record_id"": ""incoming_432:98"", ""source"": ""incoming_432"", ""source_path"": ""C:\\Users\\jsw58\\Downloads\\labelling data.csv"", ""source_row"": 98, ""image_id"": ""735"", ""raw"": {""image_id"": ""735"", ""year"": ""2027"", ""month"": ""1"", ""day"": ""12"", ""final_date"": ""2027-01-12""}, ""canonical"": {""year"": ""2027"", ""month"": ""01"", ""day"": ""12"", ""final_date"": ""2027-01-12""}, ""review_reason"": [], ""details"": [], ""format_changes"": [""month""]}]",2027,1,12,2027-01-12,,,,2027,01,12,2027-01-12,2027,01,12,2027-01-12,,,,,,ready_for_review,false,,,,false
740,C:\Users\jsw58\Desktop\itda-ocr\data\000740.jpg,"[""C:\\Users\\jsw58\\Desktop\\itda-ocr\\data\\000740.jpg""]",incoming_432,incoming_432:99,1,[],[],[],[],[],[],[],[],[],[],[],[],"[{""source_record_id"": ""incoming_432:99"", ""source"": ""incoming_432"", ""source_path"": ""C:\\Users\\jsw58\\Downloads\\labelling data.csv"", ""source_row"": 99, ""image_id"": ""740"", ""raw"": {""image_id"": ""740"", ""year"": ""2026"", ""month"": ""7"", ""day"": ""23"", ""final_date"": ""2026-07-23""}, ""canonical"": {""year"": ""2026"", ""month"": ""07"", ""day"": ""23"", ""final_date"": ""2026-07-23""}, ""review_reason"": [], ""details"": [], ""format_changes"": [""month""]}]",2026,7,23,2026-07-23,,,,2026,07,23,2026-07-23,2026,07,23,2026-07-23,,,,,,ready_for_review,false,,,,false
749,C:\Users\jsw58\Desktop\itda-ocr\data\000749.jpg,"[""C:\\Users\\jsw58\\Desktop\\itda-ocr\\data\\000749.jpg""]",existing_300,existing_300:185,1,"[{""source_record_id"": ""existing_300:185"", ""source"": ""existing_300"", ""source_path"": ""C:\\Users\\jsw58\\Desktop\\itda-ocr\\labels\\labels_300.csv"", ""source_row"": 185, ""image_id"": ""749"", ""raw"": {""file_name"": ""000749.jpg"", ""image_id"": ""749"", ""year"": ""2026"", ""month"": ""01"", ""day"": ""21"", ""final_date"": ""2026-01-21"", ""notes"": ""까지A31"", ""Unnamed: 7"": """"}, ""canonical"": {""year"": ""2026"", ""month"": ""01"", ""day"": ""21"", ""final_date"": ""2026-01-21""}, ""review_reason"": [], ""details"": [], ""format_changes"": []}]",2026,01,21,2026-01-21,000749.jpg,까지A31,,2026,01,21,2026-01-21,[],[],[],[],[],[],[],[],[],[],[],[],2026,01,21,2026-01-21,,,,,,ready_for_review,false,,,,false
752,C:\Users\jsw58\Desktop\itda-ocr\data\000752.jpg,"[""C:\\Users\\jsw58\\Desktop\\itda-ocr\\data\\000752.jpg""]",incoming_432,incoming_432:100,1,[],[],[],[],[],[],[],[],[],[],[],[],"[{""source_record_id"": ""incoming_432:100"", ""source"": ""incoming_432"", ""source_path"": ""C:\\Users\\jsw58\\Downloads\\labelling data.csv"", ""source_row"": 100, ""image_id"": ""752"", ""raw"": {""image_id"": ""752"", ""year"": ""2026"", ""month"": ""7"", ""day"": ""9"", ""final_date"": ""2026-07-09""}, ""canonical"": {""year"": ""2026"", ""month"": ""07"", ""day"": ""09"", ""final_date"": ""2026-07-09""}, ""review_reason"": [], ""details"": [], ""format_changes"": [""month"", ""day""]}]",2026,7,9,2026-07-09,,,,2026,07,09,2026-07-09,2026,07,09,2026-07-09,,,,,,ready_for_review,false,,,,false
762,C:\Users\jsw58\Desktop\itda-ocr\data\000762.jpg,"[""C:\\Users\\jsw58\\Desktop\\itda-ocr\\data\\000762.jpg""]",incoming_432,incoming_432:101,1,[],[],[],[],[],[],[],[],[],[],[],[],"[{""source_record_id"": ""incoming_432:101"", ""source"": ""incoming_432"", ""source_path"": ""C:\\Users\\jsw58\\Downloads\\labelling data.csv"", ""source_row"": 101, ""image_id"": ""762"", ""raw"": {""image_id"": ""762"", ""year"": ""2026"", ""month"": ""8"", ""day"": ""2"", ""final_date"": ""2026-08-02""}, ""canonical"": {""year"": ""2026"", ""month"": ""08"", ""day"": ""02"", ""final_date"": ""2026-08-02""}, ""review_reason"": [], ""details"": [], ""format_changes"": [""month"", ""day""]}]",2026,8,2,2026-08-02,,,,2026,08,02,2026-08-02,2026,08,02,2026-08-02,,,,,,ready_for_review,false,,,,false
763,C:\Users\jsw58\Desktop\itda-ocr\data\000763.jpg,"[""C:\\Users\\jsw58\\Desktop\\itda-ocr\\data\\000763.jpg""]",existing_300,existing_300:38,1,"[{""source_record_id"": ""existing_300:38"", ""source"": ""existing_300"", ""source_path"": ""C:\\Users\\jsw58\\Desktop\\itda-ocr\\labels\\labels_300.csv"", ""source_row"": 38, ""image_id"": ""763"", ""raw"": {""file_name"": ""000763.jpg"", ""image_id"": ""763"", ""year"": ""NONE"", ""month"": ""11"", ""day"": ""12"", ""final_date"": ""none-11-12"", ""notes"": """", ""Unnamed: 7"": """"}, ""canonical"": {""year"": ""NONE"", ""month"": ""11"", ""day"": ""12"", ""final_date"": ""NONE-11-12""}, ""review_reason"": [""ambiguous_date_order"", ""partial_none""], ""details"": [""Unknown year; swapping month/day gives another valid date (candidate only)""], ""format_changes"": [""final_date""]}]",NONE,11,12,none-11-12,000763.jpg,,,NONE,11,12,NONE-11-12,[],[],[],[],[],[],[],[],[],[],[],[],NONE,11,12,NONE-11-12,,,,,ambiguous_date_order;partial_none,pending,false,,,,false
770,C:\Users\jsw58\Desktop\itda-ocr\data\000770.jpeg,"[""C:\\Users\\jsw58\\Desktop\\itda-ocr\\data\\000770.jpeg""]",incoming_432,incoming_432:102,1,[],[],[],[],[],[],[],[],[],[],[],[],"[{""source_record_id"": ""incoming_432:102"", ""source"": ""incoming_432"", ""source_path"": ""C:\\Users\\jsw58\\Downloads\\labelling data.csv"", ""source_row"": 102, ""image_id"": ""770"", ""raw"": {""image_id"": ""770"", ""year"": ""2030"", ""month"": ""4"", ""day"": ""NONE"", ""final_date"": ""2030-04-NONE""}, ""canonical"": {""year"": ""2030"", ""month"": ""04"", ""day"": ""NONE"", ""final_date"": ""2030-04-NONE""}, ""review_reason"": [""partial_none""], ""details"": [], ""format_changes"": [""month""]}]",2030,4,NONE,2030-04-NONE,,,,2030,04,NONE,2030-04-NONE,2030,04,NONE,2030-04-NONE,,,,,partial_none,pending,false,,,,false
775,C:\Users\jsw58\Desktop\itda-ocr\data\000775.jpeg,"[""C:\\Users\\jsw58\\Desktop\\itda-ocr\\data\\000775.jpeg""]",existing_300,existing_300:186,1,"[{""source_record_id"": ""existing_300:186"", ""source"": ""existing_300"", ""source_path"": ""C:\\Users\\jsw58\\Desktop\\itda-ocr\\labels\\labels_300.csv"", ""source_row"": 186, ""image_id"": ""775"", ""raw"": {""file_name"": ""000775.jpeg"", ""image_id"": ""775"", ""year"": ""2025"", ""month"": ""12"", ""day"": ""17"", ""final_date"": ""2025-12-17"", ""notes"": ""숫자 6개만 있음"", ""Unnamed: 7"": """"}, ""canonical"": {""year"": ""2025"", ""month"": ""12"", ""day"": ""17"", ""final_date"": ""2025-12-17""}, ""review_reason"": [], ""details"": [], ""format_changes"": []}]",2025,12,17,2025-12-17,000775.jpeg,숫자 6개만 있음,,2025,12,17,2025-12-17,[],[],[],[],[],[],[],[],[],[],[],[],2025,12,17,2025-12-17,,,,,,ready_for_review,false,,,,false
777,C:\Users\jsw58\Desktop\itda-ocr\data\000777.jpeg,"[""C:\\Users\\jsw58\\Desktop\\itda-ocr\\data\\000777.jpeg""]",incoming_432,incoming_432:103,1,[],[],[],[],[],[],[],[],[],[],[],[],"[{""source_record_id"": ""incoming_432:103"", ""source"": ""incoming_432"", ""source_path"": ""C:\\Users\\jsw58\\Downloads\\labelling data.csv"", ""source_row"": 103, ""image_id"": ""777"", ""raw"": {""image_id"": ""777"", ""year"": ""2026"", ""month"": ""3"", ""day"": ""NONE"", ""final_date"": ""2026-03-NONE""}, ""canonical"": {""year"": ""2026"", ""month"": ""03"", ""day"": ""NONE"", ""final_date"": ""2026-03-NONE""}, ""review_reason"": [""partial_none""], ""details"": [], ""format_changes"": [""month""]}]",2026,3,NONE,2026-03-NONE,,,,2026,03,NONE,2026-03-NONE,2026,03,NONE,2026-03-NONE,,,,,partial_none,pending,false,,,,false
778,C:\Users\jsw58\Desktop\itda-ocr\data\000778.jpeg,"[""C:\\Users\\jsw58\\Desktop\\itda-ocr\\data\\000778.jpeg""]",existing_300,existing_300:187,1,"[{""source_record_id"": ""existing_300:187"", ""source"": ""existing_300"", ""source_path"": ""C:\\Users\\jsw58\\Desktop\\itda-ocr\\labels\\labels_300.csv"", ""source_row"": 187, ""image_id"": ""778"", ""raw"": {""file_name"": ""000778.jpeg"", ""image_id"": ""778"", ""year"": ""2026"", ""month"": ""06"", ""day"": ""22"", ""final_date"": ""2026-06-22"", ""notes"": ""빨강 배경이라 약간 잘 안 보임, 뒤에 C R"", ""Unnamed: 7"": """"}, ""canonical"": {""year"": ""2026"", ""month"": ""06"", ""day"": ""22"", ""final_date"": ""2026-06-22""}, ""review_reason"": [], ""details"": [], ""format_changes"": []}]",2026,06,22,2026-06-22,000778.jpeg,"빨강 배경이라 약간 잘 안 보임, 뒤에 C R",,2026,06,22,2026-06-22,[],[],[],[],[],[],[],[],[],[],[],[],2026,06,22,2026-06-22,,,,,,ready_for_review,false,,,,false
789,C:\Users\jsw58\Desktop\itda-ocr\data\000789.jpeg,"[""C:\\Users\\jsw58\\Desktop\\itda-ocr\\data\\000789.jpeg""]",existing_300;incoming_432,existing_300:39;incoming_432:104,2,"[{""source_record_id"": ""existing_300:39"", ""source"": ""existing_300"", ""source_path"": ""C:\\Users\\jsw58\\Desktop\\itda-ocr\\labels\\labels_300.csv"", ""source_row"": 39, ""image_id"": ""789"", ""raw"": {""file_name"": ""000789.jpeg"", ""image_id"": ""789"", ""year"": ""NONE"", ""month"": ""12"", ""day"": ""19"", ""final_date"": ""none-12-19"", ""notes"": """", ""Unnamed: 7"": """"}, ""canonical"": {""year"": ""NONE"", ""month"": ""12"", ""day"": ""19"", ""final_date"": ""NONE-12-19""}, ""review_reason"": [""partial_none""], ""details"": [], ""format_changes"": [""final_date""]}]",NONE,12,19,none-12-19,000789.jpeg,,,NONE,12,19,NONE-12-19,"[{""source_record_id"": ""incoming_432:104"", ""source"": ""incoming_432"", ""source_path"": ""C:\\Users\\jsw58\\Downloads\\labelling data.csv"", ""source_row"": 104, ""image_id"": ""789"", ""raw"": {""image_id"": ""789"", ""year"": ""NONE"", ""month"": ""12"", ""day"": ""19"", ""final_date"": ""NONE-12-19""}, ""canonical"": {""year"": ""NONE"", ""month"": ""12"", ""day"": ""19"", ""final_date"": ""NONE-12-19""}, ""review_reason"": [""partial_none""], ""details"": [], ""format_changes"": []}]",NONE,12,19,NONE-12-19,,,,NONE,12,19,NONE-12-19,NONE,12,19,NONE-12-19,,,,,partial_none,pending,false,,,,false
795,C:\Users\jsw58\Desktop\itda-ocr\data\000795.jpeg,"[""C:\\Users\\jsw58\\Desktop\\itda-ocr\\data\\000795.jpeg""]",incoming_432,incoming_432:105,1,[],[],[],[],[],[],[],[],[],[],[],[],"[{""source_record_id"": ""incoming_432:105"", ""source"": ""incoming_432"", ""source_path"": ""C:\\Users\\jsw58\\Downloads\\labelling data.csv"", ""source_row"": 105, ""image_id"": ""795"", ""raw"": {""image_id"": ""795"", ""year"": ""2026"", ""month"": ""7"", ""day"": ""14"", ""final_date"": ""2026-07-14""}, ""canonical"": {""year"": ""2026"", ""month"": ""07"", ""day"": ""14"", ""final_date"": ""2026-07-14""}, ""review_reason"": [], ""details"": [], ""format_changes"": [""month""]}]",2026,7,14,2026-07-14,,,,2026,07,14,2026-07-14,2026,07,14,2026-07-14,,,,,,ready_for_review,false,,,,false
803,C:\Users\jsw58\Desktop\itda-ocr\data\000803.jpeg,"[""C:\\Users\\jsw58\\Desktop\\itda-ocr\\data\\000803.jpeg""]",incoming_432,incoming_432:106,1,[],[],[],[],[],[],[],[],[],[],[],[],"[{""source_record_id"": ""incoming_432:106"", ""source"": ""incoming_432"", ""source_path"": ""C:\\Users\\jsw58\\Downloads\\labelling data.csv"", ""source_row"": 106, ""image_id"": ""803"", ""raw"": {""image_id"": ""803"", ""year"": ""2026"", ""month"": ""9"", ""day"": ""13"", ""final_date"": ""2026-09-13""}, ""canonical"": {""year"": ""2026"", ""month"": ""09"", ""day"": ""13"", ""final_date"": ""2026-09-13""}, ""review_reason"": [], ""details"": [], ""format_changes"": [""month""]}]",2026,9,13,2026-09-13,,,,2026,09,13,2026-09-13,2026,09,13,2026-09-13,,,,,,ready_for_review,false,,,,false
811,C:\Users\jsw58\Desktop\itda-ocr\data\000811.jpeg,"[""C:\\Users\\jsw58\\Desktop\\itda-ocr\\data\\000811.jpeg""]",incoming_432,incoming_432:107,1,[],[],[],[],[],[],[],[],[],[],[],[],"[{""source_record_id"": ""incoming_432:107"", ""source"": ""incoming_432"", ""source_path"": ""C:\\Users\\jsw58\\Downloads\\labelling data.csv"", ""source_row"": 107, ""image_id"": ""811"", ""raw"": {""image_id"": ""811"", ""year"": ""2026"", ""month"": ""3"", ""day"": ""31"", ""final_date"": ""2026-03-31""}, ""canonical"": {""year"": ""2026"", ""month"": ""03"", ""day"": ""31"", ""final_date"": ""2026-03-31""}, ""review_reason"": [], ""details"": [], ""format_changes"": [""month""]}]",2026,3,31,2026-03-31,,,,2026,03,31,2026-03-31,2026,03,31,2026-03-31,,,,,,ready_for_review,false,,,,false
820,C:\Users\jsw58\Desktop\itda-ocr\data\000820.jpeg,"[""C:\\Users\\jsw58\\Desktop\\itda-ocr\\data\\000820.jpeg""]",existing_300,existing_300:40,1,"[{""source_record_id"": ""existing_300:40"", ""source"": ""existing_300"", ""source_path"": ""C:\\Users\\jsw58\\Desktop\\itda-ocr\\labels\\labels_300.csv"", ""source_row"": 40, ""image_id"": ""820"", ""raw"": {""file_name"": ""000820.jpeg"", ""image_id"": ""820"", ""year"": ""2026"", ""month"": ""05"", ""day"": ""18"", ""final_date"": ""2026-05-18"", ""notes"": ""DD/MM/YYYY"", ""Unnamed: 7"": """"}, ""canonical"": {""year"": ""2026"", ""month"": ""05"", ""day"": ""18"", ""final_date"": ""2026-05-18""}, ""review_reason"": [], ""details"": [], ""format_changes"": []}]",2026,05,18,2026-05-18,000820.jpeg,DD/MM/YYYY,,2026,05,18,2026-05-18,[],[],[],[],[],[],[],[],[],[],[],[],2026,05,18,2026-05-18,,,,,,ready_for_review,false,,,,false
824,C:\Users\jsw58\Desktop\itda-ocr\data\000824.jpeg,"[""C:\\Users\\jsw58\\Desktop\\itda-ocr\\data\\000824.jpeg""]",incoming_432,incoming_432:108,1,[],[],[],[],[],[],[],[],[],[],[],[],"[{""source_record_id"": ""incoming_432:108"", ""source"": ""incoming_432"", ""source_path"": ""C:\\Users\\jsw58\\Downloads\\labelling data.csv"", ""source_row"": 108, ""image_id"": ""824"", ""raw"": {""image_id"": ""824"", ""year"": ""NONE"", ""month"": ""12"", ""day"": ""19"", ""final_date"": ""NONE-12-19""}, ""canonical"": {""year"": ""NONE"", ""month"": ""12"", ""day"": ""19"", ""final_date"": ""NONE-12-19""}, ""review_reason"": [""partial_none""], ""details"": [], ""format_changes"": []}]",NONE,12,19,NONE-12-19,,,,NONE,12,19,NONE-12-19,NONE,12,19,NONE-12-19,,,,,partial_none,pending,false,,,,false
832,C:\Users\jsw58\Desktop\itda-ocr\data\000832.jpeg,"[""C:\\Users\\jsw58\\Desktop\\itda-ocr\\data\\000832.jpeg""]",incoming_432,incoming_432:109,1,[],[],[],[],[],[],[],[],[],[],[],[],"[{""source_record_id"": ""incoming_432:109"", ""source"": ""incoming_432"", ""source_path"": ""C:\\Users\\jsw58\\Downloads\\labelling data.csv"", ""source_row"": 109, ""image_id"": ""832"", ""raw"": {""image_id"": ""832"", ""year"": ""2026"", ""month"": ""7"", ""day"": ""16"", ""final_date"": ""2026-07-16""}, ""canonical"": {""year"": ""2026"", ""month"": ""07"", ""day"": ""16"", ""final_date"": ""2026-07-16""}, ""review_reason"": [], ""details"": [], ""format_changes"": [""month""]}]",2026,7,16,2026-07-16,,,,2026,07,16,2026-07-16,2026,07,16,2026-07-16,,,,,,ready_for_review,false,,,,false
839,C:\Users\jsw58\Desktop\itda-ocr\data\000839.jpeg,"[""C:\\Users\\jsw58\\Desktop\\itda-ocr\\data\\000839.jpeg""]",incoming_432,incoming_432:110,1,[],[],[],[],[],[],[],[],[],[],[],[],"[{""source_record_id"": ""incoming_432:110"", ""source"": ""incoming_432"", ""source_path"": ""C:\\Users\\jsw58\\Downloads\\labelling data.csv"", ""source_row"": 110, ""image_id"": ""839"", ""raw"": {""image_id"": ""839"", ""year"": ""2026"", ""month"": ""1"", ""day"": ""3"", ""final_date"": ""2026-01-03""}, ""canonical"": {""year"": ""2026"", ""month"": ""01"", ""day"": ""03"", ""final_date"": ""2026-01-03""}, ""review_reason"": [], ""details"": [], ""format_changes"": [""month"", ""day""]}]",2026,1,3,2026-01-03,,,,2026,01,03,2026-01-03,2026,01,03,2026-01-03,,,,,,ready_for_review,false,,,,false
843,C:\Users\jsw58\Desktop\itda-ocr\data\000843.jpeg,"[""C:\\Users\\jsw58\\Desktop\\itda-ocr\\data\\000843.jpeg""]",incoming_432,incoming_432:111,1,[],[],[],[],[],[],[],[],[],[],[],[],"[{""source_record_id"": ""incoming_432:111"", ""source"": ""incoming_432"", ""source_path"": ""C:\\Users\\jsw58\\Downloads\\labelling data.csv"", ""source_row"": 111, ""image_id"": ""843"", ""raw"": {""image_id"": ""843"", ""year"": ""2026"", ""month"": ""6"", ""day"": ""17"", ""final_date"": ""2026-06-17""}, ""canonical"": {""year"": ""2026"", ""month"": ""06"", ""day"": ""17"", ""final_date"": ""2026-06-17""}, ""review_reason"": [], ""details"": [], ""format_changes"": [""month""]}]",2026,6,17,2026-06-17,,,,2026,06,17,2026-06-17,2026,06,17,2026-06-17,,,,,,ready_for_review,false,,,,false
844,C:\Users\jsw58\Desktop\itda-ocr\data\000844.jpeg,"[""C:\\Users\\jsw58\\Desktop\\itda-ocr\\data\\000844.jpeg""]",incoming_432,incoming_432:112,1,[],[],[],[],[],[],[],[],[],[],[],[],"[{""source_record_id"": ""incoming_432:112"", ""source"": ""incoming_432"", ""source_path"": ""C:\\Users\\jsw58\\Downloads\\labelling data.csv"", ""source_row"": 112, ""image_id"": ""844"", ""raw"": {""image_id"": ""844"", ""year"": ""2026"", ""month"": ""3"", ""day"": ""7"", ""final_date"": ""2026-03-07""}, ""canonical"": {""year"": ""2026"", ""month"": ""03"", ""day"": ""07"", ""final_date"": ""2026-03-07""}, ""review_reason"": [], ""details"": [], ""format_changes"": [""month"", ""day""]}]",2026,3,7,2026-03-07,,,,2026,03,07,2026-03-07,2026,03,07,2026-03-07,,,,,,ready_for_review,false,,,,false
845,C:\Users\jsw58\Desktop\itda-ocr\data\000845.jpeg,"[""C:\\Users\\jsw58\\Desktop\\itda-ocr\\data\\000845.jpeg""]",existing_300,existing_300:188,1,"[{""source_record_id"": ""existing_300:188"", ""source"": ""existing_300"", ""source_path"": ""C:\\Users\\jsw58\\Desktop\\itda-ocr\\labels\\labels_300.csv"", ""source_row"": 188, ""image_id"": ""845"", ""raw"": {""file_name"": ""000845.jpeg"", ""image_id"": ""845"", ""year"": ""2026"", ""month"": ""06"", ""day"": ""17"", ""final_date"": ""2026-06-17"", ""notes"": ""거꾸로 적혀있음 그리고 밑에 문자들 많음"", ""Unnamed: 7"": """"}, ""canonical"": {""year"": ""2026"", ""month"": ""06"", ""day"": ""17"", ""final_date"": ""2026-06-17""}, ""review_reason"": [], ""details"": [], ""format_changes"": []}]",2026,06,17,2026-06-17,000845.jpeg,거꾸로 적혀있음 그리고 밑에 문자들 많음,,2026,06,17,2026-06-17,[],[],[],[],[],[],[],[],[],[],[],[],2026,06,17,2026-06-17,,,,,,ready_for_review,false,,,,false
848,C:\Users\jsw58\Desktop\itda-ocr\data\000848.jpeg,"[""C:\\Users\\jsw58\\Desktop\\itda-ocr\\data\\000848.jpeg""]",incoming_432,incoming_432:113,1,[],[],[],[],[],[],[],[],[],[],[],[],"[{""source_record_id"": ""incoming_432:113"", ""source"": ""incoming_432"", ""source_path"": ""C:\\Users\\jsw58\\Downloads\\labelling data.csv"", ""source_row"": 113, ""image_id"": ""848"", ""raw"": {""image_id"": ""848"", ""year"": ""2026"", ""month"": ""5"", ""day"": ""21"", ""final_date"": ""2026-05-21""}, ""canonical"": {""year"": ""2026"", ""month"": ""05"", ""day"": ""21"", ""final_date"": ""2026-05-21""}, ""review_reason"": [], ""details"": [], ""format_changes"": [""month""]}]",2026,5,21,2026-05-21,,,,2026,05,21,2026-05-21,2026,05,21,2026-05-21,,,,,,ready_for_review,false,,,,false
850,C:\Users\jsw58\Desktop\itda-ocr\data\000850.jpeg,"[""C:\\Users\\jsw58\\Desktop\\itda-ocr\\data\\000850.jpeg""]",incoming_432,incoming_432:114,1,[],[],[],[],[],[],[],[],[],[],[],[],"[{""source_record_id"": ""incoming_432:114"", ""source"": ""incoming_432"", ""source_path"": ""C:\\Users\\jsw58\\Downloads\\labelling data.csv"", ""source_row"": 114, ""image_id"": ""850"", ""raw"": {""image_id"": ""850"", ""year"": ""2026"", ""month"": ""8"", ""day"": ""9"", ""final_date"": ""2026-08-09""}, ""canonical"": {""year"": ""2026"", ""month"": ""08"", ""day"": ""09"", ""final_date"": ""2026-08-09""}, ""review_reason"": [], ""details"": [], ""format_changes"": [""month"", ""day""]}]",2026,8,9,2026-08-09,,,,2026,08,09,2026-08-09,2026,08,09,2026-08-09,,,,,,ready_for_review,false,,,,false
851,C:\Users\jsw58\Desktop\itda-ocr\data\000851.jpeg,"[""C:\\Users\\jsw58\\Desktop\\itda-ocr\\data\\000851.jpeg""]",incoming_432,incoming_432:115,1,[],[],[],[],[],[],[],[],[],[],[],[],"[{""source_record_id"": ""incoming_432:115"", ""source"": ""incoming_432"", ""source_path"": ""C:\\Users\\jsw58\\Downloads\\labelling data.csv"", ""source_row"": 115, ""image_id"": ""851"", ""raw"": {""image_id"": ""851"", ""year"": ""2026"", ""month"": ""8"", ""day"": ""9"", ""final_date"": ""2026-08-09""}, ""canonical"": {""year"": ""2026"", ""month"": ""08"", ""day"": ""09"", ""final_date"": ""2026-08-09""}, ""review_reason"": [], ""details"": [], ""format_changes"": [""month"", ""day""]}]",2026,8,9,2026-08-09,,,,2026,08,09,2026-08-09,2026,08,09,2026-08-09,,,,,,ready_for_review,false,,,,false
853,C:\Users\jsw58\Desktop\itda-ocr\data\000853.jpeg,"[""C:\\Users\\jsw58\\Desktop\\itda-ocr\\data\\000853.jpeg""]",existing_300;incoming_432,existing_300:41;incoming_432:116,2,"[{""source_record_id"": ""existing_300:41"", ""source"": ""existing_300"", ""source_path"": ""C:\\Users\\jsw58\\Desktop\\itda-ocr\\labels\\labels_300.csv"", ""source_row"": 41, ""image_id"": ""853"", ""raw"": {""file_name"": ""000853.jpeg"", ""image_id"": ""853"", ""year"": ""2026"", ""month"": ""09"", ""day"": ""24"", ""final_date"": ""2026-09-24"", ""notes"": ""25.09.25-26.09.24"", ""Unnamed: 7"": """"}, ""canonical"": {""year"": ""2026"", ""month"": ""09"", ""day"": ""24"", ""final_date"": ""2026-09-24""}, ""review_reason"": [], ""details"": [], ""format_changes"": []}]",2026,09,24,2026-09-24,000853.jpeg,25.09.25-26.09.24,,2026,09,24,2026-09-24,"[{""source_record_id"": ""incoming_432:116"", ""source"": ""incoming_432"", ""source_path"": ""C:\\Users\\jsw58\\Downloads\\labelling data.csv"", ""source_row"": 116, ""image_id"": ""853"", ""raw"": {""image_id"": ""853"", ""year"": ""2026"", ""month"": ""9"", ""day"": ""24"", ""final_date"": ""2026-09-24""}, ""canonical"": {""year"": ""2026"", ""month"": ""09"", ""day"": ""24"", ""final_date"": ""2026-09-24""}, ""review_reason"": [], ""details"": [], ""format_changes"": [""month""]}]",2026,9,24,2026-09-24,,,,2026,09,24,2026-09-24,2026,09,24,2026-09-24,,,,,,ready_for_review,false,,,,false
859,C:\Users\jsw58\Desktop\itda-ocr\data\000859.jpg,"[""C:\\Users\\jsw58\\Desktop\\itda-ocr\\data\\000859.jpg""]",incoming_432,incoming_432:117,1,[],[],[],[],[],[],[],[],[],[],[],[],"[{""source_record_id"": ""incoming_432:117"", ""source"": ""incoming_432"", ""source_path"": ""C:\\Users\\jsw58\\Downloads\\labelling data.csv"", ""source_row"": 117, ""image_id"": ""859"", ""raw"": {""image_id"": ""859"", ""year"": ""2021"", ""month"": ""10"", ""day"": ""20"", ""final_date"": ""2021-10-20""}, ""canonical"": {""year"": ""2021"", ""month"": ""10"", ""day"": ""20"", ""final_date"": ""2021-10-20""}, ""review_reason"": [], ""details"": [], ""format_changes"": []}]",2021,10,20,2021-10-20,,,,2021,10,20,2021-10-20,2021,10,20,2021-10-20,,,,,,ready_for_review,false,,,,false
862,C:\Users\jsw58\Desktop\itda-ocr\data\000862.jpg,"[""C:\\Users\\jsw58\\Desktop\\itda-ocr\\data\\000862.jpg""]",incoming_432,incoming_432:118,1,[],[],[],[],[],[],[],[],[],[],[],[],"[{""source_record_id"": ""incoming_432:118"", ""source"": ""incoming_432"", ""source_path"": ""C:\\Users\\jsw58\\Downloads\\labelling data.csv"", ""source_row"": 118, ""image_id"": ""862"", ""raw"": {""image_id"": ""862"", ""year"": ""2021"", ""month"": ""10"", ""day"": ""22"", ""final_date"": ""2021-10-22""}, ""canonical"": {""year"": ""2021"", ""month"": ""10"", ""day"": ""22"", ""final_date"": ""2021-10-22""}, ""review_reason"": [], ""details"": [], ""format_changes"": []}]",2021,10,22,2021-10-22,,,,2021,10,22,2021-10-22,2021,10,22,2021-10-22,,,,,,ready_for_review,false,,,,false
864,C:\Users\jsw58\Desktop\itda-ocr\data\000864.jpg,"[""C:\\Users\\jsw58\\Desktop\\itda-ocr\\data\\000864.jpg""]",incoming_432,incoming_432:119,1,[],[],[],[],[],[],[],[],[],[],[],[],"[{""source_record_id"": ""incoming_432:119"", ""source"": ""incoming_432"", ""source_path"": ""C:\\Users\\jsw58\\Downloads\\labelling data.csv"", ""source_row"": 119, ""image_id"": ""864"", ""raw"": {""image_id"": ""864"", ""year"": ""2023"", ""month"": ""3"", ""day"": ""4"", ""final_date"": ""2023-03-04""}, ""canonical"": {""year"": ""2023"", ""month"": ""03"", ""day"": ""04"", ""final_date"": ""2023-03-04""}, ""review_reason"": [], ""details"": [], ""format_changes"": [""month"", ""day""]}]",2023,3,4,2023-03-04,,,,2023,03,04,2023-03-04,2023,03,04,2023-03-04,,,,,,ready_for_review,false,,,,false
877,C:\Users\jsw58\Desktop\itda-ocr\data\000877.jpg,"[""C:\\Users\\jsw58\\Desktop\\itda-ocr\\data\\000877.jpg""]",incoming_432,incoming_432:120,1,[],[],[],[],[],[],[],[],[],[],[],[],"[{""source_record_id"": ""incoming_432:120"", ""source"": ""incoming_432"", ""source_path"": ""C:\\Users\\jsw58\\Downloads\\labelling data.csv"", ""source_row"": 120, ""image_id"": ""877"", ""raw"": {""image_id"": ""877"", ""year"": ""2023"", ""month"": ""4"", ""day"": ""3"", ""final_date"": ""2023-04-03""}, ""canonical"": {""year"": ""2023"", ""month"": ""04"", ""day"": ""03"", ""final_date"": ""2023-04-03""}, ""review_reason"": [], ""details"": [], ""format_changes"": [""month"", ""day""]}]",2023,4,3,2023-04-03,,,,2023,04,03,2023-04-03,2023,04,03,2023-04-03,,,,,,ready_for_review,false,,,,false
879,C:\Users\jsw58\Desktop\itda-ocr\data\000879.jpg,"[""C:\\Users\\jsw58\\Desktop\\itda-ocr\\data\\000879.jpg""]",existing_300,existing_300:42,1,"[{""source_record_id"": ""existing_300:42"", ""source"": ""existing_300"", ""source_path"": ""C:\\Users\\jsw58\\Desktop\\itda-ocr\\labels\\labels_300.csv"", ""source_row"": 42, ""image_id"": ""879"", ""raw"": {""file_name"": ""000879.jpg"", ""image_id"": ""879"", ""year"": ""2021"", ""month"": ""05"", ""day"": ""11"", ""final_date"": ""2021-05-11"", ""notes"": ""EXP. DATE:11/05/2021"", ""Unnamed: 7"": """"}, ""canonical"": {""year"": ""2021"", ""month"": ""05"", ""day"": ""11"", ""final_date"": ""2021-05-11""}, ""review_reason"": [], ""details"": [], ""format_changes"": []}]",2021,05,11,2021-05-11,000879.jpg,EXP. DATE:11/05/2021,,2021,05,11,2021-05-11,[],[],[],[],[],[],[],[],[],[],[],[],2021,05,11,2021-05-11,,,,,,ready_for_review,false,,,,false
880,C:\Users\jsw58\Desktop\itda-ocr\data\000880.jpg,"[""C:\\Users\\jsw58\\Desktop\\itda-ocr\\data\\000880.jpg""]",incoming_432,incoming_432:121,1,[],[],[],[],[],[],[],[],[],[],[],[],"[{""source_record_id"": ""incoming_432:121"", ""source"": ""incoming_432"", ""source_path"": ""C:\\Users\\jsw58\\Downloads\\labelling data.csv"", ""source_row"": 121, ""image_id"": ""880"", ""raw"": {""image_id"": ""880"", ""year"": ""2021"", ""month"": ""5"", ""day"": ""11"", ""final_date"": ""2021-05-11""}, ""canonical"": {""year"": ""2021"", ""month"": ""05"", ""day"": ""11"", ""final_date"": ""2021-05-11""}, ""review_reason"": [], ""details"": [], ""format_changes"": [""month""]}]",2021,5,11,2021-05-11,,,,2021,05,11,2021-05-11,2021,05,11,2021-05-11,,,,,,ready_for_review,false,,,,false
892,C:\Users\jsw58\Desktop\itda-ocr\data\000892.jpg,"[""C:\\Users\\jsw58\\Desktop\\itda-ocr\\data\\000892.jpg""]",incoming_432,incoming_432:122,1,[],[],[],[],[],[],[],[],[],[],[],[],"[{""source_record_id"": ""incoming_432:122"", ""source"": ""incoming_432"", ""source_path"": ""C:\\Users\\jsw58\\Downloads\\labelling data.csv"", ""source_row"": 122, ""image_id"": ""892"", ""raw"": {""image_id"": ""892"", ""year"": ""2022"", ""month"": ""2"", ""day"": ""7"", ""final_date"": ""2022-02-07""}, ""canonical"": {""year"": ""2022"", ""month"": ""02"", ""day"": ""07"", ""final_date"": ""2022-02-07""}, ""review_reason"": [], ""details"": [], ""format_changes"": [""month"", ""day""]}]",2022,2,7,2022-02-07,,,,2022,02,07,2022-02-07,2022,02,07,2022-02-07,,,,,,ready_for_review,false,,,,false
893,C:\Users\jsw58\Desktop\itda-ocr\data\000893.jpg,"[""C:\\Users\\jsw58\\Desktop\\itda-ocr\\data\\000893.jpg""]",existing_300,existing_300:189,1,"[{""source_record_id"": ""existing_300:189"", ""source"": ""existing_300"", ""source_path"": ""C:\\Users\\jsw58\\Desktop\\itda-ocr\\labels\\labels_300.csv"", ""source_row"": 189, ""image_id"": ""893"", ""raw"": {""file_name"": ""000893.jpg"", ""image_id"": ""893"", ""year"": ""2022"", ""month"": ""02"", ""day"": ""07"", ""final_date"": ""2022-02-07"", ""notes"": ""미국식 소비기한 표기, 02가 아니라 FEB으로 되어 있고 거꾸로 적혀있음"", ""Unnamed: 7"": """"}, ""canonical"": {""year"": ""2022"", ""month"": ""02"", ""day"": ""07"", ""final_date"": ""2022-02-07""}, ""review_reason"": [], ""details"": [], ""format_changes"": []}]",2022,02,07,2022-02-07,000893.jpg,"미국식 소비기한 표기, 02가 아니라 FEB으로 되어 있고 거꾸로 적혀있음",,2022,02,07,2022-02-07,[],[],[],[],[],[],[],[],[],[],[],[],2022,02,07,2022-02-07,,,,,,ready_for_review,false,,,,false
901,C:\Users\jsw58\Desktop\itda-ocr\data\000901.jpg,"[""C:\\Users\\jsw58\\Desktop\\itda-ocr\\data\\000901.jpg""]",existing_300,existing_300:190,1,"[{""source_record_id"": ""existing_300:190"", ""source"": ""existing_300"", ""source_path"": ""C:\\Users\\jsw58\\Desktop\\itda-ocr\\labels\\labels_300.csv"", ""source_row"": 190, ""image_id"": ""901"", ""raw"": {""file_name"": ""000901.jpg"", ""image_id"": ""901"", ""year"": ""2021"", ""month"": ""11"", ""day"": ""01"", ""final_date"": ""2021-11-01"", ""notes"": ""거꾸로 적혀있음 "", ""Unnamed: 7"": """"}, ""canonical"": {""year"": ""2021"", ""month"": ""11"", ""day"": ""01"", ""final_date"": ""2021-11-01""}, ""review_reason"": [], ""details"": [], ""format_changes"": []}]",2021,11,01,2021-11-01,000901.jpg,거꾸로 적혀있음 ,,2021,11,01,2021-11-01,[],[],[],[],[],[],[],[],[],[],[],[],2021,11,01,2021-11-01,,,,,,ready_for_review,false,,,,false
905,C:\Users\jsw58\Desktop\itda-ocr\data\000905.jpg,"[""C:\\Users\\jsw58\\Desktop\\itda-ocr\\data\\000905.jpg""]",incoming_432,incoming_432:123,1,[],[],[],[],[],[],[],[],[],[],[],[],"[{""source_record_id"": ""incoming_432:123"", ""source"": ""incoming_432"", ""source_path"": ""C:\\Users\\jsw58\\Downloads\\labelling data.csv"", ""source_row"": 123, ""image_id"": ""905"", ""raw"": {""image_id"": ""905"", ""year"": ""2022"", ""month"": ""1"", ""day"": ""NONE"", ""final_date"": ""2022-01-NONE""}, ""canonical"": {""year"": ""2022"", ""month"": ""01"", ""day"": ""NONE"", ""final_date"": ""2022-01-NONE""}, ""review_reason"": [""partial_none""], ""details"": [], ""format_changes"": [""month""]}]",2022,1,NONE,2022-01-NONE,,,,2022,01,NONE,2022-01-NONE,2022,01,NONE,2022-01-NONE,,,,,partial_none,pending,false,,,,false
907,C:\Users\jsw58\Desktop\itda-ocr\data\000907.jpg,"[""C:\\Users\\jsw58\\Desktop\\itda-ocr\\data\\000907.jpg""]",existing_300,existing_300:191,1,"[{""source_record_id"": ""existing_300:191"", ""source"": ""existing_300"", ""source_path"": ""C:\\Users\\jsw58\\Desktop\\itda-ocr\\labels\\labels_300.csv"", ""source_row"": 191, ""image_id"": ""907"", ""raw"": {""file_name"": ""000907.jpg"", ""image_id"": ""907"", ""year"": ""2022"", ""month"": ""01"", ""day"": ""NONE"", ""final_date"": ""2022-01-NONE"", ""notes"": ""DAY가 없음, 날짜 거꾸로"", ""Unnamed: 7"": """"}, ""canonical"": {""year"": ""2022"", ""month"": ""01"", ""day"": ""NONE"", ""final_date"": ""2022-01-NONE""}, ""review_reason"": [""partial_none""], ""details"": [], ""format_changes"": []}]",2022,01,NONE,2022-01-NONE,000907.jpg,"DAY가 없음, 날짜 거꾸로",,2022,01,NONE,2022-01-NONE,[],[],[],[],[],[],[],[],[],[],[],[],2022,01,NONE,2022-01-NONE,,,,,partial_none,pending,false,,,,false
909,C:\Users\jsw58\Desktop\itda-ocr\data\000909.jpg,"[""C:\\Users\\jsw58\\Desktop\\itda-ocr\\data\\000909.jpg""]",existing_300,existing_300:192,1,"[{""source_record_id"": ""existing_300:192"", ""source"": ""existing_300"", ""source_path"": ""C:\\Users\\jsw58\\Desktop\\itda-ocr\\labels\\labels_300.csv"", ""source_row"": 192, ""image_id"": ""909"", ""raw"": {""file_name"": ""000909.jpg"", ""image_id"": ""909"", ""year"": ""2021"", ""month"": ""09"", ""day"": ""20"", ""final_date"": ""2021-09-20"", ""notes"": ""거꾸로"", ""Unnamed: 7"": """"}, ""canonical"": {""year"": ""2021"", ""month"": ""09"", ""day"": ""20"", ""final_date"": ""2021-09-20""}, ""review_reason"": [], ""details"": [], ""format_changes"": []}]",2021,09,20,2021-09-20,000909.jpg,거꾸로,,2021,09,20,2021-09-20,[],[],[],[],[],[],[],[],[],[],[],[],2021,09,20,2021-09-20,,,,,,ready_for_review,false,,,,false
910,C:\Users\jsw58\Desktop\itda-ocr\data\000910.jpg,"[""C:\\Users\\jsw58\\Desktop\\itda-ocr\\data\\000910.jpg""]",incoming_432,incoming_432:124,1,[],[],[],[],[],[],[],[],[],[],[],[],"[{""source_record_id"": ""incoming_432:124"", ""source"": ""incoming_432"", ""source_path"": ""C:\\Users\\jsw58\\Downloads\\labelling data.csv"", ""source_row"": 124, ""image_id"": ""910"", ""raw"": {""image_id"": ""910"", ""year"": ""2021"", ""month"": ""9"", ""day"": ""20"", ""final_date"": ""2021-09-20""}, ""canonical"": {""year"": ""2021"", ""month"": ""09"", ""day"": ""20"", ""final_date"": ""2021-09-20""}, ""review_reason"": [], ""details"": [], ""format_changes"": [""month""]}]",2021,9,20,2021-09-20,,,,2021,09,20,2021-09-20,2021,09,20,2021-09-20,,,,,,ready_for_review,false,,,,false
912,C:\Users\jsw58\Desktop\itda-ocr\data\000912.jpg,"[""C:\\Users\\jsw58\\Desktop\\itda-ocr\\data\\000912.jpg""]",existing_300,existing_300:43,1,"[{""source_record_id"": ""existing_300:43"", ""source"": ""existing_300"", ""source_path"": ""C:\\Users\\jsw58\\Desktop\\itda-ocr\\labels\\labels_300.csv"", ""source_row"": 43, ""image_id"": ""912"", ""raw"": {""file_name"": ""000912.jpg"", ""image_id"": ""912"", ""year"": ""2022"", ""month"": ""05"", ""day"": ""05"", ""final_date"": ""2022-05-05"", ""notes"": """", ""Unnamed: 7"": """"}, ""canonical"": {""year"": ""2022"", ""month"": ""05"", ""day"": ""05"", ""final_date"": ""2022-05-05""}, ""review_reason"": [], ""details"": [], ""format_changes"": []}]",2022,05,05,2022-05-05,000912.jpg,,,2022,05,05,2022-05-05,[],[],[],[],[],[],[],[],[],[],[],[],2022,05,05,2022-05-05,,,,,,ready_for_review,false,,,,false
913,C:\Users\jsw58\Desktop\itda-ocr\data\000913.jpg,"[""C:\\Users\\jsw58\\Desktop\\itda-ocr\\data\\000913.jpg""]",incoming_432,incoming_432:125,1,[],[],[],[],[],[],[],[],[],[],[],[],"[{""source_record_id"": ""incoming_432:125"", ""source"": ""incoming_432"", ""source_path"": ""C:\\Users\\jsw58\\Downloads\\labelling data.csv"", ""source_row"": 125, ""image_id"": ""913"", ""raw"": {""image_id"": ""913"", ""year"": ""2021"", ""month"": ""10"", ""day"": ""19"", ""final_date"": ""2021-10-19""}, ""canonical"": {""year"": ""2021"", ""month"": ""10"", ""day"": ""19"", ""final_date"": ""2021-10-19""}, ""review_reason"": [], ""details"": [], ""format_changes"": []}]",2021,10,19,2021-10-19,,,,2021,10,19,2021-10-19,2021,10,19,2021-10-19,,,,,,ready_for_review,false,,,,false
916,C:\Users\jsw58\Desktop\itda-ocr\data\000916.jpg,"[""C:\\Users\\jsw58\\Desktop\\itda-ocr\\data\\000916.jpg""]",incoming_432,incoming_432:126,1,[],[],[],[],[],[],[],[],[],[],[],[],"[{""source_record_id"": ""incoming_432:126"", ""source"": ""incoming_432"", ""source_path"": ""C:\\Users\\jsw58\\Downloads\\labelling data.csv"", ""source_row"": 126, ""image_id"": ""916"", ""raw"": {""image_id"": ""916"", ""year"": ""2022"", ""month"": ""6"", ""day"": ""6"", ""final_date"": ""2022-06-06""}, ""canonical"": {""year"": ""2022"", ""month"": ""06"", ""day"": ""06"", ""final_date"": ""2022-06-06""}, ""review_reason"": [], ""details"": [], ""format_changes"": [""month"", ""day""]}]",2022,6,6,2022-06-06,,,,2022,06,06,2022-06-06,2022,06,06,2022-06-06,,,,,,ready_for_review,false,,,,false
919,C:\Users\jsw58\Desktop\itda-ocr\data\000919.jpg,"[""C:\\Users\\jsw58\\Desktop\\itda-ocr\\data\\000919.jpg""]",incoming_432,incoming_432:127,1,[],[],[],[],[],[],[],[],[],[],[],[],"[{""source_record_id"": ""incoming_432:127"", ""source"": ""incoming_432"", ""source_path"": ""C:\\Users\\jsw58\\Downloads\\labelling data.csv"", ""source_row"": 127, ""image_id"": ""919"", ""raw"": {""image_id"": ""919"", ""year"": ""2022"", ""month"": ""3"", ""day"": ""11"", ""final_date"": ""2022-03-11""}, ""canonical"": {""year"": ""2022"", ""month"": ""03"", ""day"": ""11"", ""final_date"": ""2022-03-11""}, ""review_reason"": [], ""details"": [], ""format_changes"": [""month""]}]",2022,3,11,2022-03-11,,,,2022,03,11,2022-03-11,2022,03,11,2022-03-11,,,,,,ready_for_review,false,,,,false
920,C:\Users\jsw58\Desktop\itda-ocr\data\000920.jpg,"[""C:\\Users\\jsw58\\Desktop\\itda-ocr\\data\\000920.jpg""]",incoming_432,incoming_432:128,1,[],[],[],[],[],[],[],[],[],[],[],[],"[{""source_record_id"": ""incoming_432:128"", ""source"": ""incoming_432"", ""source_path"": ""C:\\Users\\jsw58\\Downloads\\labelling data.csv"", ""source_row"": 128, ""image_id"": ""920"", ""raw"": {""image_id"": ""920"", ""year"": ""2022"", ""month"": ""3"", ""day"": ""11"", ""final_date"": ""2022-03-11""}, ""canonical"": {""year"": ""2022"", ""month"": ""03"", ""day"": ""11"", ""final_date"": ""2022-03-11""}, ""review_reason"": [], ""details"": [], ""format_changes"": [""month""]}]",2022,3,11,2022-03-11,,,,2022,03,11,2022-03-11,2022,03,11,2022-03-11,,,,,,ready_for_review,false,,,,false
922,C:\Users\jsw58\Desktop\itda-ocr\data\000922.jpg,"[""C:\\Users\\jsw58\\Desktop\\itda-ocr\\data\\000922.jpg""]",existing_300,existing_300:44,1,"[{""source_record_id"": ""existing_300:44"", ""source"": ""existing_300"", ""source_path"": ""C:\\Users\\jsw58\\Desktop\\itda-ocr\\labels\\labels_300.csv"", ""source_row"": 44, ""image_id"": ""922"", ""raw"": {""file_name"": ""000922.jpg"", ""image_id"": ""922"", ""year"": ""2022"", ""month"": ""02"", ""day"": ""26"", ""final_date"": ""2022-02-26"", ""notes"": """", ""Unnamed: 7"": """"}, ""canonical"": {""year"": ""2022"", ""month"": ""02"", ""day"": ""26"", ""final_date"": ""2022-02-26""}, ""review_reason"": [], ""details"": [], ""format_changes"": []}]",2022,02,26,2022-02-26,000922.jpg,,,2022,02,26,2022-02-26,[],[],[],[],[],[],[],[],[],[],[],[],2022,02,26,2022-02-26,,,,,,ready_for_review,false,,,,false
933,C:\Users\jsw58\Desktop\itda-ocr\data\000933.jpg,"[""C:\\Users\\jsw58\\Desktop\\itda-ocr\\data\\000933.jpg""]",incoming_432,incoming_432:129,1,[],[],[],[],[],[],[],[],[],[],[],[],"[{""source_record_id"": ""incoming_432:129"", ""source"": ""incoming_432"", ""source_path"": ""C:\\Users\\jsw58\\Downloads\\labelling data.csv"", ""source_row"": 129, ""image_id"": ""933"", ""raw"": {""image_id"": ""933"", ""year"": ""2021"", ""month"": ""5"", ""day"": ""26"", ""final_date"": ""2021-05-26""}, ""canonical"": {""year"": ""2021"", ""month"": ""05"", ""day"": ""26"", ""final_date"": ""2021-05-26""}, ""review_reason"": [], ""details"": [], ""format_changes"": [""month""]}]",2021,5,26,2021-05-26,,,,2021,05,26,2021-05-26,2021,05,26,2021-05-26,,,,,,ready_for_review,false,,,,false
949,C:\Users\jsw58\Desktop\itda-ocr\data\000949.jpg,"[""C:\\Users\\jsw58\\Desktop\\itda-ocr\\data\\000949.jpg""]",incoming_432,incoming_432:130,1,[],[],[],[],[],[],[],[],[],[],[],[],"[{""source_record_id"": ""incoming_432:130"", ""source"": ""incoming_432"", ""source_path"": ""C:\\Users\\jsw58\\Downloads\\labelling data.csv"", ""source_row"": 130, ""image_id"": ""949"", ""raw"": {""image_id"": ""949"", ""year"": ""2021"", ""month"": ""10"", ""day"": ""24"", ""final_date"": ""2021-10-24""}, ""canonical"": {""year"": ""2021"", ""month"": ""10"", ""day"": ""24"", ""final_date"": ""2021-10-24""}, ""review_reason"": [], ""details"": [], ""format_changes"": []}]",2021,10,24,2021-10-24,,,,2021,10,24,2021-10-24,2021,10,24,2021-10-24,,,,,,ready_for_review,false,,,,false
953,C:\Users\jsw58\Desktop\itda-ocr\data\000953.jpg,"[""C:\\Users\\jsw58\\Desktop\\itda-ocr\\data\\000953.jpg""]",incoming_432,incoming_432:131,1,[],[],[],[],[],[],[],[],[],[],[],[],"[{""source_record_id"": ""incoming_432:131"", ""source"": ""incoming_432"", ""source_path"": ""C:\\Users\\jsw58\\Downloads\\labelling data.csv"", ""source_row"": 131, ""image_id"": ""953"", ""raw"": {""image_id"": ""953"", ""year"": ""2021"", ""month"": ""2"", ""day"": ""5"", ""final_date"": ""2021-02-05""}, ""canonical"": {""year"": ""2021"", ""month"": ""02"", ""day"": ""05"", ""final_date"": ""2021-02-05""}, ""review_reason"": [], ""details"": [], ""format_changes"": [""month"", ""day""]}]",2021,2,5,2021-02-05,,,,2021,02,05,2021-02-05,2021,02,05,2021-02-05,,,,,,ready_for_review,false,,,,false
954,C:\Users\jsw58\Desktop\itda-ocr\data\000954.jpg,"[""C:\\Users\\jsw58\\Desktop\\itda-ocr\\data\\000954.jpg""]",existing_300,existing_300:193,1,"[{""source_record_id"": ""existing_300:193"", ""source"": ""existing_300"", ""source_path"": ""C:\\Users\\jsw58\\Desktop\\itda-ocr\\labels\\labels_300.csv"", ""source_row"": 193, ""image_id"": ""954"", ""raw"": {""file_name"": ""000954.jpg"", ""image_id"": ""954"", ""year"": ""2021"", ""month"": ""02"", ""day"": ""05"", ""final_date"": ""2021-02-05"", ""notes"": ""숫자 두 개 있고, 뒤에 B, 그리고 날짜가 약간 내려가서 까지 옆에 소비기한이 아닌 제조기한이 있음"", ""Unnamed: 7"": """"}, ""canonical"": {""year"": ""2021"", ""month"": ""02"", ""day"": ""05"", ""final_date"": ""2021-02-05""}, ""review_reason"": [], ""details"": [], ""format_changes"": []}]",2021,02,05,2021-02-05,000954.jpg,"숫자 두 개 있고, 뒤에 B, 그리고 날짜가 약간 내려가서 까지 옆에 소비기한이 아닌 제조기한이 있음",,2021,02,05,2021-02-05,[],[],[],[],[],[],[],[],[],[],[],[],2021,02,05,2021-02-05,,,,,,ready_for_review,false,,,,false
955,C:\Users\jsw58\Desktop\itda-ocr\data\000955.jpg,"[""C:\\Users\\jsw58\\Desktop\\itda-ocr\\data\\000955.jpg""]",incoming_432,incoming_432:132,1,[],[],[],[],[],[],[],[],[],[],[],[],"[{""source_record_id"": ""incoming_432:132"", ""source"": ""incoming_432"", ""source_path"": ""C:\\Users\\jsw58\\Downloads\\labelling data.csv"", ""source_row"": 132, ""image_id"": ""955"", ""raw"": {""image_id"": ""955"", ""year"": ""2022"", ""month"": ""1"", ""day"": ""25"", ""final_date"": ""2022-01-25""}, ""canonical"": {""year"": ""2022"", ""month"": ""01"", ""day"": ""25"", ""final_date"": ""2022-01-25""}, ""review_reason"": [], ""details"": [], ""format_changes"": [""month""]}]",2022,1,25,2022-01-25,,,,2022,01,25,2022-01-25,2022,01,25,2022-01-25,,,,,,ready_for_review,false,,,,false
957,C:\Users\jsw58\Desktop\itda-ocr\data\000957.jpg,"[""C:\\Users\\jsw58\\Desktop\\itda-ocr\\data\\000957.jpg""]",existing_300,existing_300:45,1,"[{""source_record_id"": ""existing_300:45"", ""source"": ""existing_300"", ""source_path"": ""C:\\Users\\jsw58\\Desktop\\itda-ocr\\labels\\labels_300.csv"", ""source_row"": 45, ""image_id"": ""957"", ""raw"": {""file_name"": ""000957.jpg"", ""image_id"": ""957"", ""year"": ""2021"", ""month"": ""02"", ""day"": ""22"", ""final_date"": ""2021-02-22"", ""notes"": ""21.01.29제조 21.02.22까지"", ""Unnamed: 7"": """"}, ""canonical"": {""year"": ""2021"", ""month"": ""02"", ""day"": ""22"", ""final_date"": ""2021-02-22""}, ""review_reason"": [], ""details"": [], ""format_changes"": []}]",2021,02,22,2021-02-22,000957.jpg,21.01.29제조 21.02.22까지,,2021,02,22,2021-02-22,[],[],[],[],[],[],[],[],[],[],[],[],2021,02,22,2021-02-22,,,,,,ready_for_review,false,,,,false
965,C:\Users\jsw58\Desktop\itda-ocr\data\000965.jpg,"[""C:\\Users\\jsw58\\Desktop\\itda-ocr\\data\\000965.jpg""]",incoming_432,incoming_432:133,1,[],[],[],[],[],[],[],[],[],[],[],[],"[{""source_record_id"": ""incoming_432:133"", ""source"": ""incoming_432"", ""source_path"": ""C:\\Users\\jsw58\\Downloads\\labelling data.csv"", ""source_row"": 133, ""image_id"": ""965"", ""raw"": {""image_id"": ""965"", ""year"": ""2020"", ""month"": ""7"", ""day"": ""24"", ""final_date"": ""2020-07-24""}, ""canonical"": {""year"": ""2020"", ""month"": ""07"", ""day"": ""24"", ""final_date"": ""2020-07-24""}, ""review_reason"": [], ""details"": [], ""format_changes"": [""month""]}]",2020,7,24,2020-07-24,,,,2020,07,24,2020-07-24,2020,07,24,2020-07-24,,,,,,ready_for_review,false,,,,false
967,C:\Users\jsw58\Desktop\itda-ocr\data\000967.jpg,"[""C:\\Users\\jsw58\\Desktop\\itda-ocr\\data\\000967.jpg""]",existing_300,existing_300:46,1,"[{""source_record_id"": ""existing_300:46"", ""source"": ""existing_300"", ""source_path"": ""C:\\Users\\jsw58\\Desktop\\itda-ocr\\labels\\labels_300.csv"", ""source_row"": 46, ""image_id"": ""967"", ""raw"": {""file_name"": ""000967.jpg"", ""image_id"": ""967"", ""year"": ""2022"", ""month"": ""10"", ""day"": ""17"", ""final_date"": ""2022-10-17"", ""notes"": """", ""Unnamed: 7"": """"}, ""canonical"": {""year"": ""2022"", ""month"": ""10"", ""day"": ""17"", ""final_date"": ""2022-10-17""}, ""review_reason"": [], ""details"": [], ""format_changes"": []}]",2022,10,17,2022-10-17,000967.jpg,,,2022,10,17,2022-10-17,[],[],[],[],[],[],[],[],[],[],[],[],2022,10,17,2022-10-17,,,,,,ready_for_review,false,,,,false
977,C:\Users\jsw58\Desktop\itda-ocr\data\000977.jpg,"[""C:\\Users\\jsw58\\Desktop\\itda-ocr\\data\\000977.jpg""]",incoming_432,incoming_432:134,1,[],[],[],[],[],[],[],[],[],[],[],[],"[{""source_record_id"": ""incoming_432:134"", ""source"": ""incoming_432"", ""source_path"": ""C:\\Users\\jsw58\\Downloads\\labelling data.csv"", ""source_row"": 134, ""image_id"": ""977"", ""raw"": {""image_id"": ""977"", ""year"": ""2021"", ""month"": ""11"", ""day"": ""3"", ""final_date"": ""2021-11-03""}, ""canonical"": {""year"": ""2021"", ""month"": ""11"", ""day"": ""03"", ""final_date"": ""2021-11-03""}, ""review_reason"": [], ""details"": [], ""format_changes"": [""day""]}]",2021,11,3,2021-11-03,,,,2021,11,03,2021-11-03,2021,11,03,2021-11-03,,,,,,ready_for_review,false,,,,false
978,C:\Users\jsw58\Desktop\itda-ocr\data\000978.jpg,"[""C:\\Users\\jsw58\\Desktop\\itda-ocr\\data\\000978.jpg""]",existing_300,existing_300:194,1,"[{""source_record_id"": ""existing_300:194"", ""source"": ""existing_300"", ""source_path"": ""C:\\Users\\jsw58\\Desktop\\itda-ocr\\labels\\labels_300.csv"", ""source_row"": 194, ""image_id"": ""978"", ""raw"": {""file_name"": ""000978.jpg"", ""image_id"": ""978"", ""year"": ""2021"", ""month"": ""11"", ""day"": ""03"", ""final_date"": ""2021-11-03"", ""notes"": ""거꾸로, 숫자 두개, 숫자 흐려져서 잘 안보임"", ""Unnamed: 7"": """"}, ""canonical"": {""year"": ""2021"", ""month"": ""11"", ""day"": ""03"", ""final_date"": ""2021-11-03""}, ""review_reason"": [], ""details"": [], ""format_changes"": []}]",2021,11,03,2021-11-03,000978.jpg,"거꾸로, 숫자 두개, 숫자 흐려져서 잘 안보임",,2021,11,03,2021-11-03,[],[],[],[],[],[],[],[],[],[],[],[],2021,11,03,2021-11-03,,,,,,ready_for_review,false,,,,false
983,C:\Users\jsw58\Desktop\itda-ocr\data\000983.jpg,"[""C:\\Users\\jsw58\\Desktop\\itda-ocr\\data\\000983.jpg""]",incoming_432,incoming_432:135,1,[],[],[],[],[],[],[],[],[],[],[],[],"[{""source_record_id"": ""incoming_432:135"", ""source"": ""incoming_432"", ""source_path"": ""C:\\Users\\jsw58\\Downloads\\labelling data.csv"", ""source_row"": 135, ""image_id"": ""983"", ""raw"": {""image_id"": ""983"", ""year"": ""2021"", ""month"": ""8"", ""day"": ""20"", ""final_date"": ""2021-08-20""}, ""canonical"": {""year"": ""2021"", ""month"": ""08"", ""day"": ""20"", ""final_date"": ""2021-08-20""}, ""review_reason"": [], ""details"": [], ""format_changes"": [""month""]}]",2021,8,20,2021-08-20,,,,2021,08,20,2021-08-20,2021,08,20,2021-08-20,,,,,,ready_for_review,false,,,,false
994,C:\Users\jsw58\Desktop\itda-ocr\data\000994.jpg,"[""C:\\Users\\jsw58\\Desktop\\itda-ocr\\data\\000994.jpg""]",incoming_432,incoming_432:136,1,[],[],[],[],[],[],[],[],[],[],[],[],"[{""source_record_id"": ""incoming_432:136"", ""source"": ""incoming_432"", ""source_path"": ""C:\\Users\\jsw58\\Downloads\\labelling data.csv"", ""source_row"": 136, ""image_id"": ""994"", ""raw"": {""image_id"": ""994"", ""year"": ""NONE"", ""month"": ""2"", ""day"": ""18"", ""final_date"": ""NONE-02-18""}, ""canonical"": {""year"": ""NONE"", ""month"": ""02"", ""day"": ""18"", ""final_date"": ""NONE-02-18""}, ""review_reason"": [""partial_none""], ""details"": [], ""format_changes"": [""month""]}]",NONE,2,18,NONE-02-18,,,,NONE,02,18,NONE-02-18,NONE,02,18,NONE-02-18,,,,,partial_none,pending,false,,,,false
1000,C:\Users\jsw58\Desktop\itda-ocr\data\001000.jpg,"[""C:\\Users\\jsw58\\Desktop\\itda-ocr\\data\\001000.jpg""]",incoming_432,incoming_432:137,1,[],[],[],[],[],[],[],[],[],[],[],[],"[{""source_record_id"": ""incoming_432:137"", ""source"": ""incoming_432"", ""source_path"": ""C:\\Users\\jsw58\\Downloads\\labelling data.csv"", ""source_row"": 137, ""image_id"": ""1000"", ""raw"": {""image_id"": ""1000"", ""year"": ""2021"", ""month"": ""9"", ""day"": ""7"", ""final_date"": ""2021-09-07""}, ""canonical"": {""year"": ""2021"", ""month"": ""09"", ""day"": ""07"", ""final_date"": ""2021-09-07""}, ""review_reason"": [], ""details"": [], ""format_changes"": [""month"", ""day""]}]",2021,9,7,2021-09-07,,,,2021,09,07,2021-09-07,2021,09,07,2021-09-07,,,,,,ready_for_review,false,,,,false
1009,C:\Users\jsw58\Desktop\itda-ocr\data\001009.jpg,"[""C:\\Users\\jsw58\\Desktop\\itda-ocr\\data\\001009.jpg""]",incoming_432,incoming_432:138,1,[],[],[],[],[],[],[],[],[],[],[],[],"[{""source_record_id"": ""incoming_432:138"", ""source"": ""incoming_432"", ""source_path"": ""C:\\Users\\jsw58\\Downloads\\labelling data.csv"", ""source_row"": 138, ""image_id"": ""1009"", ""raw"": {""image_id"": ""1009"", ""year"": ""2022"", ""month"": ""11"", ""day"": ""24"", ""final_date"": ""2022-11-24""}, ""canonical"": {""year"": ""2022"", ""month"": ""11"", ""day"": ""24"", ""final_date"": ""2022-11-24""}, ""review_reason"": [], ""details"": [], ""format_changes"": []}]",2022,11,24,2022-11-24,,,,2022,11,24,2022-11-24,2022,11,24,2022-11-24,,,,,,ready_for_review,false,,,,false
1014,C:\Users\jsw58\Desktop\itda-ocr\data\001014.jpg,"[""C:\\Users\\jsw58\\Desktop\\itda-ocr\\data\\001014.jpg""]",existing_300,existing_300:47,1,"[{""source_record_id"": ""existing_300:47"", ""source"": ""existing_300"", ""source_path"": ""C:\\Users\\jsw58\\Desktop\\itda-ocr\\labels\\labels_300.csv"", ""source_row"": 47, ""image_id"": ""1014"", ""raw"": {""file_name"": ""001014.jpg"", ""image_id"": ""1014"", ""year"": ""2022"", ""month"": ""01"", ""day"": ""11"", ""final_date"": ""2022-01-11"", ""notes"": """", ""Unnamed: 7"": """"}, ""canonical"": {""year"": ""2022"", ""month"": ""01"", ""day"": ""11"", ""final_date"": ""2022-01-11""}, ""review_reason"": [], ""details"": [], ""format_changes"": []}]",2022,01,11,2022-01-11,001014.jpg,,,2022,01,11,2022-01-11,[],[],[],[],[],[],[],[],[],[],[],[],2022,01,11,2022-01-11,,,,,,ready_for_review,false,,,,false
1016,C:\Users\jsw58\Desktop\itda-ocr\data\001016.jpg,"[""C:\\Users\\jsw58\\Desktop\\itda-ocr\\data\\001016.jpg""]",incoming_432,incoming_432:139,1,[],[],[],[],[],[],[],[],[],[],[],[],"[{""source_record_id"": ""incoming_432:139"", ""source"": ""incoming_432"", ""source_path"": ""C:\\Users\\jsw58\\Downloads\\labelling data.csv"", ""source_row"": 139, ""image_id"": ""1016"", ""raw"": {""image_id"": ""1016"", ""year"": ""2021"", ""month"": ""2"", ""day"": ""21"", ""final_date"": ""2021-02-21""}, ""canonical"": {""year"": ""2021"", ""month"": ""02"", ""day"": ""21"", ""final_date"": ""2021-02-21""}, ""review_reason"": [], ""details"": [], ""format_changes"": [""month""]}]",2021,2,21,2021-02-21,,,,2021,02,21,2021-02-21,2021,02,21,2021-02-21,,,,,,ready_for_review,false,,,,false
1028,C:\Users\jsw58\Desktop\itda-ocr\data\001028.jpg,"[""C:\\Users\\jsw58\\Desktop\\itda-ocr\\data\\001028.jpg""]",incoming_432,incoming_432:140,1,[],[],[],[],[],[],[],[],[],[],[],[],"[{""source_record_id"": ""incoming_432:140"", ""source"": ""incoming_432"", ""source_path"": ""C:\\Users\\jsw58\\Downloads\\labelling data.csv"", ""source_row"": 140, ""image_id"": ""1028"", ""raw"": {""image_id"": ""1028"", ""year"": ""2021"", ""month"": ""7"", ""day"": ""7"", ""final_date"": ""2021-07-07""}, ""canonical"": {""year"": ""2021"", ""month"": ""07"", ""day"": ""07"", ""final_date"": ""2021-07-07""}, ""review_reason"": [], ""details"": [], ""format_changes"": [""month"", ""day""]}]",2021,7,7,2021-07-07,,,,2021,07,07,2021-07-07,2021,07,07,2021-07-07,,,,,,ready_for_review,false,,,,false
1030,C:\Users\jsw58\Desktop\itda-ocr\data\001030.jpg,"[""C:\\Users\\jsw58\\Desktop\\itda-ocr\\data\\001030.jpg""]",incoming_432,incoming_432:141,1,[],[],[],[],[],[],[],[],[],[],[],[],"[{""source_record_id"": ""incoming_432:141"", ""source"": ""incoming_432"", ""source_path"": ""C:\\Users\\jsw58\\Downloads\\labelling data.csv"", ""source_row"": 141, ""image_id"": ""1030"", ""raw"": {""image_id"": ""1030"", ""year"": ""2022"", ""month"": ""10"", ""day"": ""NONE"", ""final_date"": ""2022-10-NONE""}, ""canonical"": {""year"": ""2022"", ""month"": ""10"", ""day"": ""NONE"", ""final_date"": ""2022-10-NONE""}, ""review_reason"": [""partial_none""], ""details"": [], ""format_changes"": []}]",2022,10,NONE,2022-10-NONE,,,,2022,10,NONE,2022-10-NONE,2022,10,NONE,2022-10-NONE,,,,,partial_none,pending,false,,,,false
1034,C:\Users\jsw58\Desktop\itda-ocr\data\001034.jpg,"[""C:\\Users\\jsw58\\Desktop\\itda-ocr\\data\\001034.jpg""]",existing_300,existing_300:48,1,"[{""source_record_id"": ""existing_300:48"", ""source"": ""existing_300"", ""source_path"": ""C:\\Users\\jsw58\\Desktop\\itda-ocr\\labels\\labels_300.csv"", ""source_row"": 48, ""image_id"": ""1034"", ""raw"": {""file_name"": ""001034.jpg"", ""image_id"": ""1034"", ""year"": ""2021"", ""month"": ""06"", ""day"": ""28"", ""final_date"": ""2021-06-28"", ""notes"": """", ""Unnamed: 7"": """"}, ""canonical"": {""year"": ""2021"", ""month"": ""06"", ""day"": ""28"", ""final_date"": ""2021-06-28""}, ""review_reason"": [], ""details"": [], ""format_changes"": []}]",2021,06,28,2021-06-28,001034.jpg,,,2021,06,28,2021-06-28,[],[],[],[],[],[],[],[],[],[],[],[],2021,06,28,2021-06-28,,,,,,ready_for_review,false,,,,false
1035,C:\Users\jsw58\Desktop\itda-ocr\data\001035.jpg,"[""C:\\Users\\jsw58\\Desktop\\itda-ocr\\data\\001035.jpg""]",incoming_432,incoming_432:142,1,[],[],[],[],[],[],[],[],[],[],[],[],"[{""source_record_id"": ""incoming_432:142"", ""source"": ""incoming_432"", ""source_path"": ""C:\\Users\\jsw58\\Downloads\\labelling data.csv"", ""source_row"": 142, ""image_id"": ""1035"", ""raw"": {""image_id"": ""1035"", ""year"": ""2021"", ""month"": ""7"", ""day"": ""10"", ""final_date"": ""2021-07-10""}, ""canonical"": {""year"": ""2021"", ""month"": ""07"", ""day"": ""10"", ""final_date"": ""2021-07-10""}, ""review_reason"": [], ""details"": [], ""format_changes"": [""month""]}]",2021,7,10,2021-07-10,,,,2021,07,10,2021-07-10,2021,07,10,2021-07-10,,,,,,ready_for_review,false,,,,false
1042,C:\Users\jsw58\Desktop\itda-ocr\data\001042.jpg,"[""C:\\Users\\jsw58\\Desktop\\itda-ocr\\data\\001042.jpg""]",incoming_432,incoming_432:143,1,[],[],[],[],[],[],[],[],[],[],[],[],"[{""source_record_id"": ""incoming_432:143"", ""source"": ""incoming_432"", ""source_path"": ""C:\\Users\\jsw58\\Downloads\\labelling data.csv"", ""source_row"": 143, ""image_id"": ""1042"", ""raw"": {""image_id"": ""1042"", ""year"": ""2021"", ""month"": ""9"", ""day"": ""13"", ""final_date"": ""2021-09-13""}, ""canonical"": {""year"": ""2021"", ""month"": ""09"", ""day"": ""13"", ""final_date"": ""2021-09-13""}, ""review_reason"": [], ""details"": [], ""format_changes"": [""month""]}]",2021,9,13,2021-09-13,,,,2021,09,13,2021-09-13,2021,09,13,2021-09-13,,,,,,ready_for_review,false,,,,false
1055,C:\Users\jsw58\Desktop\itda-ocr\data\001055.jpg,"[""C:\\Users\\jsw58\\Desktop\\itda-ocr\\data\\001055.jpg""]",existing_300,existing_300:195,1,"[{""source_record_id"": ""existing_300:195"", ""source"": ""existing_300"", ""source_path"": ""C:\\Users\\jsw58\\Desktop\\itda-ocr\\labels\\labels_300.csv"", ""source_row"": 195, ""image_id"": ""1055"", ""raw"": {""file_name"": ""001055.jpg"", ""image_id"": ""1055"", ""year"": ""2022"", ""month"": ""08"", ""day"": ""10"", ""final_date"": ""2022-08-10"", ""notes"": """", ""Unnamed: 7"": """"}, ""canonical"": {""year"": ""2022"", ""month"": ""08"", ""day"": ""10"", ""final_date"": ""2022-08-10""}, ""review_reason"": [], ""details"": [], ""format_changes"": []}]",2022,08,10,2022-08-10,001055.jpg,,,2022,08,10,2022-08-10,[],[],[],[],[],[],[],[],[],[],[],[],2022,08,10,2022-08-10,,,,,,ready_for_review,false,,,,false
1056,C:\Users\jsw58\Desktop\itda-ocr\data\001056.jpg,"[""C:\\Users\\jsw58\\Desktop\\itda-ocr\\data\\001056.jpg""]",incoming_432,incoming_432:144,1,[],[],[],[],[],[],[],[],[],[],[],[],"[{""source_record_id"": ""incoming_432:144"", ""source"": ""incoming_432"", ""source_path"": ""C:\\Users\\jsw58\\Downloads\\labelling data.csv"", ""source_row"": 144, ""image_id"": ""1056"", ""raw"": {""image_id"": ""1056"", ""year"": ""2022"", ""month"": ""5"", ""day"": ""27"", ""final_date"": ""2022-05-27""}, ""canonical"": {""year"": ""2022"", ""month"": ""05"", ""day"": ""27"", ""final_date"": ""2022-05-27""}, ""review_reason"": [], ""details"": [], ""format_changes"": [""month""]}]",2022,5,27,2022-05-27,,,,2022,05,27,2022-05-27,2022,05,27,2022-05-27,,,,,,ready_for_review,false,,,,false
1061,C:\Users\jsw58\Desktop\itda-ocr\data\001061.jpg,"[""C:\\Users\\jsw58\\Desktop\\itda-ocr\\data\\001061.jpg""]",existing_300,existing_300:196,1,"[{""source_record_id"": ""existing_300:196"", ""source"": ""existing_300"", ""source_path"": ""C:\\Users\\jsw58\\Desktop\\itda-ocr\\labels\\labels_300.csv"", ""source_row"": 196, ""image_id"": ""1061"", ""raw"": {""file_name"": ""001061.jpg"", ""image_id"": ""1061"", ""year"": ""2022"", ""month"": ""07"", ""day"": ""04"", ""final_date"": ""2022-07-04"", ""notes"": ""소비기한이 아니라 유통기한으로 적혀있음"", ""Unnamed: 7"": """"}, ""canonical"": {""year"": ""2022"", ""month"": ""07"", ""day"": ""04"", ""final_date"": ""2022-07-04""}, ""review_reason"": [], ""details"": [], ""format_changes"": []}]",2022,07,04,2022-07-04,001061.jpg,소비기한이 아니라 유통기한으로 적혀있음,,2022,07,04,2022-07-04,[],[],[],[],[],[],[],[],[],[],[],[],2022,07,04,2022-07-04,,,,,,ready_for_review,false,,,,false
1067,C:\Users\jsw58\Desktop\itda-ocr\data\001067.jpg,"[""C:\\Users\\jsw58\\Desktop\\itda-ocr\\data\\001067.jpg""]",incoming_432,incoming_432:145,1,[],[],[],[],[],[],[],[],[],[],[],[],"[{""source_record_id"": ""incoming_432:145"", ""source"": ""incoming_432"", ""source_path"": ""C:\\Users\\jsw58\\Downloads\\labelling data.csv"", ""source_row"": 145, ""image_id"": ""1067"", ""raw"": {""image_id"": ""1067"", ""year"": ""2021"", ""month"": ""12"", ""day"": ""6"", ""final_date"": ""2021-12-06""}, ""canonical"": {""year"": ""2021"", ""month"": ""12"", ""day"": ""06"", ""final_date"": ""2021-12-06""}, ""review_reason"": [], ""details"": [], ""format_changes"": [""day""]}]",2021,12,6,2021-12-06,,,,2021,12,06,2021-12-06,2021,12,06,2021-12-06,,,,,,ready_for_review,false,,,,false
1070,C:\Users\jsw58\Desktop\itda-ocr\data\001070.jpg,"[""C:\\Users\\jsw58\\Desktop\\itda-ocr\\data\\001070.jpg""]",incoming_432,incoming_432:146,1,[],[],[],[],[],[],[],[],[],[],[],[],"[{""source_record_id"": ""incoming_432:146"", ""source"": ""incoming_432"", ""source_path"": ""C:\\Users\\jsw58\\Downloads\\labelling data.csv"", ""source_row"": 146, ""image_id"": ""1070"", ""raw"": {""image_id"": ""1070"", ""year"": ""2024"", ""month"": ""1"", ""day"": ""NONE"", ""final_date"": ""2024-01-NONE""}, ""canonical"": {""year"": ""2024"", ""month"": ""01"", ""day"": ""NONE"", ""final_date"": ""2024-01-NONE""}, ""review_reason"": [""partial_none""], ""details"": [], ""format_changes"": [""month""]}]",2024,1,NONE,2024-01-NONE,,,,2024,01,NONE,2024-01-NONE,2024,01,NONE,2024-01-NONE,,,,,partial_none,pending,false,,,,false
1071,C:\Users\jsw58\Desktop\itda-ocr\data\001071.jpg,"[""C:\\Users\\jsw58\\Desktop\\itda-ocr\\data\\001071.jpg""]",incoming_432,incoming_432:147,1,[],[],[],[],[],[],[],[],[],[],[],[],"[{""source_record_id"": ""incoming_432:147"", ""source"": ""incoming_432"", ""source_path"": ""C:\\Users\\jsw58\\Downloads\\labelling data.csv"", ""source_row"": 147, ""image_id"": ""1071"", ""raw"": {""image_id"": ""1071"", ""year"": ""2024"", ""month"": ""1"", ""day"": ""NONE"", ""final_date"": ""2024-01-NONE""}, ""canonical"": {""year"": ""2024"", ""month"": ""01"", ""day"": ""NONE"", ""final_date"": ""2024-01-NONE""}, ""review_reason"": [""partial_none""], ""details"": [], ""format_changes"": [""month""]}]",2024,1,NONE,2024-01-NONE,,,,2024,01,NONE,2024-01-NONE,2024,01,NONE,2024-01-NONE,,,,,partial_none,pending,false,,,,false
1075,C:\Users\jsw58\Desktop\itda-ocr\data\001075.jpg,"[""C:\\Users\\jsw58\\Desktop\\itda-ocr\\data\\001075.jpg""]",existing_300,existing_300:49,1,"[{""source_record_id"": ""existing_300:49"", ""source"": ""existing_300"", ""source_path"": ""C:\\Users\\jsw58\\Desktop\\itda-ocr\\labels\\labels_300.csv"", ""source_row"": 49, ""image_id"": ""1075"", ""raw"": {""file_name"": ""001075.jpg"", ""image_id"": ""1075"", ""year"": ""2021"", ""month"": ""09"", ""day"": ""30"", ""final_date"": ""2021-09-30"", ""notes"": ""DD/MM/YYYY"", ""Unnamed: 7"": """"}, ""canonical"": {""year"": ""2021"", ""month"": ""09"", ""day"": ""30"", ""final_date"": ""2021-09-30""}, ""review_reason"": [], ""details"": [], ""format_changes"": []}]",2021,09,30,2021-09-30,001075.jpg,DD/MM/YYYY,,2021,09,30,2021-09-30,[],[],[],[],[],[],[],[],[],[],[],[],2021,09,30,2021-09-30,,,,,,ready_for_review,false,,,,false
1084,C:\Users\jsw58\Desktop\itda-ocr\data\001084.jpg,"[""C:\\Users\\jsw58\\Desktop\\itda-ocr\\data\\001084.jpg""]",existing_300,existing_300:197,1,"[{""source_record_id"": ""existing_300:197"", ""source"": ""existing_300"", ""source_path"": ""C:\\Users\\jsw58\\Desktop\\itda-ocr\\labels\\labels_300.csv"", ""source_row"": 197, ""image_id"": ""1084"", ""raw"": {""file_name"": ""001084.jpg"", ""image_id"": ""1084"", ""year"": ""2021"", ""month"": ""07"", ""day"": ""09"", ""final_date"": ""2021-07-09"", ""notes"": ""까지"", ""Unnamed: 7"": """"}, ""canonical"": {""year"": ""2021"", ""month"": ""07"", ""day"": ""09"", ""final_date"": ""2021-07-09""}, ""review_reason"": [], ""details"": [], ""format_changes"": []}]",2021,07,09,2021-07-09,001084.jpg,까지,,2021,07,09,2021-07-09,[],[],[],[],[],[],[],[],[],[],[],[],2021,07,09,2021-07-09,,,,,,ready_for_review,false,,,,false
1087,C:\Users\jsw58\Desktop\itda-ocr\data\001087.jpg,"[""C:\\Users\\jsw58\\Desktop\\itda-ocr\\data\\001087.jpg""]",incoming_432,incoming_432:148,1,[],[],[],[],[],[],[],[],[],[],[],[],"[{""source_record_id"": ""incoming_432:148"", ""source"": ""incoming_432"", ""source_path"": ""C:\\Users\\jsw58\\Downloads\\labelling data.csv"", ""source_row"": 148, ""image_id"": ""1087"", ""raw"": {""image_id"": ""1087"", ""year"": ""2022"", ""month"": ""6"", ""day"": ""14"", ""final_date"": ""2022-06-14""}, ""canonical"": {""year"": ""2022"", ""month"": ""06"", ""day"": ""14"", ""final_date"": ""2022-06-14""}, ""review_reason"": [], ""details"": [], ""format_changes"": [""month""]}]",2022,6,14,2022-06-14,,,,2022,06,14,2022-06-14,2022,06,14,2022-06-14,,,,,,ready_for_review,false,,,,false
1095,C:\Users\jsw58\Desktop\itda-ocr\data\001095.jpg,"[""C:\\Users\\jsw58\\Desktop\\itda-ocr\\data\\001095.jpg""]",incoming_432,incoming_432:149,1,[],[],[],[],[],[],[],[],[],[],[],[],"[{""source_record_id"": ""incoming_432:149"", ""source"": ""incoming_432"", ""source_path"": ""C:\\Users\\jsw58\\Downloads\\labelling data.csv"", ""source_row"": 149, ""image_id"": ""1095"", ""raw"": {""image_id"": ""1095"", ""year"": ""2022"", ""month"": ""1"", ""day"": ""12"", ""final_date"": ""2022-01-12""}, ""canonical"": {""year"": ""2022"", ""month"": ""01"", ""day"": ""12"", ""final_date"": ""2022-01-12""}, ""review_reason"": [], ""details"": [], ""format_changes"": [""month""]}]",2022,1,12,2022-01-12,,,,2022,01,12,2022-01-12,2022,01,12,2022-01-12,,,,,,ready_for_review,false,,,,false
1097,C:\Users\jsw58\Desktop\itda-ocr\data\001097.jpg,"[""C:\\Users\\jsw58\\Desktop\\itda-ocr\\data\\001097.jpg""]",existing_300,existing_300:198,1,"[{""source_record_id"": ""existing_300:198"", ""source"": ""existing_300"", ""source_path"": ""C:\\Users\\jsw58\\Desktop\\itda-ocr\\labels\\labels_300.csv"", ""source_row"": 198, ""image_id"": ""1097"", ""raw"": {""file_name"": ""001097.jpg"", ""image_id"": ""1097"", ""year"": ""2021"", ""month"": ""06"", ""day"": ""11"", ""final_date"": ""2021-06-11"", ""notes"": ""숫자 두개 있고, 유통기한이며, 프린팅 문제인지 소비기한 바로 옆에 '부터'가 써져있음 (날짜는 제조기한 아래에)"", ""Unnamed: 7"": """"}, ""canonical"": {""year"": ""2021"", ""month"": ""06"", ""day"": ""11"", ""final_date"": ""2021-06-11""}, ""review_reason"": [], ""details"": [], ""format_changes"": []}]",2021,06,11,2021-06-11,001097.jpg,"숫자 두개 있고, 유통기한이며, 프린팅 문제인지 소비기한 바로 옆에 '부터'가 써져있음 (날짜는 제조기한 아래에)",,2021,06,11,2021-06-11,[],[],[],[],[],[],[],[],[],[],[],[],2021,06,11,2021-06-11,,,,,,ready_for_review,false,,,,false
1103,C:\Users\jsw58\Desktop\itda-ocr\data\001103.jpg,"[""C:\\Users\\jsw58\\Desktop\\itda-ocr\\data\\001103.jpg""]",incoming_432,incoming_432:150,1,[],[],[],[],[],[],[],[],[],[],[],[],"[{""source_record_id"": ""incoming_432:150"", ""source"": ""incoming_432"", ""source_path"": ""C:\\Users\\jsw58\\Downloads\\labelling data.csv"", ""source_row"": 150, ""image_id"": ""1103"", ""raw"": {""image_id"": ""1103"", ""year"": ""2021"", ""month"": ""3"", ""day"": ""14"", ""final_date"": ""2021-03-14""}, ""canonical"": {""year"": ""2021"", ""month"": ""03"", ""day"": ""14"", ""final_date"": ""2021-03-14""}, ""review_reason"": [], ""details"": [], ""format_changes"": [""month""]}]",2021,3,14,2021-03-14,,,,2021,03,14,2021-03-14,2021,03,14,2021-03-14,,,,,,ready_for_review,false,,,,false
1104,C:\Users\jsw58\Desktop\itda-ocr\data\001104.jpg,"[""C:\\Users\\jsw58\\Desktop\\itda-ocr\\data\\001104.jpg""]",existing_300,existing_300:199,1,"[{""source_record_id"": ""existing_300:199"", ""source"": ""existing_300"", ""source_path"": ""C:\\Users\\jsw58\\Desktop\\itda-ocr\\labels\\labels_300.csv"", ""source_row"": 199, ""image_id"": ""1104"", ""raw"": {""file_name"": ""001104.jpg"", ""image_id"": ""1104"", ""year"": ""2021"", ""month"": ""08"", ""day"": ""26"", ""final_date"": ""2021-08-26"", ""notes"": ""날짜 두개"", ""Unnamed: 7"": """"}, ""canonical"": {""year"": ""2021"", ""month"": ""08"", ""day"": ""26"", ""final_date"": ""2021-08-26""}, ""review_reason"": [], ""details"": [], ""format_changes"": []}]",2021,08,26,2021-08-26,001104.jpg,날짜 두개,,2021,08,26,2021-08-26,[],[],[],[],[],[],[],[],[],[],[],[],2021,08,26,2021-08-26,,,,,,ready_for_review,false,,,,false
1108,C:\Users\jsw58\Desktop\itda-ocr\data\001108.jpg,"[""C:\\Users\\jsw58\\Desktop\\itda-ocr\\data\\001108.jpg""]",existing_300,existing_300:50,1,"[{""source_record_id"": ""existing_300:50"", ""source"": ""existing_300"", ""source_path"": ""C:\\Users\\jsw58\\Desktop\\itda-ocr\\labels\\labels_300.csv"", ""source_row"": 50, ""image_id"": ""1108"", ""raw"": {""file_name"": ""001108.jpg"", ""image_id"": ""1108"", ""year"": ""2021"", ""month"": ""02"", ""day"": ""28"", ""final_date"": ""2021-02-28"", ""notes"": """", ""Unnamed: 7"": """"}, ""canonical"": {""year"": ""2021"", ""month"": ""02"", ""day"": ""28"", ""final_date"": ""2021-02-28""}, ""review_reason"": [], ""details"": [], ""format_changes"": []}]",2021,02,28,2021-02-28,001108.jpg,,,2021,02,28,2021-02-28,[],[],[],[],[],[],[],[],[],[],[],[],2021,02,28,2021-02-28,,,,,,ready_for_review,false,,,,false
1113,C:\Users\jsw58\Desktop\itda-ocr\data\001113.jpg,"[""C:\\Users\\jsw58\\Desktop\\itda-ocr\\data\\001113.jpg""]",existing_300,existing_300:51,1,"[{""source_record_id"": ""existing_300:51"", ""source"": ""existing_300"", ""source_path"": ""C:\\Users\\jsw58\\Desktop\\itda-ocr\\labels\\labels_300.csv"", ""source_row"": 51, ""image_id"": ""1113"", ""raw"": {""file_name"": ""001113.jpg"", ""image_id"": ""1113"", ""year"": ""2023"", ""month"": ""11"", ""day"": ""15"", ""final_date"": ""2023-11-15"", ""notes"": """", ""Unnamed: 7"": """"}, ""canonical"": {""year"": ""2023"", ""month"": ""11"", ""day"": ""15"", ""final_date"": ""2023-11-15""}, ""review_reason"": [], ""details"": [], ""format_changes"": []}]",2023,11,15,2023-11-15,001113.jpg,,,2023,11,15,2023-11-15,[],[],[],[],[],[],[],[],[],[],[],[],2023,11,15,2023-11-15,,,,,,ready_for_review,false,,,,false
1116,C:\Users\jsw58\Desktop\itda-ocr\data\001116.jpg,"[""C:\\Users\\jsw58\\Desktop\\itda-ocr\\data\\001116.jpg""]",incoming_432,incoming_432:151,1,[],[],[],[],[],[],[],[],[],[],[],[],"[{""source_record_id"": ""incoming_432:151"", ""source"": ""incoming_432"", ""source_path"": ""C:\\Users\\jsw58\\Downloads\\labelling data.csv"", ""source_row"": 151, ""image_id"": ""1116"", ""raw"": {""image_id"": ""1116"", ""year"": ""2022"", ""month"": ""1"", ""day"": ""12"", ""final_date"": ""2022-01-12""}, ""canonical"": {""year"": ""2022"", ""month"": ""01"", ""day"": ""12"", ""final_date"": ""2022-01-12""}, ""review_reason"": [], ""details"": [], ""format_changes"": [""month""]}]",2022,1,12,2022-01-12,,,,2022,01,12,2022-01-12,2022,01,12,2022-01-12,,,,,,ready_for_review,false,,,,false
1123,C:\Users\jsw58\Desktop\itda-ocr\data\001123.jpg,"[""C:\\Users\\jsw58\\Desktop\\itda-ocr\\data\\001123.jpg""]",incoming_432,incoming_432:152,1,[],[],[],[],[],[],[],[],[],[],[],[],"[{""source_record_id"": ""incoming_432:152"", ""source"": ""incoming_432"", ""source_path"": ""C:\\Users\\jsw58\\Downloads\\labelling data.csv"", ""source_row"": 152, ""image_id"": ""1123"", ""raw"": {""image_id"": ""1123"", ""year"": ""2021"", ""month"": ""10"", ""day"": ""9"", ""final_date"": ""2021-10-09""}, ""canonical"": {""year"": ""2021"", ""month"": ""10"", ""day"": ""09"", ""final_date"": ""2021-10-09""}, ""review_reason"": [], ""details"": [], ""format_changes"": [""day""]}]",2021,10,9,2021-10-09,,,,2021,10,09,2021-10-09,2021,10,09,2021-10-09,,,,,,ready_for_review,false,,,,false
1131,C:\Users\jsw58\Desktop\itda-ocr\data\001131.jpg,"[""C:\\Users\\jsw58\\Desktop\\itda-ocr\\data\\001131.jpg""]",incoming_432,incoming_432:153,1,[],[],[],[],[],[],[],[],[],[],[],[],"[{""source_record_id"": ""incoming_432:153"", ""source"": ""incoming_432"", ""source_path"": ""C:\\Users\\jsw58\\Downloads\\labelling data.csv"", ""source_row"": 153, ""image_id"": ""1131"", ""raw"": {""image_id"": ""1131"", ""year"": ""NONE"", ""month"": ""2"", ""day"": ""12"", ""final_date"": ""NONE-02-12""}, ""canonical"": {""year"": ""NONE"", ""month"": ""02"", ""day"": ""12"", ""final_date"": ""NONE-02-12""}, ""review_reason"": [""ambiguous_date_order"", ""partial_none""], ""details"": [""Unknown year; swapping month/day gives another valid date (candidate only)""], ""format_changes"": [""month""]}]",NONE,2,12,NONE-02-12,,,,NONE,02,12,NONE-02-12,NONE,02,12,NONE-02-12,,,,,ambiguous_date_order;partial_none,pending,false,,,,false
1141,C:\Users\jsw58\Desktop\itda-ocr\data\001141.jpg,"[""C:\\Users\\jsw58\\Desktop\\itda-ocr\\data\\001141.jpg""]",existing_300,existing_300:200,1,"[{""source_record_id"": ""existing_300:200"", ""source"": ""existing_300"", ""source_path"": ""C:\\Users\\jsw58\\Desktop\\itda-ocr\\labels\\labels_300.csv"", ""source_row"": 200, ""image_id"": ""1141"", ""raw"": {""file_name"": ""001141.jpg"", ""image_id"": ""1141"", ""year"": ""2022"", ""month"": ""03"", ""day"": ""14"", ""final_date"": ""2022-03-14"", ""notes"": ""날짜 두 개고 거꾸로 써져있으며 PRO.DATE, EXP.DATE로 적혀 있음 배경 빨간색"", ""Unnamed: 7"": """"}, ""canonical"": {""year"": ""2022"", ""month"": ""03"", ""day"": ""14"", ""final_date"": ""2022-03-14""}, ""review_reason"": [], ""details"": [], ""format_changes"": []}]",2022,03,14,2022-03-14,001141.jpg,"날짜 두 개고 거꾸로 써져있으며 PRO.DATE, EXP.DATE로 적혀 있음 배경 빨간색",,2022,03,14,2022-03-14,[],[],[],[],[],[],[],[],[],[],[],[],2022,03,14,2022-03-14,,,,,,ready_for_review,false,,,,false
1142,C:\Users\jsw58\Desktop\itda-ocr\data\001142.jpg,"[""C:\\Users\\jsw58\\Desktop\\itda-ocr\\data\\001142.jpg""]",incoming_432,incoming_432:154,1,[],[],[],[],[],[],[],[],[],[],[],[],"[{""source_record_id"": ""incoming_432:154"", ""source"": ""incoming_432"", ""source_path"": ""C:\\Users\\jsw58\\Downloads\\labelling data.csv"", ""source_row"": 154, ""image_id"": ""1142"", ""raw"": {""image_id"": ""1142"", ""year"": ""2021"", ""month"": ""1"", ""day"": ""21"", ""final_date"": ""2021-01-21""}, ""canonical"": {""year"": ""2021"", ""month"": ""01"", ""day"": ""21"", ""final_date"": ""2021-01-21""}, ""review_reason"": [], ""details"": [], ""format_changes"": [""month""]}]",2021,1,21,2021-01-21,,,,2021,01,21,2021-01-21,2021,01,21,2021-01-21,,,,,,ready_for_review,false,,,,false
1155,C:\Users\jsw58\Desktop\itda-ocr\data\001155.jpg,"[""C:\\Users\\jsw58\\Desktop\\itda-ocr\\data\\001155.jpg""]",incoming_432,incoming_432:155,1,[],[],[],[],[],[],[],[],[],[],[],[],"[{""source_record_id"": ""incoming_432:155"", ""source"": ""incoming_432"", ""source_path"": ""C:\\Users\\jsw58\\Downloads\\labelling data.csv"", ""source_row"": 155, ""image_id"": ""1155"", ""raw"": {""image_id"": ""1155"", ""year"": ""2021"", ""month"": ""9"", ""day"": ""21"", ""final_date"": ""2021-09-21""}, ""canonical"": {""year"": ""2021"", ""month"": ""09"", ""day"": ""21"", ""final_date"": ""2021-09-21""}, ""review_reason"": [], ""details"": [], ""format_changes"": [""month""]}]",2021,9,21,2021-09-21,,,,2021,09,21,2021-09-21,2021,09,21,2021-09-21,,,,,,ready_for_review,false,,,,false
1157,C:\Users\jsw58\Desktop\itda-ocr\data\001157.jpg,"[""C:\\Users\\jsw58\\Desktop\\itda-ocr\\data\\001157.jpg""]",existing_300,existing_300:52,1,"[{""source_record_id"": ""existing_300:52"", ""source"": ""existing_300"", ""source_path"": ""C:\\Users\\jsw58\\Desktop\\itda-ocr\\labels\\labels_300.csv"", ""source_row"": 52, ""image_id"": ""1157"", ""raw"": {""file_name"": ""001157.jpg"", ""image_id"": ""1157"", ""year"": ""2021"", ""month"": ""02"", ""day"": ""07"", ""final_date"": ""2021-02-07"", ""notes"": """", ""Unnamed: 7"": """"}, ""canonical"": {""year"": ""2021"", ""month"": ""02"", ""day"": ""07"", ""final_date"": ""2021-02-07""}, ""review_reason"": [], ""details"": [], ""format_changes"": []}]",2021,02,07,2021-02-07,001157.jpg,,,2021,02,07,2021-02-07,[],[],[],[],[],[],[],[],[],[],[],[],2021,02,07,2021-02-07,,,,,,ready_for_review,false,,,,false
1172,C:\Users\jsw58\Desktop\itda-ocr\data\001172.jpg,"[""C:\\Users\\jsw58\\Desktop\\itda-ocr\\data\\001172.jpg""]",incoming_432,incoming_432:156,1,[],[],[],[],[],[],[],[],[],[],[],[],"[{""source_record_id"": ""incoming_432:156"", ""source"": ""incoming_432"", ""source_path"": ""C:\\Users\\jsw58\\Downloads\\labelling data.csv"", ""source_row"": 156, ""image_id"": ""1172"", ""raw"": {""image_id"": ""1172"", ""year"": ""2021"", ""month"": ""9"", ""day"": ""NONE"", ""final_date"": ""2021-09-NONE""}, ""canonical"": {""year"": ""2021"", ""month"": ""09"", ""day"": ""NONE"", ""final_date"": ""2021-09-NONE""}, ""review_reason"": [""partial_none""], ""details"": [], ""format_changes"": [""month""]}]",2021,9,NONE,2021-09-NONE,,,,2021,09,NONE,2021-09-NONE,2021,09,NONE,2021-09-NONE,,,,,partial_none,pending,false,,,,false
1173,C:\Users\jsw58\Desktop\itda-ocr\data\001173.jpg,"[""C:\\Users\\jsw58\\Desktop\\itda-ocr\\data\\001173.jpg""]",existing_300,existing_300:53,1,"[{""source_record_id"": ""existing_300:53"", ""source"": ""existing_300"", ""source_path"": ""C:\\Users\\jsw58\\Desktop\\itda-ocr\\labels\\labels_300.csv"", ""source_row"": 53, ""image_id"": ""1173"", ""raw"": {""file_name"": ""001173.jpg"", ""image_id"": ""1173"", ""year"": ""2021"", ""month"": ""09"", ""day"": ""NONE"", ""final_date"": ""2021-09-none"", ""notes"": """", ""Unnamed: 7"": """"}, ""canonical"": {""year"": ""2021"", ""month"": ""09"", ""day"": ""NONE"", ""final_date"": ""2021-09-NONE""}, ""review_reason"": [""partial_none""], ""details"": [], ""format_changes"": [""final_date""]}]",2021,09,NONE,2021-09-none,001173.jpg,,,2021,09,NONE,2021-09-NONE,[],[],[],[],[],[],[],[],[],[],[],[],2021,09,NONE,2021-09-NONE,,,,,partial_none,pending,false,,,,false
1175,C:\Users\jsw58\Desktop\itda-ocr\data\001175.jpg,"[""C:\\Users\\jsw58\\Desktop\\itda-ocr\\data\\001175.jpg""]",existing_300,existing_300:54,1,"[{""source_record_id"": ""existing_300:54"", ""source"": ""existing_300"", ""source_path"": ""C:\\Users\\jsw58\\Desktop\\itda-ocr\\labels\\labels_300.csv"", ""source_row"": 54, ""image_id"": ""1175"", ""raw"": {""file_name"": ""001175.jpg"", ""image_id"": ""1175"", ""year"": ""2021"", ""month"": ""09"", ""day"": ""07"", ""final_date"": ""2021-09-07"", ""notes"": ""DD/MM/YYYY"", ""Unnamed: 7"": """"}, ""canonical"": {""year"": ""2021"", ""month"": ""09"", ""day"": ""07"", ""final_date"": ""2021-09-07""}, ""review_reason"": [], ""details"": [], ""format_changes"": []}]",2021,09,07,2021-09-07,001175.jpg,DD/MM/YYYY,,2021,09,07,2021-09-07,[],[],[],[],[],[],[],[],[],[],[],[],2021,09,07,2021-09-07,,,,,,ready_for_review,false,,,,false
1180,C:\Users\jsw58\Desktop\itda-ocr\data\001180.jpg,"[""C:\\Users\\jsw58\\Desktop\\itda-ocr\\data\\001180.jpg""]",incoming_432,incoming_432:157,1,[],[],[],[],[],[],[],[],[],[],[],[],"[{""source_record_id"": ""incoming_432:157"", ""source"": ""incoming_432"", ""source_path"": ""C:\\Users\\jsw58\\Downloads\\labelling data.csv"", ""source_row"": 157, ""image_id"": ""1180"", ""raw"": {""image_id"": ""1180"", ""year"": ""2023"", ""month"": ""9"", ""day"": ""1"", ""final_date"": ""2023-09-01""}, ""canonical"": {""year"": ""2023"", ""month"": ""09"", ""day"": ""01"", ""final_date"": ""2023-09-01""}, ""review_reason"": [], ""details"": [], ""format_changes"": [""month"", ""day""]}]",2023,9,1,2023-09-01,,,,2023,09,01,2023-09-01,2023,09,01,2023-09-01,,,,,,ready_for_review,false,,,,false
1183,C:\Users\jsw58\Desktop\itda-ocr\data\001183.jpg,"[""C:\\Users\\jsw58\\Desktop\\itda-ocr\\data\\001183.jpg""]",incoming_432,incoming_432:158,1,[],[],[],[],[],[],[],[],[],[],[],[],"[{""source_record_id"": ""incoming_432:158"", ""source"": ""incoming_432"", ""source_path"": ""C:\\Users\\jsw58\\Downloads\\labelling data.csv"", ""source_row"": 158, ""image_id"": ""1183"", ""raw"": {""image_id"": ""1183"", ""year"": ""2021"", ""month"": ""10"", ""day"": ""8"", ""final_date"": ""2021-10-08""}, ""canonical"": {""year"": ""2021"", ""month"": ""10"", ""day"": ""08"", ""final_date"": ""2021-10-08""}, ""review_reason"": [], ""details"": [], ""format_changes"": [""day""]}]",2021,10,8,2021-10-08,,,,2021,10,08,2021-10-08,2021,10,08,2021-10-08,,,,,,ready_for_review,false,,,,false
1184,C:\Users\jsw58\Desktop\itda-ocr\data\001184.jpg,"[""C:\\Users\\jsw58\\Desktop\\itda-ocr\\data\\001184.jpg""]",existing_300,existing_300:201,1,"[{""source_record_id"": ""existing_300:201"", ""source"": ""existing_300"", ""source_path"": ""C:\\Users\\jsw58\\Desktop\\itda-ocr\\labels\\labels_300.csv"", ""source_row"": 201, ""image_id"": ""1184"", ""raw"": {""file_name"": ""001184.jpg"", ""image_id"": ""1184"", ""year"": ""2021"", ""month"": ""10"", ""day"": ""08"", ""final_date"": ""2021-10-08"", ""notes"": """", ""Unnamed: 7"": """"}, ""canonical"": {""year"": ""2021"", ""month"": ""10"", ""day"": ""08"", ""final_date"": ""2021-10-08""}, ""review_reason"": [], ""details"": [], ""format_changes"": []}]",2021,10,08,2021-10-08,001184.jpg,,,2021,10,08,2021-10-08,[],[],[],[],[],[],[],[],[],[],[],[],2021,10,08,2021-10-08,,,,,,ready_for_review,false,,,,false
1185,C:\Users\jsw58\Desktop\itda-ocr\data\001185.jpg,"[""C:\\Users\\jsw58\\Desktop\\itda-ocr\\data\\001185.jpg""]",existing_300,existing_300:202,1,"[{""source_record_id"": ""existing_300:202"", ""source"": ""existing_300"", ""source_path"": ""C:\\Users\\jsw58\\Desktop\\itda-ocr\\labels\\labels_300.csv"", ""source_row"": 202, ""image_id"": ""1185"", ""raw"": {""file_name"": ""001185.jpg"", ""image_id"": ""1185"", ""year"": ""2021"", ""month"": ""09"", ""day"": ""28"", ""final_date"": ""2021-09-28"", ""notes"": ""날짜 2개"", ""Unnamed: 7"": """"}, ""canonical"": {""year"": ""2021"", ""month"": ""09"", ""day"": ""28"", ""final_date"": ""2021-09-28""}, ""review_reason"": [], ""details"": [], ""format_changes"": []}]",2021,09,28,2021-09-28,001185.jpg,날짜 2개,,2021,09,28,2021-09-28,[],[],[],[],[],[],[],[],[],[],[],[],2021,09,28,2021-09-28,,,,,,ready_for_review,false,,,,false
1188,C:\Users\jsw58\Desktop\itda-ocr\data\001188.jpg,"[""C:\\Users\\jsw58\\Desktop\\itda-ocr\\data\\001188.jpg""]",existing_300,existing_300:203,1,"[{""source_record_id"": ""existing_300:203"", ""source"": ""existing_300"", ""source_path"": ""C:\\Users\\jsw58\\Desktop\\itda-ocr\\labels\\labels_300.csv"", ""source_row"": 203, ""image_id"": ""1188"", ""raw"": {""file_name"": ""001188.jpg"", ""image_id"": ""1188"", ""year"": ""2020"", ""month"": ""04"", ""day"": ""23"", ""final_date"": ""2020-04-23"", ""notes"": ""유통기한으로 표기, 이력번호 바로 밑에 존재"", ""Unnamed: 7"": """"}, ""canonical"": {""year"": ""2020"", ""month"": ""04"", ""day"": ""23"", ""final_date"": ""2020-04-23""}, ""review_reason"": [], ""details"": [], ""format_changes"": []}]",2020,04,23,2020-04-23,001188.jpg,"유통기한으로 표기, 이력번호 바로 밑에 존재",,2020,04,23,2020-04-23,[],[],[],[],[],[],[],[],[],[],[],[],2020,04,23,2020-04-23,,,,,,ready_for_review,false,,,,false
1189,C:\Users\jsw58\Desktop\itda-ocr\data\001189.jpg,"[""C:\\Users\\jsw58\\Desktop\\itda-ocr\\data\\001189.jpg""]",existing_300,existing_300:204,1,"[{""source_record_id"": ""existing_300:204"", ""source"": ""existing_300"", ""source_path"": ""C:\\Users\\jsw58\\Desktop\\itda-ocr\\labels\\labels_300.csv"", ""source_row"": 204, ""image_id"": ""1189"", ""raw"": {""file_name"": ""001189.jpg"", ""image_id"": ""1189"", ""year"": ""2019"", ""month"": ""06"", ""day"": ""28"", ""final_date"": ""2019-06-28"", ""notes"": ""뒤에 까지Fe"", ""Unnamed: 7"": """"}, ""canonical"": {""year"": ""2019"", ""month"": ""06"", ""day"": ""28"", ""final_date"": ""2019-06-28""}, ""review_reason"": [], ""details"": [], ""format_changes"": []}]",2019,06,28,2019-06-28,001189.jpg,뒤에 까지Fe,,2019,06,28,2019-06-28,[],[],[],[],[],[],[],[],[],[],[],[],2019,06,28,2019-06-28,,,,,,ready_for_review,false,,,,false
1191,C:\Users\jsw58\Desktop\itda-ocr\data\001191.jpg,"[""C:\\Users\\jsw58\\Desktop\\itda-ocr\\data\\001191.jpg""]",incoming_432,incoming_432:159,1,[],[],[],[],[],[],[],[],[],[],[],[],"[{""source_record_id"": ""incoming_432:159"", ""source"": ""incoming_432"", ""source_path"": ""C:\\Users\\jsw58\\Downloads\\labelling data.csv"", ""source_row"": 159, ""image_id"": ""1191"", ""raw"": {""image_id"": ""1191"", ""year"": ""2020"", ""month"": ""12"", ""day"": ""8"", ""final_date"": ""2020-12-08""}, ""canonical"": {""year"": ""2020"", ""month"": ""12"", ""day"": ""08"", ""final_date"": ""2020-12-08""}, ""review_reason"": [], ""details"": [], ""format_changes"": [""day""]}]",2020,12,8,2020-12-08,,,,2020,12,08,2020-12-08,2020,12,08,2020-12-08,,,,,,ready_for_review,false,,,,false
1197,C:\Users\jsw58\Desktop\itda-ocr\data\001197.jpg,"[""C:\\Users\\jsw58\\Desktop\\itda-ocr\\data\\001197.jpg""]",existing_300,existing_300:205,1,"[{""source_record_id"": ""existing_300:205"", ""source"": ""existing_300"", ""source_path"": ""C:\\Users\\jsw58\\Desktop\\itda-ocr\\labels\\labels_300.csv"", ""source_row"": 205, ""image_id"": ""1197"", ""raw"": {""file_name"": ""001197.jpg"", ""image_id"": ""1197"", ""year"": ""2021"", ""month"": ""10"", ""day"": ""10"", ""final_date"": ""2021-10-10"", ""notes"": ""EXP로 표시, 날짜 거꾸로"", ""Unnamed: 7"": """"}, ""canonical"": {""year"": ""2021"", ""month"": ""10"", ""day"": ""10"", ""final_date"": ""2021-10-10""}, ""review_reason"": [], ""details"": [], ""format_changes"": []}]",2021,10,10,2021-10-10,001197.jpg,"EXP로 표시, 날짜 거꾸로",,2021,10,10,2021-10-10,[],[],[],[],[],[],[],[],[],[],[],[],2021,10,10,2021-10-10,,,,,,ready_for_review,false,,,,false
1199,C:\Users\jsw58\Desktop\itda-ocr\data\001199.jpg,"[""C:\\Users\\jsw58\\Desktop\\itda-ocr\\data\\001199.jpg""]",incoming_432,incoming_432:160,1,[],[],[],[],[],[],[],[],[],[],[],[],"[{""source_record_id"": ""incoming_432:160"", ""source"": ""incoming_432"", ""source_path"": ""C:\\Users\\jsw58\\Downloads\\labelling data.csv"", ""source_row"": 160, ""image_id"": ""1199"", ""raw"": {""image_id"": ""1199"", ""year"": ""2021"", ""month"": ""10"", ""day"": ""20"", ""final_date"": ""2021-10-20""}, ""canonical"": {""year"": ""2021"", ""month"": ""10"", ""day"": ""20"", ""final_date"": ""2021-10-20""}, ""review_reason"": [], ""details"": [], ""format_changes"": []}]",2021,10,20,2021-10-20,,,,2021,10,20,2021-10-20,2021,10,20,2021-10-20,,,,,,ready_for_review,false,,,,false
1205,C:\Users\jsw58\Desktop\itda-ocr\data\001205.jpg,"[""C:\\Users\\jsw58\\Desktop\\itda-ocr\\data\\001205.jpg""]",existing_300,existing_300:55,1,"[{""source_record_id"": ""existing_300:55"", ""source"": ""existing_300"", ""source_path"": ""C:\\Users\\jsw58\\Desktop\\itda-ocr\\labels\\labels_300.csv"", ""source_row"": 55, ""image_id"": ""1205"", ""raw"": {""file_name"": ""001205.jpg"", ""image_id"": ""1205"", ""year"": ""2021"", ""month"": ""05"", ""day"": ""NONE"", ""final_date"": ""2021-05-none"", ""notes"": """", ""Unnamed: 7"": """"}, ""canonical"": {""year"": ""2021"", ""month"": ""05"", ""day"": ""NONE"", ""final_date"": ""2021-05-NONE""}, ""review_reason"": [""partial_none""], ""details"": [], ""format_changes"": [""final_date""]}]",2021,05,NONE,2021-05-none,001205.jpg,,,2021,05,NONE,2021-05-NONE,[],[],[],[],[],[],[],[],[],[],[],[],2021,05,NONE,2021-05-NONE,,,,,partial_none,pending,false,,,,false
1214,C:\Users\jsw58\Desktop\itda-ocr\data\001214.jpg,"[""C:\\Users\\jsw58\\Desktop\\itda-ocr\\data\\001214.jpg""]",existing_300,existing_300:56,1,"[{""source_record_id"": ""existing_300:56"", ""source"": ""existing_300"", ""source_path"": ""C:\\Users\\jsw58\\Desktop\\itda-ocr\\labels\\labels_300.csv"", ""source_row"": 56, ""image_id"": ""1214"", ""raw"": {""file_name"": ""001214.jpg"", ""image_id"": ""1214"", ""year"": ""2021"", ""month"": ""05"", ""day"": ""15"", ""final_date"": ""2021-05-15"", ""notes"": """", ""Unnamed: 7"": """"}, ""canonical"": {""year"": ""2021"", ""month"": ""05"", ""day"": ""15"", ""final_date"": ""2021-05-15""}, ""review_reason"": [], ""details"": [], ""format_changes"": []}]",2021,05,15,2021-05-15,001214.jpg,,,2021,05,15,2021-05-15,[],[],[],[],[],[],[],[],[],[],[],[],2021,05,15,2021-05-15,,,,,,ready_for_review,false,,,,false
1220,C:\Users\jsw58\Desktop\itda-ocr\data\001220.jpg,"[""C:\\Users\\jsw58\\Desktop\\itda-ocr\\data\\001220.jpg""]",incoming_432,incoming_432:161,1,[],[],[],[],[],[],[],[],[],[],[],[],"[{""source_record_id"": ""incoming_432:161"", ""source"": ""incoming_432"", ""source_path"": ""C:\\Users\\jsw58\\Downloads\\labelling data.csv"", ""source_row"": 161, ""image_id"": ""1220"", ""raw"": {""image_id"": ""1220"", ""year"": ""2021"", ""month"": ""1"", ""day"": ""14"", ""final_date"": ""2021-01-14""}, ""canonical"": {""year"": ""2021"", ""month"": ""01"", ""day"": ""14"", ""final_date"": ""2021-01-14""}, ""review_reason"": [], ""details"": [], ""format_changes"": [""month""]}]",2021,1,14,2021-01-14,,,,2021,01,14,2021-01-14,2021,01,14,2021-01-14,,,,,,ready_for_review,false,,,,false
1225,C:\Users\jsw58\Desktop\itda-ocr\data\001225.jpg,"[""C:\\Users\\jsw58\\Desktop\\itda-ocr\\data\\001225.jpg""]",existing_300,existing_300:57,1,"[{""source_record_id"": ""existing_300:57"", ""source"": ""existing_300"", ""source_path"": ""C:\\Users\\jsw58\\Desktop\\itda-ocr\\labels\\labels_300.csv"", ""source_row"": 57, ""image_id"": ""1225"", ""raw"": {""file_name"": ""001225.jpg"", ""image_id"": ""1225"", ""year"": ""2022"", ""month"": ""06"", ""day"": ""27"", ""final_date"": ""2022-06-27"", ""notes"": """", ""Unnamed: 7"": """"}, ""canonical"": {""year"": ""2022"", ""month"": ""06"", ""day"": ""27"", ""final_date"": ""2022-06-27""}, ""review_reason"": [], ""details"": [], ""format_changes"": []}]",2022,06,27,2022-06-27,001225.jpg,,,2022,06,27,2022-06-27,[],[],[],[],[],[],[],[],[],[],[],[],2022,06,27,2022-06-27,,,,,,ready_for_review,false,,,,false
1227,C:\Users\jsw58\Desktop\itda-ocr\data\001227.jpg,"[""C:\\Users\\jsw58\\Desktop\\itda-ocr\\data\\001227.jpg""]",incoming_432,incoming_432:162,1,[],[],[],[],[],[],[],[],[],[],[],[],"[{""source_record_id"": ""incoming_432:162"", ""source"": ""incoming_432"", ""source_path"": ""C:\\Users\\jsw58\\Downloads\\labelling data.csv"", ""source_row"": 162, ""image_id"": ""1227"", ""raw"": {""image_id"": ""1227"", ""year"": ""2021"", ""month"": ""1"", ""day"": ""12"", ""final_date"": ""2021-01-12""}, ""canonical"": {""year"": ""2021"", ""month"": ""01"", ""day"": ""12"", ""final_date"": ""2021-01-12""}, ""review_reason"": [], ""details"": [], ""format_changes"": [""month""]}]",2021,1,12,2021-01-12,,,,2021,01,12,2021-01-12,2021,01,12,2021-01-12,,,,,,ready_for_review,false,,,,false
1231,C:\Users\jsw58\Desktop\itda-ocr\data\001231.jpg,"[""C:\\Users\\jsw58\\Desktop\\itda-ocr\\data\\001231.jpg""]",existing_300,existing_300:206,1,"[{""source_record_id"": ""existing_300:206"", ""source"": ""existing_300"", ""source_path"": ""C:\\Users\\jsw58\\Desktop\\itda-ocr\\labels\\labels_300.csv"", ""source_row"": 206, ""image_id"": ""1231"", ""raw"": {""file_name"": ""001231.jpg"", ""image_id"": ""1231"", ""year"": ""2021"", ""month"": ""05"", ""day"": ""05"", ""final_date"": ""2021-05-05"", ""notes"": ""유통기한"", ""Unnamed: 7"": """"}, ""canonical"": {""year"": ""2021"", ""month"": ""05"", ""day"": ""05"", ""final_date"": ""2021-05-05""}, ""review_reason"": [], ""details"": [], ""format_changes"": []}]",2021,05,05,2021-05-05,001231.jpg,유통기한,,2021,05,05,2021-05-05,[],[],[],[],[],[],[],[],[],[],[],[],2021,05,05,2021-05-05,,,,,,ready_for_review,false,,,,false
1239,C:\Users\jsw58\Desktop\itda-ocr\data\001239.jpg,"[""C:\\Users\\jsw58\\Desktop\\itda-ocr\\data\\001239.jpg""]",incoming_432,incoming_432:163,1,[],[],[],[],[],[],[],[],[],[],[],[],"[{""source_record_id"": ""incoming_432:163"", ""source"": ""incoming_432"", ""source_path"": ""C:\\Users\\jsw58\\Downloads\\labelling data.csv"", ""source_row"": 163, ""image_id"": ""1239"", ""raw"": {""image_id"": ""1239"", ""year"": ""2020"", ""month"": ""12"", ""day"": ""19"", ""final_date"": ""2020-12-19""}, ""canonical"": {""year"": ""2020"", ""month"": ""12"", ""day"": ""19"", ""final_date"": ""2020-12-19""}, ""review_reason"": [], ""details"": [], ""format_changes"": []}]",2020,12,19,2020-12-19,,,,2020,12,19,2020-12-19,2020,12,19,2020-12-19,,,,,,ready_for_review,false,,,,false
1248,C:\Users\jsw58\Desktop\itda-ocr\data\001248.jpg,"[""C:\\Users\\jsw58\\Desktop\\itda-ocr\\data\\001248.jpg""]",existing_300,existing_300:207,1,"[{""source_record_id"": ""existing_300:207"", ""source"": ""existing_300"", ""source_path"": ""C:\\Users\\jsw58\\Desktop\\itda-ocr\\labels\\labels_300.csv"", ""source_row"": 207, ""image_id"": ""1248"", ""raw"": {""file_name"": ""001248.jpg"", ""image_id"": ""1248"", ""year"": ""2021"", ""month"": ""07"", ""day"": ""15"", ""final_date"": ""2021-07-15"", ""notes"": ""그림 위에 적혀 있어서 잘 안 보임, 그리고 뒤에 J"", ""Unnamed: 7"": """"}, ""canonical"": {""year"": ""2021"", ""month"": ""07"", ""day"": ""15"", ""final_date"": ""2021-07-15""}, ""review_reason"": [], ""details"": [], ""format_changes"": []}]",2021,07,15,2021-07-15,001248.jpg,"그림 위에 적혀 있어서 잘 안 보임, 그리고 뒤에 J",,2021,07,15,2021-07-15,[],[],[],[],[],[],[],[],[],[],[],[],2021,07,15,2021-07-15,,,,,,ready_for_review,false,,,,false
1270,C:\Users\jsw58\Desktop\itda-ocr\data\001270.jpg,"[""C:\\Users\\jsw58\\Desktop\\itda-ocr\\data\\001270.jpg""]",incoming_432,incoming_432:164,1,[],[],[],[],[],[],[],[],[],[],[],[],"[{""source_record_id"": ""incoming_432:164"", ""source"": ""incoming_432"", ""source_path"": ""C:\\Users\\jsw58\\Downloads\\labelling data.csv"", ""source_row"": 164, ""image_id"": ""1270"", ""raw"": {""image_id"": ""1270"", ""year"": ""2021"", ""month"": ""10"", ""day"": ""11"", ""final_date"": ""2021-10-11""}, ""canonical"": {""year"": ""2021"", ""month"": ""10"", ""day"": ""11"", ""final_date"": ""2021-10-11""}, ""review_reason"": [], ""details"": [], ""format_changes"": []}]",2021,10,11,2021-10-11,,,,2021,10,11,2021-10-11,2021,10,11,2021-10-11,,,,,,ready_for_review,false,,,,false
1277,C:\Users\jsw58\Desktop\itda-ocr\data\001277.jpg,"[""C:\\Users\\jsw58\\Desktop\\itda-ocr\\data\\001277.jpg""]",existing_300,existing_300:58,1,"[{""source_record_id"": ""existing_300:58"", ""source"": ""existing_300"", ""source_path"": ""C:\\Users\\jsw58\\Desktop\\itda-ocr\\labels\\labels_300.csv"", ""source_row"": 58, ""image_id"": ""1277"", ""raw"": {""file_name"": ""001277.jpg"", ""image_id"": ""1277"", ""year"": ""2021"", ""month"": ""11"", ""day"": ""04"", ""final_date"": ""2021-11-04"", ""notes"": """", ""Unnamed: 7"": """"}, ""canonical"": {""year"": ""2021"", ""month"": ""11"", ""day"": ""04"", ""final_date"": ""2021-11-04""}, ""review_reason"": [], ""details"": [], ""format_changes"": []}]",2021,11,04,2021-11-04,001277.jpg,,,2021,11,04,2021-11-04,[],[],[],[],[],[],[],[],[],[],[],[],2021,11,04,2021-11-04,,,,,,ready_for_review,false,,,,false
1289,C:\Users\jsw58\Desktop\itda-ocr\data\001289.jpg,"[""C:\\Users\\jsw58\\Desktop\\itda-ocr\\data\\001289.jpg""]",existing_300,existing_300:208,1,"[{""source_record_id"": ""existing_300:208"", ""source"": ""existing_300"", ""source_path"": ""C:\\Users\\jsw58\\Desktop\\itda-ocr\\labels\\labels_300.csv"", ""source_row"": 208, ""image_id"": ""1289"", ""raw"": {""file_name"": ""001289.jpg"", ""image_id"": ""1289"", ""year"": ""2024"", ""month"": ""11"", ""day"": ""21"", ""final_date"": ""2024-11-21"", ""notes"": ""BBD: 로 표기, /로 구분"", ""Unnamed: 7"": """"}, ""canonical"": {""year"": ""2024"", ""month"": ""11"", ""day"": ""21"", ""final_date"": ""2024-11-21""}, ""review_reason"": [], ""details"": [], ""format_changes"": []}]",2024,11,21,2024-11-21,001289.jpg,"BBD: 로 표기, /로 구분",,2024,11,21,2024-11-21,[],[],[],[],[],[],[],[],[],[],[],[],2024,11,21,2024-11-21,,,,,,ready_for_review,false,,,,false
1290,C:\Users\jsw58\Desktop\itda-ocr\data\001290.jpg,"[""C:\\Users\\jsw58\\Desktop\\itda-ocr\\data\\001290.jpg""]",existing_300,existing_300:209,1,"[{""source_record_id"": ""existing_300:209"", ""source"": ""existing_300"", ""source_path"": ""C:\\Users\\jsw58\\Desktop\\itda-ocr\\labels\\labels_300.csv"", ""source_row"": 209, ""image_id"": ""1290"", ""raw"": {""file_name"": ""001290.jpg"", ""image_id"": ""1290"", ""year"": ""2024"", ""month"": ""11"", ""day"": ""21"", ""final_date"": ""2024-11-21"", ""notes"": ""1289랑 똑같은 물건인데 사진 밝기+가로크기 조정한 버전"", ""Unnamed: 7"": """"}, ""canonical"": {""year"": ""2024"", ""month"": ""11"", ""day"": ""21"", ""final_date"": ""2024-11-21""}, ""review_reason"": [], ""details"": [], ""format_changes"": []}]",2024,11,21,2024-11-21,001290.jpg,1289랑 똑같은 물건인데 사진 밝기+가로크기 조정한 버전,,2024,11,21,2024-11-21,[],[],[],[],[],[],[],[],[],[],[],[],2024,11,21,2024-11-21,,,,,,ready_for_review,false,,,,false
1294,C:\Users\jsw58\Desktop\itda-ocr\data\001294.jpg,"[""C:\\Users\\jsw58\\Desktop\\itda-ocr\\data\\001294.jpg""]",existing_300,existing_300:210,1,"[{""source_record_id"": ""existing_300:210"", ""source"": ""existing_300"", ""source_path"": ""C:\\Users\\jsw58\\Desktop\\itda-ocr\\labels\\labels_300.csv"", ""source_row"": 210, ""image_id"": ""1294"", ""raw"": {""file_name"": ""001294.jpg"", ""image_id"": ""1294"", ""year"": ""2021"", ""month"": ""11"", ""day"": ""NONE"", ""final_date"": ""2021-11-NONE"", ""notes"": ""일 없고, 거꾸로 써져있고, 월이 영어 3글자로 적혀있음"", ""Unnamed: 7"": """"}, ""canonical"": {""year"": ""2021"", ""month"": ""11"", ""day"": ""NONE"", ""final_date"": ""2021-11-NONE""}, ""review_reason"": [""partial_none""], ""details"": [], ""format_changes"": []}]",2021,11,NONE,2021-11-NONE,001294.jpg,"일 없고, 거꾸로 써져있고, 월이 영어 3글자로 적혀있음",,2021,11,NONE,2021-11-NONE,[],[],[],[],[],[],[],[],[],[],[],[],2021,11,NONE,2021-11-NONE,,,,,partial_none,pending,false,,,,false
1295,C:\Users\jsw58\Desktop\itda-ocr\data\001295.jpg,"[""C:\\Users\\jsw58\\Desktop\\itda-ocr\\data\\001295.jpg""]",existing_300,existing_300:211,1,"[{""source_record_id"": ""existing_300:211"", ""source"": ""existing_300"", ""source_path"": ""C:\\Users\\jsw58\\Desktop\\itda-ocr\\labels\\labels_300.csv"", ""source_row"": 211, ""image_id"": ""1295"", ""raw"": {""file_name"": ""001295.jpg"", ""image_id"": ""1295"", ""year"": ""2021"", ""month"": ""11"", ""day"": ""NONE"", ""final_date"": ""2021-11-NONE"", ""notes"": ""가로길이 짧게 조정, 각도 조정한 버전 (위랑 같은 물건)"", ""Unnamed: 7"": """"}, ""canonical"": {""year"": ""2021"", ""month"": ""11"", ""day"": ""NONE"", ""final_date"": ""2021-11-NONE""}, ""review_reason"": [""partial_none""], ""details"": [], ""format_changes"": []}]",2021,11,NONE,2021-11-NONE,001295.jpg,"가로길이 짧게 조정, 각도 조정한 버전 (위랑 같은 물건)",,2021,11,NONE,2021-11-NONE,[],[],[],[],[],[],[],[],[],[],[],[],2021,11,NONE,2021-11-NONE,,,,,partial_none,pending,false,,,,false
1311,C:\Users\jsw58\Desktop\itda-ocr\data\001311.jpg,"[""C:\\Users\\jsw58\\Desktop\\itda-ocr\\data\\001311.jpg""]",incoming_432,incoming_432:165,1,[],[],[],[],[],[],[],[],[],[],[],[],"[{""source_record_id"": ""incoming_432:165"", ""source"": ""incoming_432"", ""source_path"": ""C:\\Users\\jsw58\\Downloads\\labelling data.csv"", ""source_row"": 165, ""image_id"": ""1311"", ""raw"": {""image_id"": ""1311"", ""year"": ""2022"", ""month"": ""10"", ""day"": ""20"", ""final_date"": ""2022-10-20""}, ""canonical"": {""year"": ""2022"", ""month"": ""10"", ""day"": ""20"", ""final_date"": ""2022-10-20""}, ""review_reason"": [], ""details"": [], ""format_changes"": []}]",2022,10,20,2022-10-20,,,,2022,10,20,2022-10-20,2022,10,20,2022-10-20,,,,,,ready_for_review,false,,,,false
1315,C:\Users\jsw58\Desktop\itda-ocr\data\001315.jpg,"[""C:\\Users\\jsw58\\Desktop\\itda-ocr\\data\\001315.jpg""]",existing_300,existing_300:212,1,"[{""source_record_id"": ""existing_300:212"", ""source"": ""existing_300"", ""source_path"": ""C:\\Users\\jsw58\\Desktop\\itda-ocr\\labels\\labels_300.csv"", ""source_row"": 212, ""image_id"": ""1315"", ""raw"": {""file_name"": ""001315.jpg"", ""image_id"": ""1315"", ""year"": ""2021"", ""month"": ""12"", ""day"": ""09"", ""final_date"": ""2021-12-09"", ""notes"": ""유통기한으로 써져있는데, '한'이 빛반사 때문에 잘 안 보임"", ""Unnamed: 7"": """"}, ""canonical"": {""year"": ""2021"", ""month"": ""12"", ""day"": ""09"", ""final_date"": ""2021-12-09""}, ""review_reason"": [], ""details"": [], ""format_changes"": []}]",2021,12,09,2021-12-09,001315.jpg,"유통기한으로 써져있는데, '한'이 빛반사 때문에 잘 안 보임",,2021,12,09,2021-12-09,[],[],[],[],[],[],[],[],[],[],[],[],2021,12,09,2021-12-09,,,,,,ready_for_review,false,,,,false
1317,C:\Users\jsw58\Desktop\itda-ocr\data\001317.jpg,"[""C:\\Users\\jsw58\\Desktop\\itda-ocr\\data\\001317.jpg""]",existing_300,existing_300:213,1,"[{""source_record_id"": ""existing_300:213"", ""source"": ""existing_300"", ""source_path"": ""C:\\Users\\jsw58\\Desktop\\itda-ocr\\labels\\labels_300.csv"", ""source_row"": 213, ""image_id"": ""1317"", ""raw"": {""file_name"": ""001317.jpg"", ""image_id"": ""1317"", ""year"": ""2022"", ""month"": ""12"", ""day"": ""07"", ""final_date"": ""2022-12-07"", ""notes"": ""숫자 2개, 반대로, 그리고 밑에 2003403으로 오해할만한 문자 있음"", ""Unnamed: 7"": """"}, ""canonical"": {""year"": ""2022"", ""month"": ""12"", ""day"": ""07"", ""final_date"": ""2022-12-07""}, ""review_reason"": [], ""details"": [], ""format_changes"": []}]",2022,12,07,2022-12-07,001317.jpg,"숫자 2개, 반대로, 그리고 밑에 2003403으로 오해할만한 문자 있음",,2022,12,07,2022-12-07,[],[],[],[],[],[],[],[],[],[],[],[],2022,12,07,2022-12-07,,,,,,ready_for_review,false,,,,false
1321,C:\Users\jsw58\Desktop\itda-ocr\data\001321.jpg,"[""C:\\Users\\jsw58\\Desktop\\itda-ocr\\data\\001321.jpg""]",existing_300,existing_300:59,1,"[{""source_record_id"": ""existing_300:59"", ""source"": ""existing_300"", ""source_path"": ""C:\\Users\\jsw58\\Desktop\\itda-ocr\\labels\\labels_300.csv"", ""source_row"": 59, ""image_id"": ""1321"", ""raw"": {""file_name"": ""001321.jpg"", ""image_id"": ""1321"", ""year"": ""2022"", ""month"": ""02"", ""day"": ""15"", ""final_date"": ""2022-02-15"", ""notes"": """", ""Unnamed: 7"": """"}, ""canonical"": {""year"": ""2022"", ""month"": ""02"", ""day"": ""15"", ""final_date"": ""2022-02-15""}, ""review_reason"": [], ""details"": [], ""format_changes"": []}]",2022,02,15,2022-02-15,001321.jpg,,,2022,02,15,2022-02-15,[],[],[],[],[],[],[],[],[],[],[],[],2022,02,15,2022-02-15,,,,,,ready_for_review,false,,,,false
1336,C:\Users\jsw58\Desktop\itda-ocr\data\001336.jpg,"[""C:\\Users\\jsw58\\Desktop\\itda-ocr\\data\\001336.jpg""]",incoming_432,incoming_432:166,1,[],[],[],[],[],[],[],[],[],[],[],[],"[{""source_record_id"": ""incoming_432:166"", ""source"": ""incoming_432"", ""source_path"": ""C:\\Users\\jsw58\\Downloads\\labelling data.csv"", ""source_row"": 166, ""image_id"": ""1336"", ""raw"": {""image_id"": ""1336"", ""year"": ""2021"", ""month"": ""10"", ""day"": ""26"", ""final_date"": ""2021-10-26""}, ""canonical"": {""year"": ""2021"", ""month"": ""10"", ""day"": ""26"", ""final_date"": ""2021-10-26""}, ""review_reason"": [], ""details"": [], ""format_changes"": []}]",2021,10,26,2021-10-26,,,,2021,10,26,2021-10-26,2021,10,26,2021-10-26,,,,,,ready_for_review,false,,,,false
1380,C:\Users\jsw58\Desktop\itda-ocr\data\001380.jpg,"[""C:\\Users\\jsw58\\Desktop\\itda-ocr\\data\\001380.jpg""]",existing_300,existing_300:60,1,"[{""source_record_id"": ""existing_300:60"", ""source"": ""existing_300"", ""source_path"": ""C:\\Users\\jsw58\\Desktop\\itda-ocr\\labels\\labels_300.csv"", ""source_row"": 60, ""image_id"": ""1380"", ""raw"": {""file_name"": ""001380.jpg"", ""image_id"": ""1380"", ""year"": ""2021"", ""month"": ""04"", ""day"": ""09"", ""final_date"": ""2021-04-09"", ""notes"": """", ""Unnamed: 7"": """"}, ""canonical"": {""year"": ""2021"", ""month"": ""04"", ""day"": ""09"", ""final_date"": ""2021-04-09""}, ""review_reason"": [], ""details"": [], ""format_changes"": []}]",2021,04,09,2021-04-09,001380.jpg,,,2021,04,09,2021-04-09,[],[],[],[],[],[],[],[],[],[],[],[],2021,04,09,2021-04-09,,,,,,ready_for_review,false,,,,false
1384,C:\Users\jsw58\Desktop\itda-ocr\data\001384.jpg,"[""C:\\Users\\jsw58\\Desktop\\itda-ocr\\data\\001384.jpg""]",existing_300,existing_300:214,1,"[{""source_record_id"": ""existing_300:214"", ""source"": ""existing_300"", ""source_path"": ""C:\\Users\\jsw58\\Desktop\\itda-ocr\\labels\\labels_300.csv"", ""source_row"": 214, ""image_id"": ""1384"", ""raw"": {""file_name"": ""001384.jpg"", ""image_id"": ""1384"", ""year"": ""2018"", ""month"": ""09"", ""day"": ""NONE"", ""final_date"": ""2018-09-NONE"", ""notes"": ""일 없음, 거꾸로"", ""Unnamed: 7"": """"}, ""canonical"": {""year"": ""2018"", ""month"": ""09"", ""day"": ""NONE"", ""final_date"": ""2018-09-NONE""}, ""review_reason"": [""partial_none""], ""details"": [], ""format_changes"": []}]",2018,09,NONE,2018-09-NONE,001384.jpg,"일 없음, 거꾸로",,2018,09,NONE,2018-09-NONE,[],[],[],[],[],[],[],[],[],[],[],[],2018,09,NONE,2018-09-NONE,,,,,partial_none,pending,false,,,,false
1388,C:\Users\jsw58\Desktop\itda-ocr\data\001388.jpg,"[""C:\\Users\\jsw58\\Desktop\\itda-ocr\\data\\001388.jpg""]",incoming_432,incoming_432:167,1,[],[],[],[],[],[],[],[],[],[],[],[],"[{""source_record_id"": ""incoming_432:167"", ""source"": ""incoming_432"", ""source_path"": ""C:\\Users\\jsw58\\Downloads\\labelling data.csv"", ""source_row"": 167, ""image_id"": ""1388"", ""raw"": {""image_id"": ""1388"", ""year"": ""2021"", ""month"": ""7"", ""day"": ""17"", ""final_date"": ""2021-07-17""}, ""canonical"": {""year"": ""2021"", ""month"": ""07"", ""day"": ""17"", ""final_date"": ""2021-07-17""}, ""review_reason"": [], ""details"": [], ""format_changes"": [""month""]}]",2021,7,17,2021-07-17,,,,2021,07,17,2021-07-17,2021,07,17,2021-07-17,,,,,,ready_for_review,false,,,,false
1393,C:\Users\jsw58\Desktop\itda-ocr\data\001393.jpg,"[""C:\\Users\\jsw58\\Desktop\\itda-ocr\\data\\001393.jpg""]",existing_300,existing_300:61,1,"[{""source_record_id"": ""existing_300:61"", ""source"": ""existing_300"", ""source_path"": ""C:\\Users\\jsw58\\Desktop\\itda-ocr\\labels\\labels_300.csv"", ""source_row"": 61, ""image_id"": ""1393"", ""raw"": {""file_name"": ""001393.jpg"", ""image_id"": ""1393"", ""year"": ""2022"", ""month"": ""07"", ""day"": ""14"", ""final_date"": ""2022-07-14"", ""notes"": ""14.JUL.2022"", ""Unnamed: 7"": """"}, ""canonical"": {""year"": ""2022"", ""month"": ""07"", ""day"": ""14"", ""final_date"": ""2022-07-14""}, ""review_reason"": [], ""details"": [], ""format_changes"": []}]",2022,07,14,2022-07-14,001393.jpg,14.JUL.2022,,2022,07,14,2022-07-14,[],[],[],[],[],[],[],[],[],[],[],[],2022,07,14,2022-07-14,,,,,,ready_for_review,false,,,,false
1394,C:\Users\jsw58\Desktop\itda-ocr\data\001394.jpg,"[""C:\\Users\\jsw58\\Desktop\\itda-ocr\\data\\001394.jpg""]",existing_300,existing_300:62,1,"[{""source_record_id"": ""existing_300:62"", ""source"": ""existing_300"", ""source_path"": ""C:\\Users\\jsw58\\Desktop\\itda-ocr\\labels\\labels_300.csv"", ""source_row"": 62, ""image_id"": ""1394"", ""raw"": {""file_name"": ""001394.jpg"", ""image_id"": ""1394"", ""year"": ""2021"", ""month"": ""09"", ""day"": ""01"", ""final_date"": ""2021-09-01"", ""notes"": ""금박 글자 (배경과 구분 필요)"", ""Unnamed: 7"": """"}, ""canonical"": {""year"": ""2021"", ""month"": ""09"", ""day"": ""01"", ""final_date"": ""2021-09-01""}, ""review_reason"": [], ""details"": [], ""format_changes"": []}]",2021,09,01,2021-09-01,001394.jpg,금박 글자 (배경과 구분 필요),,2021,09,01,2021-09-01,[],[],[],[],[],[],[],[],[],[],[],[],2021,09,01,2021-09-01,,,,,,ready_for_review,false,,,,false
1399,C:\Users\jsw58\Desktop\itda-ocr\data\001399.jpg,"[""C:\\Users\\jsw58\\Desktop\\itda-ocr\\data\\001399.jpg""]",existing_300,existing_300:63,1,"[{""source_record_id"": ""existing_300:63"", ""source"": ""existing_300"", ""source_path"": ""C:\\Users\\jsw58\\Desktop\\itda-ocr\\labels\\labels_300.csv"", ""source_row"": 63, ""image_id"": ""1399"", ""raw"": {""file_name"": ""001399.jpg"", ""image_id"": ""1399"", ""year"": ""2021"", ""month"": ""07"", ""day"": ""23"", ""final_date"": ""2021-07-23"", ""notes"": ""23-Jul-21"", ""Unnamed: 7"": """"}, ""canonical"": {""year"": ""2021"", ""month"": ""07"", ""day"": ""23"", ""final_date"": ""2021-07-23""}, ""review_reason"": [], ""details"": [], ""format_changes"": []}]",2021,07,23,2021-07-23,001399.jpg,23-Jul-21,,2021,07,23,2021-07-23,[],[],[],[],[],[],[],[],[],[],[],[],2021,07,23,2021-07-23,,,,,,ready_for_review,false,,,,false
1404,C:\Users\jsw58\Desktop\itda-ocr\data\001404.jpg,"[""C:\\Users\\jsw58\\Desktop\\itda-ocr\\data\\001404.jpg""]",incoming_432,incoming_432:168,1,[],[],[],[],[],[],[],[],[],[],[],[],"[{""source_record_id"": ""incoming_432:168"", ""source"": ""incoming_432"", ""source_path"": ""C:\\Users\\jsw58\\Downloads\\labelling data.csv"", ""source_row"": 168, ""image_id"": ""1404"", ""raw"": {""image_id"": ""1404"", ""year"": ""2021"", ""month"": ""1"", ""day"": ""27"", ""final_date"": ""2021-01-27""}, ""canonical"": {""year"": ""2021"", ""month"": ""01"", ""day"": ""27"", ""final_date"": ""2021-01-27""}, ""review_reason"": [], ""details"": [], ""format_changes"": [""month""]}]",2021,1,27,2021-01-27,,,,2021,01,27,2021-01-27,2021,01,27,2021-01-27,,,,,,ready_for_review,false,,,,false
1406,C:\Users\jsw58\Desktop\itda-ocr\data\001406.jpg,"[""C:\\Users\\jsw58\\Desktop\\itda-ocr\\data\\001406.jpg""]",existing_300,existing_300:64,1,"[{""source_record_id"": ""existing_300:64"", ""source"": ""existing_300"", ""source_path"": ""C:\\Users\\jsw58\\Desktop\\itda-ocr\\labels\\labels_300.csv"", ""source_row"": 64, ""image_id"": ""1406"", ""raw"": {""file_name"": ""001406.jpg"", ""image_id"": ""1406"", ""year"": ""2021"", ""month"": ""07"", ""day"": ""31"", ""final_date"": ""2021-07-31"", ""notes"": """", ""Unnamed: 7"": """"}, ""canonical"": {""year"": ""2021"", ""month"": ""07"", ""day"": ""31"", ""final_date"": ""2021-07-31""}, ""review_reason"": [], ""details"": [], ""format_changes"": []}]",2021,07,31,2021-07-31,001406.jpg,,,2021,07,31,2021-07-31,[],[],[],[],[],[],[],[],[],[],[],[],2021,07,31,2021-07-31,,,,,,ready_for_review,false,,,,false
1409,C:\Users\jsw58\Desktop\itda-ocr\data\001409.jpg,"[""C:\\Users\\jsw58\\Desktop\\itda-ocr\\data\\001409.jpg""]",existing_300,existing_300:215,1,"[{""source_record_id"": ""existing_300:215"", ""source"": ""existing_300"", ""source_path"": ""C:\\Users\\jsw58\\Desktop\\itda-ocr\\labels\\labels_300.csv"", ""source_row"": 215, ""image_id"": ""1409"", ""raw"": {""file_name"": ""001409.jpg"", ""image_id"": ""1409"", ""year"": ""2021"", ""month"": ""12"", ""day"": ""16"", ""final_date"": ""2021-12-16"", ""notes"": ""뒤에 D"", ""Unnamed: 7"": """"}, ""canonical"": {""year"": ""2021"", ""month"": ""12"", ""day"": ""16"", ""final_date"": ""2021-12-16""}, ""review_reason"": [], ""details"": [], ""format_changes"": []}]",2021,12,16,2021-12-16,001409.jpg,뒤에 D,,2021,12,16,2021-12-16,[],[],[],[],[],[],[],[],[],[],[],[],2021,12,16,2021-12-16,,,,,,ready_for_review,false,,,,false
1413,C:\Users\jsw58\Desktop\itda-ocr\data\001413.jpg,"[""C:\\Users\\jsw58\\Desktop\\itda-ocr\\data\\001413.jpg""]",incoming_432,incoming_432:169,1,[],[],[],[],[],[],[],[],[],[],[],[],"[{""source_record_id"": ""incoming_432:169"", ""source"": ""incoming_432"", ""source_path"": ""C:\\Users\\jsw58\\Downloads\\labelling data.csv"", ""source_row"": 169, ""image_id"": ""1413"", ""raw"": {""image_id"": ""1413"", ""year"": ""2021"", ""month"": ""7"", ""day"": ""23"", ""final_date"": ""2021-07-23""}, ""canonical"": {""year"": ""2021"", ""month"": ""07"", ""day"": ""23"", ""final_date"": ""2021-07-23""}, ""review_reason"": [], ""details"": [], ""format_changes"": [""month""]}]",2021,7,23,2021-07-23,,,,2021,07,23,2021-07-23,2021,07,23,2021-07-23,,,,,,ready_for_review,false,,,,false
1426,C:\Users\jsw58\Desktop\itda-ocr\data\001426.jpg,"[""C:\\Users\\jsw58\\Desktop\\itda-ocr\\data\\001426.jpg""]",existing_300,existing_300:65,1,"[{""source_record_id"": ""existing_300:65"", ""source"": ""existing_300"", ""source_path"": ""C:\\Users\\jsw58\\Desktop\\itda-ocr\\labels\\labels_300.csv"", ""source_row"": 65, ""image_id"": ""1426"", ""raw"": {""file_name"": ""001426.jpg"", ""image_id"": ""1426"", ""year"": ""2020"", ""month"": ""04"", ""day"": ""17"", ""final_date"": ""2020-04-17"", ""notes"": """", ""Unnamed: 7"": """"}, ""canonical"": {""year"": ""2020"", ""month"": ""04"", ""day"": ""17"", ""final_date"": ""2020-04-17""}, ""review_reason"": [], ""details"": [], ""format_changes"": []}]",2020,04,17,2020-04-17,001426.jpg,,,2020,04,17,2020-04-17,[],[],[],[],[],[],[],[],[],[],[],[],2020,04,17,2020-04-17,,,,,,ready_for_review,false,,,,false
1427,C:\Users\jsw58\Desktop\itda-ocr\data\001427.jpg,"[""C:\\Users\\jsw58\\Desktop\\itda-ocr\\data\\001427.jpg""]",existing_300,existing_300:66,1,"[{""source_record_id"": ""existing_300:66"", ""source"": ""existing_300"", ""source_path"": ""C:\\Users\\jsw58\\Desktop\\itda-ocr\\labels\\labels_300.csv"", ""source_row"": 66, ""image_id"": ""1427"", ""raw"": {""file_name"": ""001427.jpg"", ""image_id"": ""1427"", ""year"": ""2020"", ""month"": ""08"", ""day"": ""12"", ""final_date"": ""2020-08-12"", ""notes"": """", ""Unnamed: 7"": """"}, ""canonical"": {""year"": ""2020"", ""month"": ""08"", ""day"": ""12"", ""final_date"": ""2020-08-12""}, ""review_reason"": [], ""details"": [], ""format_changes"": []}]",2020,08,12,2020-08-12,001427.jpg,,,2020,08,12,2020-08-12,[],[],[],[],[],[],[],[],[],[],[],[],2020,08,12,2020-08-12,,,,,,ready_for_review,false,,,,false
1428,C:\Users\jsw58\Desktop\itda-ocr\data\001428.jpg,"[""C:\\Users\\jsw58\\Desktop\\itda-ocr\\data\\001428.jpg""]",existing_300,existing_300:216,1,"[{""source_record_id"": ""existing_300:216"", ""source"": ""existing_300"", ""source_path"": ""C:\\Users\\jsw58\\Desktop\\itda-ocr\\labels\\labels_300.csv"", ""source_row"": 216, ""image_id"": ""1428"", ""raw"": {""file_name"": ""001428.jpg"", ""image_id"": ""1428"", ""year"": ""2020"", ""month"": ""08"", ""day"": ""12"", ""final_date"": ""2020-08-12"", ""notes"": """", ""Unnamed: 7"": """"}, ""canonical"": {""year"": ""2020"", ""month"": ""08"", ""day"": ""12"", ""final_date"": ""2020-08-12""}, ""review_reason"": [], ""details"": [], ""format_changes"": []}]",2020,08,12,2020-08-12,001428.jpg,,,2020,08,12,2020-08-12,[],[],[],[],[],[],[],[],[],[],[],[],2020,08,12,2020-08-12,,,,,,ready_for_review,false,,,,false
1438,C:\Users\jsw58\Desktop\itda-ocr\data\001438.jpg,"[""C:\\Users\\jsw58\\Desktop\\itda-ocr\\data\\001438.jpg""]",existing_300,existing_300:217,1,"[{""source_record_id"": ""existing_300:217"", ""source"": ""existing_300"", ""source_path"": ""C:\\Users\\jsw58\\Desktop\\itda-ocr\\labels\\labels_300.csv"", ""source_row"": 217, ""image_id"": ""1438"", ""raw"": {""file_name"": ""001438.jpg"", ""image_id"": ""1438"", ""year"": ""2021"", ""month"": ""08"", ""day"": ""29"", ""final_date"": ""2021-08-29"", ""notes"": ""까지인데 까지 글자가 조금 이상?함"", ""Unnamed: 7"": """"}, ""canonical"": {""year"": ""2021"", ""month"": ""08"", ""day"": ""29"", ""final_date"": ""2021-08-29""}, ""review_reason"": [], ""details"": [], ""format_changes"": []}]",2021,08,29,2021-08-29,001438.jpg,까지인데 까지 글자가 조금 이상?함,,2021,08,29,2021-08-29,[],[],[],[],[],[],[],[],[],[],[],[],2021,08,29,2021-08-29,,,,,,ready_for_review,false,,,,false
1450,C:\Users\jsw58\Desktop\itda-ocr\data\001450.jpg,"[""C:\\Users\\jsw58\\Desktop\\itda-ocr\\data\\001450.jpg""]",existing_300,existing_300:67,1,"[{""source_record_id"": ""existing_300:67"", ""source"": ""existing_300"", ""source_path"": ""C:\\Users\\jsw58\\Desktop\\itda-ocr\\labels\\labels_300.csv"", ""source_row"": 67, ""image_id"": ""1450"", ""raw"": {""file_name"": ""001450.jpg"", ""image_id"": ""1450"", ""year"": ""2022"", ""month"": ""04"", ""day"": ""26"", ""final_date"": ""2022-04-26"", ""notes"": """", ""Unnamed: 7"": """"}, ""canonical"": {""year"": ""2022"", ""month"": ""04"", ""day"": ""26"", ""final_date"": ""2022-04-26""}, ""review_reason"": [], ""details"": [], ""format_changes"": []}]",2022,04,26,2022-04-26,001450.jpg,,,2022,04,26,2022-04-26,[],[],[],[],[],[],[],[],[],[],[],[],2022,04,26,2022-04-26,,,,,,ready_for_review,false,,,,false
1455,C:\Users\jsw58\Desktop\itda-ocr\data\001455.jpg,"[""C:\\Users\\jsw58\\Desktop\\itda-ocr\\data\\001455.jpg""]",existing_300,existing_300:218,1,"[{""source_record_id"": ""existing_300:218"", ""source"": ""existing_300"", ""source_path"": ""C:\\Users\\jsw58\\Desktop\\itda-ocr\\labels\\labels_300.csv"", ""source_row"": 218, ""image_id"": ""1455"", ""raw"": {""file_name"": ""001455.jpg"", ""image_id"": ""1455"", ""year"": ""2022"", ""month"": ""04"", ""day"": ""02"", ""final_date"": ""2022-04-02"", ""notes"": ""밝게 보정한 사진이라 잘 안보임"", ""Unnamed: 7"": """"}, ""canonical"": {""year"": ""2022"", ""month"": ""04"", ""day"": ""02"", ""final_date"": ""2022-04-02""}, ""review_reason"": [], ""details"": [], ""format_changes"": []}]",2022,04,02,2022-04-02,001455.jpg,밝게 보정한 사진이라 잘 안보임,,2022,04,02,2022-04-02,[],[],[],[],[],[],[],[],[],[],[],[],2022,04,02,2022-04-02,,,,,,ready_for_review,false,,,,false
1471,C:\Users\jsw58\Desktop\itda-ocr\data\001471.jpg,"[""C:\\Users\\jsw58\\Desktop\\itda-ocr\\data\\001471.jpg""]",existing_300,existing_300:219,1,"[{""source_record_id"": ""existing_300:219"", ""source"": ""existing_300"", ""source_path"": ""C:\\Users\\jsw58\\Desktop\\itda-ocr\\labels\\labels_300.csv"", ""source_row"": 219, ""image_id"": ""1471"", ""raw"": {""file_name"": ""001471.jpg"", ""image_id"": ""1471"", ""year"": ""2021"", ""month"": ""12"", ""day"": ""29"", ""final_date"": ""2021-12-29"", ""notes"": ""유통기한으로"", ""Unnamed: 7"": """"}, ""canonical"": {""year"": ""2021"", ""month"": ""12"", ""day"": ""29"", ""final_date"": ""2021-12-29""}, ""review_reason"": [], ""details"": [], ""format_changes"": []}]",2021,12,29,2021-12-29,001471.jpg,유통기한으로,,2021,12,29,2021-12-29,[],[],[],[],[],[],[],[],[],[],[],[],2021,12,29,2021-12-29,,,,,,ready_for_review,false,,,,false
1472,C:\Users\jsw58\Desktop\itda-ocr\data\001472.jpg,"[""C:\\Users\\jsw58\\Desktop\\itda-ocr\\data\\001472.jpg""]",existing_300,existing_300:68,1,"[{""source_record_id"": ""existing_300:68"", ""source"": ""existing_300"", ""source_path"": ""C:\\Users\\jsw58\\Desktop\\itda-ocr\\labels\\labels_300.csv"", ""source_row"": 68, ""image_id"": ""1472"", ""raw"": {""file_name"": ""001472.jpg"", ""image_id"": ""1472"", ""year"": ""2022"", ""month"": ""02"", ""day"": ""17"", ""final_date"": ""2022-02-17"", ""notes"": ""반사있음"", ""Unnamed: 7"": """"}, ""canonical"": {""year"": ""2022"", ""month"": ""02"", ""day"": ""17"", ""final_date"": ""2022-02-17""}, ""review_reason"": [], ""details"": [], ""format_changes"": []}]",2022,02,17,2022-02-17,001472.jpg,반사있음,,2022,02,17,2022-02-17,[],[],[],[],[],[],[],[],[],[],[],[],2022,02,17,2022-02-17,,,,,,ready_for_review,false,,,,false
1500,C:\Users\jsw58\Desktop\itda-ocr\data\001500.jpg,"[""C:\\Users\\jsw58\\Desktop\\itda-ocr\\data\\001500.jpg""]",existing_300,existing_300:220,1,"[{""source_record_id"": ""existing_300:220"", ""source"": ""existing_300"", ""source_path"": ""C:\\Users\\jsw58\\Desktop\\itda-ocr\\labels\\labels_300.csv"", ""source_row"": 220, ""image_id"": ""1500"", ""raw"": {""file_name"": ""001500.jpg"", ""image_id"": ""1500"", ""year"": ""2021"", ""month"": ""09"", ""day"": ""23"", ""final_date"": ""2021-09-23"", ""notes"": ""까지"", ""Unnamed: 7"": """"}, ""canonical"": {""year"": ""2021"", ""month"": ""09"", ""day"": ""23"", ""final_date"": ""2021-09-23""}, ""review_reason"": [], ""details"": [], ""format_changes"": []}]",2021,09,23,2021-09-23,001500.jpg,까지,,2021,09,23,2021-09-23,[],[],[],[],[],[],[],[],[],[],[],[],2021,09,23,2021-09-23,,,,,,ready_for_review,false,,,,false
1502,C:\Users\jsw58\Desktop\itda-ocr\data\001502.jpg,"[""C:\\Users\\jsw58\\Desktop\\itda-ocr\\data\\001502.jpg""]",existing_300,existing_300:221,1,"[{""source_record_id"": ""existing_300:221"", ""source"": ""existing_300"", ""source_path"": ""C:\\Users\\jsw58\\Desktop\\itda-ocr\\labels\\labels_300.csv"", ""source_row"": 221, ""image_id"": ""1502"", ""raw"": {""file_name"": ""001502.jpg"", ""image_id"": ""1502"", ""year"": ""2021"", ""month"": ""06"", ""day"": ""24"", ""final_date"": ""2021-06-24"", ""notes"": ""24쪽에 빛"", ""Unnamed: 7"": """"}, ""canonical"": {""year"": ""2021"", ""month"": ""06"", ""day"": ""24"", ""final_date"": ""2021-06-24""}, ""review_reason"": [], ""details"": [], ""format_changes"": []}]",2021,06,24,2021-06-24,001502.jpg,24쪽에 빛,,2021,06,24,2021-06-24,[],[],[],[],[],[],[],[],[],[],[],[],2021,06,24,2021-06-24,,,,,,ready_for_review,false,,,,false
1515,C:\Users\jsw58\Desktop\itda-ocr\data\001515.jpg,"[""C:\\Users\\jsw58\\Desktop\\itda-ocr\\data\\001515.jpg""]",existing_300,existing_300:69,1,"[{""source_record_id"": ""existing_300:69"", ""source"": ""existing_300"", ""source_path"": ""C:\\Users\\jsw58\\Desktop\\itda-ocr\\labels\\labels_300.csv"", ""source_row"": 69, ""image_id"": ""1515"", ""raw"": {""file_name"": ""001515.jpg"", ""image_id"": ""1515"", ""year"": ""2022"", ""month"": ""08"", ""day"": ""16"", ""final_date"": ""2022-08-16"", ""notes"": ""반사있음, 6/8 구분"", ""Unnamed: 7"": """"}, ""canonical"": {""year"": ""2022"", ""month"": ""08"", ""day"": ""16"", ""final_date"": ""2022-08-16""}, ""review_reason"": [], ""details"": [], ""format_changes"": []}]",2022,08,16,2022-08-16,001515.jpg,"반사있음, 6/8 구분",,2022,08,16,2022-08-16,[],[],[],[],[],[],[],[],[],[],[],[],2022,08,16,2022-08-16,,,,,,ready_for_review,false,,,,false
1525,C:\Users\jsw58\Desktop\itda-ocr\data\001525.jpg,"[""C:\\Users\\jsw58\\Desktop\\itda-ocr\\data\\001525.jpg""]",existing_300,existing_300:70,1,"[{""source_record_id"": ""existing_300:70"", ""source"": ""existing_300"", ""source_path"": ""C:\\Users\\jsw58\\Desktop\\itda-ocr\\labels\\labels_300.csv"", ""source_row"": 70, ""image_id"": ""1525"", ""raw"": {""file_name"": ""001525.jpg"", ""image_id"": ""1525"", ""year"": ""2021"", ""month"": ""06"", ""day"": ""25"", ""final_date"": ""2021-06-25"", ""notes"": """", ""Unnamed: 7"": """"}, ""canonical"": {""year"": ""2021"", ""month"": ""06"", ""day"": ""25"", ""final_date"": ""2021-06-25""}, ""review_reason"": [], ""details"": [], ""format_changes"": []}]",2021,06,25,2021-06-25,001525.jpg,,,2021,06,25,2021-06-25,[],[],[],[],[],[],[],[],[],[],[],[],2021,06,25,2021-06-25,,,,,,ready_for_review,false,,,,false
1528,C:\Users\jsw58\Desktop\itda-ocr\data\001528.jpg,"[""C:\\Users\\jsw58\\Desktop\\itda-ocr\\data\\001528.jpg""]",existing_300,existing_300:71,1,"[{""source_record_id"": ""existing_300:71"", ""source"": ""existing_300"", ""source_path"": ""C:\\Users\\jsw58\\Desktop\\itda-ocr\\labels\\labels_300.csv"", ""source_row"": 71, ""image_id"": ""1528"", ""raw"": {""file_name"": ""001528.jpg"", ""image_id"": ""1528"", ""year"": ""2021"", ""month"": ""06"", ""day"": ""25"", ""final_date"": ""2021-06-25"", ""notes"": """", ""Unnamed: 7"": """"}, ""canonical"": {""year"": ""2021"", ""month"": ""06"", ""day"": ""25"", ""final_date"": ""2021-06-25""}, ""review_reason"": [], ""details"": [], ""format_changes"": []}]",2021,06,25,2021-06-25,001528.jpg,,,2021,06,25,2021-06-25,[],[],[],[],[],[],[],[],[],[],[],[],2021,06,25,2021-06-25,,,,,,ready_for_review,false,,,,false
1529,C:\Users\jsw58\Desktop\itda-ocr\data\001529.jpg,"[""C:\\Users\\jsw58\\Desktop\\itda-ocr\\data\\001529.jpg""]",existing_300,existing_300:222,1,"[{""source_record_id"": ""existing_300:222"", ""source"": ""existing_300"", ""source_path"": ""C:\\Users\\jsw58\\Desktop\\itda-ocr\\labels\\labels_300.csv"", ""source_row"": 222, ""image_id"": ""1529"", ""raw"": {""file_name"": ""001529.jpg"", ""image_id"": ""1529"", ""year"": ""2021"", ""month"": ""02"", ""day"": ""11"", ""final_date"": ""2021-02-11"", ""notes"": ""유통기한으로"", ""Unnamed: 7"": """"}, ""canonical"": {""year"": ""2021"", ""month"": ""02"", ""day"": ""11"", ""final_date"": ""2021-02-11""}, ""review_reason"": [], ""details"": [], ""format_changes"": []}]",2021,02,11,2021-02-11,001529.jpg,유통기한으로,,2021,02,11,2021-02-11,[],[],[],[],[],[],[],[],[],[],[],[],2021,02,11,2021-02-11,,,,,,ready_for_review,false,,,,false
1539,C:\Users\jsw58\Desktop\itda-ocr\data\001539.jpg,"[""C:\\Users\\jsw58\\Desktop\\itda-ocr\\data\\001539.jpg""]",existing_300,existing_300:223,1,"[{""source_record_id"": ""existing_300:223"", ""source"": ""existing_300"", ""source_path"": ""C:\\Users\\jsw58\\Desktop\\itda-ocr\\labels\\labels_300.csv"", ""source_row"": 223, ""image_id"": ""1539"", ""raw"": {""file_name"": ""001539.jpg"", ""image_id"": ""1539"", ""year"": ""2022"", ""month"": ""01"", ""day"": ""18"", ""final_date"": ""2022-01-18"", ""notes"": ""육안으로 봐도 살짝 흐릿함"", ""Unnamed: 7"": """"}, ""canonical"": {""year"": ""2022"", ""month"": ""01"", ""day"": ""18"", ""final_date"": ""2022-01-18""}, ""review_reason"": [], ""details"": [], ""format_changes"": []}]",2022,01,18,2022-01-18,001539.jpg,육안으로 봐도 살짝 흐릿함,,2022,01,18,2022-01-18,[],[],[],[],[],[],[],[],[],[],[],[],2022,01,18,2022-01-18,,,,,,ready_for_review,false,,,,false
1548,C:\Users\jsw58\Desktop\itda-ocr\data\001548.jpg,"[""C:\\Users\\jsw58\\Desktop\\itda-ocr\\data\\001548.jpg""]",incoming_432,incoming_432:170,1,[],[],[],[],[],[],[],[],[],[],[],[],"[{""source_record_id"": ""incoming_432:170"", ""source"": ""incoming_432"", ""source_path"": ""C:\\Users\\jsw58\\Downloads\\labelling data.csv"", ""source_row"": 170, ""image_id"": ""1548"", ""raw"": {""image_id"": ""1548"", ""year"": ""2022"", ""month"": ""9"", ""day"": ""28"", ""final_date"": ""2022-09-28""}, ""canonical"": {""year"": ""2022"", ""month"": ""09"", ""day"": ""28"", ""final_date"": ""2022-09-28""}, ""review_reason"": [], ""details"": [], ""format_changes"": [""month""]}]",2022,9,28,2022-09-28,,,,2022,09,28,2022-09-28,2022,09,28,2022-09-28,,,,,,ready_for_review,false,,,,false
1554,C:\Users\jsw58\Desktop\itda-ocr\data\001554.jpg,"[""C:\\Users\\jsw58\\Desktop\\itda-ocr\\data\\001554.jpg""]",existing_300,existing_300:72,1,"[{""source_record_id"": ""existing_300:72"", ""source"": ""existing_300"", ""source_path"": ""C:\\Users\\jsw58\\Desktop\\itda-ocr\\labels\\labels_300.csv"", ""source_row"": 72, ""image_id"": ""1554"", ""raw"": {""file_name"": ""001554.jpg"", ""image_id"": ""1554"", ""year"": ""2020"", ""month"": ""06"", ""day"": ""03"", ""final_date"": ""2020-06-03"", ""notes"": """", ""Unnamed: 7"": """"}, ""canonical"": {""year"": ""2020"", ""month"": ""06"", ""day"": ""03"", ""final_date"": ""2020-06-03""}, ""review_reason"": [], ""details"": [], ""format_changes"": []}]",2020,06,03,2020-06-03,001554.jpg,,,2020,06,03,2020-06-03,[],[],[],[],[],[],[],[],[],[],[],[],2020,06,03,2020-06-03,,,,,,ready_for_review,false,,,,false
1556,C:\Users\jsw58\Desktop\itda-ocr\data\001556.jpg,"[""C:\\Users\\jsw58\\Desktop\\itda-ocr\\data\\001556.jpg""]",incoming_432,incoming_432:171,1,[],[],[],[],[],[],[],[],[],[],[],[],"[{""source_record_id"": ""incoming_432:171"", ""source"": ""incoming_432"", ""source_path"": ""C:\\Users\\jsw58\\Downloads\\labelling data.csv"", ""source_row"": 171, ""image_id"": ""1556"", ""raw"": {""image_id"": ""1556"", ""year"": ""2022"", ""month"": ""3"", ""day"": ""16"", ""final_date"": ""2022-03-16""}, ""canonical"": {""year"": ""2022"", ""month"": ""03"", ""day"": ""16"", ""final_date"": ""2022-03-16""}, ""review_reason"": [], ""details"": [], ""format_changes"": [""month""]}]",2022,3,16,2022-03-16,,,,2022,03,16,2022-03-16,2022,03,16,2022-03-16,,,,,,ready_for_review,false,,,,false
1572,C:\Users\jsw58\Desktop\itda-ocr\data\001572.jpg,"[""C:\\Users\\jsw58\\Desktop\\itda-ocr\\data\\001572.jpg""]",existing_300,existing_300:73,1,"[{""source_record_id"": ""existing_300:73"", ""source"": ""existing_300"", ""source_path"": ""C:\\Users\\jsw58\\Desktop\\itda-ocr\\labels\\labels_300.csv"", ""source_row"": 73, ""image_id"": ""1572"", ""raw"": {""file_name"": ""001572.jpg"", ""image_id"": ""1572"", ""year"": ""2021"", ""month"": ""06"", ""day"": ""11"", ""final_date"": ""2021-06-11"", ""notes"": """", ""Unnamed: 7"": """"}, ""canonical"": {""year"": ""2021"", ""month"": ""06"", ""day"": ""11"", ""final_date"": ""2021-06-11""}, ""review_reason"": [], ""details"": [], ""format_changes"": []}]",2021,06,11,2021-06-11,001572.jpg,,,2021,06,11,2021-06-11,[],[],[],[],[],[],[],[],[],[],[],[],2021,06,11,2021-06-11,,,,,,ready_for_review,false,,,,false
1587,C:\Users\jsw58\Desktop\itda-ocr\data\001587.jpg,"[""C:\\Users\\jsw58\\Desktop\\itda-ocr\\data\\001587.jpg""]",existing_300,existing_300:74,1,"[{""source_record_id"": ""existing_300:74"", ""source"": ""existing_300"", ""source_path"": ""C:\\Users\\jsw58\\Desktop\\itda-ocr\\labels\\labels_300.csv"", ""source_row"": 74, ""image_id"": ""1587"", ""raw"": {""file_name"": ""001587.jpg"", ""image_id"": ""1587"", ""year"": ""2021"", ""month"": ""04"", ""day"": ""20"", ""final_date"": ""2021-04-20"", ""notes"": """", ""Unnamed: 7"": """"}, ""canonical"": {""year"": ""2021"", ""month"": ""04"", ""day"": ""20"", ""final_date"": ""2021-04-20""}, ""review_reason"": [], ""details"": [], ""format_changes"": []}]",2021,04,20,2021-04-20,001587.jpg,,,2021,04,20,2021-04-20,[],[],[],[],[],[],[],[],[],[],[],[],2021,04,20,2021-04-20,,,,,,ready_for_review,false,,,,false
1623,C:\Users\jsw58\Desktop\itda-ocr\data\001623.jpg,"[""C:\\Users\\jsw58\\Desktop\\itda-ocr\\data\\001623.jpg""]",existing_300,existing_300:224,1,"[{""source_record_id"": ""existing_300:224"", ""source"": ""existing_300"", ""source_path"": ""C:\\Users\\jsw58\\Desktop\\itda-ocr\\labels\\labels_300.csv"", ""source_row"": 224, ""image_id"": ""1623"", ""raw"": {""file_name"": ""001623.jpg"", ""image_id"": ""1623"", ""year"": ""2022"", ""month"": ""01"", ""day"": ""14"", ""final_date"": ""2022-01-14"", ""notes"": """", ""Unnamed: 7"": """"}, ""canonical"": {""year"": ""2022"", ""month"": ""01"", ""day"": ""14"", ""final_date"": ""2022-01-14""}, ""review_reason"": [], ""details"": [], ""format_changes"": []}]",2022,01,14,2022-01-14,001623.jpg,,,2022,01,14,2022-01-14,[],[],[],[],[],[],[],[],[],[],[],[],2022,01,14,2022-01-14,,,,,,ready_for_review,false,,,,false
1642,C:\Users\jsw58\Desktop\itda-ocr\data\001642.jpg,"[""C:\\Users\\jsw58\\Desktop\\itda-ocr\\data\\001642.jpg""]",existing_300,existing_300:75,1,"[{""source_record_id"": ""existing_300:75"", ""source"": ""existing_300"", ""source_path"": ""C:\\Users\\jsw58\\Desktop\\itda-ocr\\labels\\labels_300.csv"", ""source_row"": 75, ""image_id"": ""1642"", ""raw"": {""file_name"": ""001642.jpg"", ""image_id"": ""1642"", ""year"": ""2022"", ""month"": ""03"", ""day"": ""19"", ""final_date"": ""2022-03-19"", ""notes"": ""19-Mar-22"", ""Unnamed: 7"": """"}, ""canonical"": {""year"": ""2022"", ""month"": ""03"", ""day"": ""19"", ""final_date"": ""2022-03-19""}, ""review_reason"": [], ""details"": [], ""format_changes"": []}]",2022,03,19,2022-03-19,001642.jpg,19-Mar-22,,2022,03,19,2022-03-19,[],[],[],[],[],[],[],[],[],[],[],[],2022,03,19,2022-03-19,,,,,,ready_for_review,false,,,,false
1646,C:\Users\jsw58\Desktop\itda-ocr\data\001646.jpg,"[""C:\\Users\\jsw58\\Desktop\\itda-ocr\\data\\001646.jpg""]",existing_300,existing_300:225,1,"[{""source_record_id"": ""existing_300:225"", ""source"": ""existing_300"", ""source_path"": ""C:\\Users\\jsw58\\Desktop\\itda-ocr\\labels\\labels_300.csv"", ""source_row"": 225, ""image_id"": ""1646"", ""raw"": {""file_name"": ""001646.jpg"", ""image_id"": ""1646"", ""year"": ""2021"", ""month"": ""10"", ""day"": ""12"", ""final_date"": ""2021-10-12"", ""notes"": ""화질도 안 좋은데 배경도 빨강이라 잘 안보임"", ""Unnamed: 7"": """"}, ""canonical"": {""year"": ""2021"", ""month"": ""10"", ""day"": ""12"", ""final_date"": ""2021-10-12""}, ""review_reason"": [], ""details"": [], ""format_changes"": []}]",2021,10,12,2021-10-12,001646.jpg,화질도 안 좋은데 배경도 빨강이라 잘 안보임,,2021,10,12,2021-10-12,[],[],[],[],[],[],[],[],[],[],[],[],2021,10,12,2021-10-12,,,,,,ready_for_review,false,,,,false
1657,C:\Users\jsw58\Desktop\itda-ocr\data\001657.jpg,"[""C:\\Users\\jsw58\\Desktop\\itda-ocr\\data\\001657.jpg""]",existing_300,existing_300:226,1,"[{""source_record_id"": ""existing_300:226"", ""source"": ""existing_300"", ""source_path"": ""C:\\Users\\jsw58\\Desktop\\itda-ocr\\labels\\labels_300.csv"", ""source_row"": 226, ""image_id"": ""1657"", ""raw"": {""file_name"": ""001657.jpg"", ""image_id"": ""1657"", ""year"": ""2021"", ""month"": ""01"", ""day"": ""16"", ""final_date"": ""2021-01-16"", ""notes"": ""약간 어둡"", ""Unnamed: 7"": """"}, ""canonical"": {""year"": ""2021"", ""month"": ""01"", ""day"": ""16"", ""final_date"": ""2021-01-16""}, ""review_reason"": [], ""details"": [], ""format_changes"": []}]",2021,01,16,2021-01-16,001657.jpg,약간 어둡,,2021,01,16,2021-01-16,[],[],[],[],[],[],[],[],[],[],[],[],2021,01,16,2021-01-16,,,,,,ready_for_review,false,,,,false
1658,C:\Users\jsw58\Desktop\itda-ocr\data\001658.jpg,"[""C:\\Users\\jsw58\\Desktop\\itda-ocr\\data\\001658.jpg""]",incoming_432,incoming_432:172,1,[],[],[],[],[],[],[],[],[],[],[],[],"[{""source_record_id"": ""incoming_432:172"", ""source"": ""incoming_432"", ""source_path"": ""C:\\Users\\jsw58\\Downloads\\labelling data.csv"", ""source_row"": 172, ""image_id"": ""1658"", ""raw"": {""image_id"": ""1658"", ""year"": ""2021"", ""month"": ""10"", ""day"": ""22"", ""final_date"": ""2021-10-22""}, ""canonical"": {""year"": ""2021"", ""month"": ""10"", ""day"": ""22"", ""final_date"": ""2021-10-22""}, ""review_reason"": [], ""details"": [], ""format_changes"": []}]",2021,10,22,2021-10-22,,,,2021,10,22,2021-10-22,2021,10,22,2021-10-22,,,,,,ready_for_review,false,,,,false
1665,C:\Users\jsw58\Desktop\itda-ocr\data\001665.jpg,"[""C:\\Users\\jsw58\\Desktop\\itda-ocr\\data\\001665.jpg""]",existing_300,existing_300:227,1,"[{""source_record_id"": ""existing_300:227"", ""source"": ""existing_300"", ""source_path"": ""C:\\Users\\jsw58\\Desktop\\itda-ocr\\labels\\labels_300.csv"", ""source_row"": 227, ""image_id"": ""1665"", ""raw"": {""file_name"": ""001665.jpg"", ""image_id"": ""1665"", ""year"": ""2021"", ""month"": ""01"", ""day"": ""28"", ""final_date"": ""2021-01-28"", ""notes"": """", ""Unnamed: 7"": """"}, ""canonical"": {""year"": ""2021"", ""month"": ""01"", ""day"": ""28"", ""final_date"": ""2021-01-28""}, ""review_reason"": [], ""details"": [], ""format_changes"": []}]",2021,01,28,2021-01-28,001665.jpg,,,2021,01,28,2021-01-28,[],[],[],[],[],[],[],[],[],[],[],[],2021,01,28,2021-01-28,,,,,,ready_for_review,false,,,,false
1673,C:\Users\jsw58\Desktop\itda-ocr\data\001673.jpg,"[""C:\\Users\\jsw58\\Desktop\\itda-ocr\\data\\001673.jpg""]",incoming_432,incoming_432:173,1,[],[],[],[],[],[],[],[],[],[],[],[],"[{""source_record_id"": ""incoming_432:173"", ""source"": ""incoming_432"", ""source_path"": ""C:\\Users\\jsw58\\Downloads\\labelling data.csv"", ""source_row"": 173, ""image_id"": ""1673"", ""raw"": {""image_id"": ""1673"", ""year"": ""2021"", ""month"": ""5"", ""day"": ""19"", ""final_date"": ""2021-05-19""}, ""canonical"": {""year"": ""2021"", ""month"": ""05"", ""day"": ""19"", ""final_date"": ""2021-05-19""}, ""review_reason"": [], ""details"": [], ""format_changes"": [""month""]}]",2021,5,19,2021-05-19,,,,2021,05,19,2021-05-19,2021,05,19,2021-05-19,,,,,,ready_for_review,false,,,,false
1675,C:\Users\jsw58\Desktop\itda-ocr\data\001675.jpg,"[""C:\\Users\\jsw58\\Desktop\\itda-ocr\\data\\001675.jpg""]",incoming_432,incoming_432:174,1,[],[],[],[],[],[],[],[],[],[],[],[],"[{""source_record_id"": ""incoming_432:174"", ""source"": ""incoming_432"", ""source_path"": ""C:\\Users\\jsw58\\Downloads\\labelling data.csv"", ""source_row"": 174, ""image_id"": ""1675"", ""raw"": {""image_id"": ""1675"", ""year"": ""2021"", ""month"": ""3"", ""day"": ""15"", ""final_date"": ""2021-03-15""}, ""canonical"": {""year"": ""2021"", ""month"": ""03"", ""day"": ""15"", ""final_date"": ""2021-03-15""}, ""review_reason"": [], ""details"": [], ""format_changes"": [""month""]}]",2021,3,15,2021-03-15,,,,2021,03,15,2021-03-15,2021,03,15,2021-03-15,,,,,,ready_for_review,false,,,,false
1677,C:\Users\jsw58\Desktop\itda-ocr\data\001677.jpg,"[""C:\\Users\\jsw58\\Desktop\\itda-ocr\\data\\001677.jpg""]",incoming_432,incoming_432:175,1,[],[],[],[],[],[],[],[],[],[],[],[],"[{""source_record_id"": ""incoming_432:175"", ""source"": ""incoming_432"", ""source_path"": ""C:\\Users\\jsw58\\Downloads\\labelling data.csv"", ""source_row"": 175, ""image_id"": ""1677"", ""raw"": {""image_id"": ""1677"", ""year"": ""2021"", ""month"": ""11"", ""day"": ""28"", ""final_date"": ""2021-11-28""}, ""canonical"": {""year"": ""2021"", ""month"": ""11"", ""day"": ""28"", ""final_date"": ""2021-11-28""}, ""review_reason"": [], ""details"": [], ""format_changes"": []}]",2021,11,28,2021-11-28,,,,2021,11,28,2021-11-28,2021,11,28,2021-11-28,,,,,,ready_for_review,false,,,,false
1679,C:\Users\jsw58\Desktop\itda-ocr\data\001679.jpg,"[""C:\\Users\\jsw58\\Desktop\\itda-ocr\\data\\001679.jpg""]",incoming_432,incoming_432:176,1,[],[],[],[],[],[],[],[],[],[],[],[],"[{""source_record_id"": ""incoming_432:176"", ""source"": ""incoming_432"", ""source_path"": ""C:\\Users\\jsw58\\Downloads\\labelling data.csv"", ""source_row"": 176, ""image_id"": ""1679"", ""raw"": {""image_id"": ""1679"", ""year"": ""2021"", ""month"": ""3"", ""day"": ""16"", ""final_date"": ""2021-03-16""}, ""canonical"": {""year"": ""2021"", ""month"": ""03"", ""day"": ""16"", ""final_date"": ""2021-03-16""}, ""review_reason"": [], ""details"": [], ""format_changes"": [""month""]}]",2021,3,16,2021-03-16,,,,2021,03,16,2021-03-16,2021,03,16,2021-03-16,,,,,,ready_for_review,false,,,,false
1681,C:\Users\jsw58\Desktop\itda-ocr\data\001681.jpg,"[""C:\\Users\\jsw58\\Desktop\\itda-ocr\\data\\001681.jpg""]",incoming_432,incoming_432:177,1,[],[],[],[],[],[],[],[],[],[],[],[],"[{""source_record_id"": ""incoming_432:177"", ""source"": ""incoming_432"", ""source_path"": ""C:\\Users\\jsw58\\Downloads\\labelling data.csv"", ""source_row"": 177, ""image_id"": ""1681"", ""raw"": {""image_id"": ""1681"", ""year"": ""2022"", ""month"": ""10"", ""day"": ""22"", ""final_date"": ""2022-10-22""}, ""canonical"": {""year"": ""2022"", ""month"": ""10"", ""day"": ""22"", ""final_date"": ""2022-10-22""}, ""review_reason"": [], ""details"": [], ""format_changes"": []}]",2022,10,22,2022-10-22,,,,2022,10,22,2022-10-22,2022,10,22,2022-10-22,,,,,,ready_for_review,false,,,,false
1682,C:\Users\jsw58\Desktop\itda-ocr\data\001682.jpg,"[""C:\\Users\\jsw58\\Desktop\\itda-ocr\\data\\001682.jpg""]",incoming_432,incoming_432:178,1,[],[],[],[],[],[],[],[],[],[],[],[],"[{""source_record_id"": ""incoming_432:178"", ""source"": ""incoming_432"", ""source_path"": ""C:\\Users\\jsw58\\Downloads\\labelling data.csv"", ""source_row"": 178, ""image_id"": ""1682"", ""raw"": {""image_id"": ""1682"", ""year"": ""2022"", ""month"": ""10"", ""day"": ""22"", ""final_date"": ""2022-10-22""}, ""canonical"": {""year"": ""2022"", ""month"": ""10"", ""day"": ""22"", ""final_date"": ""2022-10-22""}, ""review_reason"": [], ""details"": [], ""format_changes"": []}]",2022,10,22,2022-10-22,,,,2022,10,22,2022-10-22,2022,10,22,2022-10-22,,,,,,ready_for_review,false,,,,false
1683,C:\Users\jsw58\Desktop\itda-ocr\data\001683.jpg,"[""C:\\Users\\jsw58\\Desktop\\itda-ocr\\data\\001683.jpg""]",existing_300,existing_300:76,1,"[{""source_record_id"": ""existing_300:76"", ""source"": ""existing_300"", ""source_path"": ""C:\\Users\\jsw58\\Desktop\\itda-ocr\\labels\\labels_300.csv"", ""source_row"": 76, ""image_id"": ""1683"", ""raw"": {""file_name"": ""001683.jpg"", ""image_id"": ""1683"", ""year"": ""2021"", ""month"": ""11"", ""day"": ""14"", ""final_date"": ""2021-11-14"", ""notes"": ""DD/MM/YYYY"", ""Unnamed: 7"": """"}, ""canonical"": {""year"": ""2021"", ""month"": ""11"", ""day"": ""14"", ""final_date"": ""2021-11-14""}, ""review_reason"": [], ""details"": [], ""format_changes"": []}]",2021,11,14,2021-11-14,001683.jpg,DD/MM/YYYY,,2021,11,14,2021-11-14,[],[],[],[],[],[],[],[],[],[],[],[],2021,11,14,2021-11-14,,,,,,ready_for_review,false,,,,false
1684,C:\Users\jsw58\Desktop\itda-ocr\data\001684.jpg,"[""C:\\Users\\jsw58\\Desktop\\itda-ocr\\data\\001684.jpg""]",incoming_432,incoming_432:179,1,[],[],[],[],[],[],[],[],[],[],[],[],"[{""source_record_id"": ""incoming_432:179"", ""source"": ""incoming_432"", ""source_path"": ""C:\\Users\\jsw58\\Downloads\\labelling data.csv"", ""source_row"": 179, ""image_id"": ""1684"", ""raw"": {""image_id"": ""1684"", ""year"": ""2021"", ""month"": ""11"", ""day"": ""14"", ""final_date"": ""2021-11-14""}, ""canonical"": {""year"": ""2021"", ""month"": ""11"", ""day"": ""14"", ""final_date"": ""2021-11-14""}, ""review_reason"": [], ""details"": [], ""format_changes"": []}]",2021,11,14,2021-11-14,,,,2021,11,14,2021-11-14,2021,11,14,2021-11-14,,,,,,ready_for_review,false,,,,false
1685,C:\Users\jsw58\Desktop\itda-ocr\data\001685.jpg,"[""C:\\Users\\jsw58\\Desktop\\itda-ocr\\data\\001685.jpg""]",incoming_432,incoming_432:180,1,[],[],[],[],[],[],[],[],[],[],[],[],"[{""source_record_id"": ""incoming_432:180"", ""source"": ""incoming_432"", ""source_path"": ""C:\\Users\\jsw58\\Downloads\\labelling data.csv"", ""source_row"": 180, ""image_id"": ""1685"", ""raw"": {""image_id"": ""1685"", ""year"": ""2021"", ""month"": ""11"", ""day"": ""29"", ""final_date"": ""2021-11-29""}, ""canonical"": {""year"": ""2021"", ""month"": ""11"", ""day"": ""29"", ""final_date"": ""2021-11-29""}, ""review_reason"": [], ""details"": [], ""format_changes"": []}]",2021,11,29,2021-11-29,,,,2021,11,29,2021-11-29,2021,11,29,2021-11-29,,,,,,ready_for_review,false,,,,false
1686,C:\Users\jsw58\Desktop\itda-ocr\data\001686.jpg,"[""C:\\Users\\jsw58\\Desktop\\itda-ocr\\data\\001686.jpg""]",incoming_432,incoming_432:181,1,[],[],[],[],[],[],[],[],[],[],[],[],"[{""source_record_id"": ""incoming_432:181"", ""source"": ""incoming_432"", ""source_path"": ""C:\\Users\\jsw58\\Downloads\\labelling data.csv"", ""source_row"": 181, ""image_id"": ""1686"", ""raw"": {""image_id"": ""1686"", ""year"": ""2020"", ""month"": ""11"", ""day"": ""27"", ""final_date"": ""2020-11-27""}, ""canonical"": {""year"": ""2020"", ""month"": ""11"", ""day"": ""27"", ""final_date"": ""2020-11-27""}, ""review_reason"": [], ""details"": [], ""format_changes"": []}]",2020,11,27,2020-11-27,,,,2020,11,27,2020-11-27,2020,11,27,2020-11-27,,,,,,ready_for_review,false,,,,false
1689,C:\Users\jsw58\Desktop\itda-ocr\data\001689.jpg,"[""C:\\Users\\jsw58\\Desktop\\itda-ocr\\data\\001689.jpg""]",incoming_432,incoming_432:182,1,[],[],[],[],[],[],[],[],[],[],[],[],"[{""source_record_id"": ""incoming_432:182"", ""source"": ""incoming_432"", ""source_path"": ""C:\\Users\\jsw58\\Downloads\\labelling data.csv"", ""source_row"": 182, ""image_id"": ""1689"", ""raw"": {""image_id"": ""1689"", ""year"": ""2021"", ""month"": ""7"", ""day"": ""21"", ""final_date"": ""2021-07-21""}, ""canonical"": {""year"": ""2021"", ""month"": ""07"", ""day"": ""21"", ""final_date"": ""2021-07-21""}, ""review_reason"": [], ""details"": [], ""format_changes"": [""month""]}]",2021,7,21,2021-07-21,,,,2021,07,21,2021-07-21,2021,07,21,2021-07-21,,,,,,ready_for_review,false,,,,false
1695,C:\Users\jsw58\Desktop\itda-ocr\data\001695.jpg,"[""C:\\Users\\jsw58\\Desktop\\itda-ocr\\data\\001695.jpg""]",incoming_432,incoming_432:183,1,[],[],[],[],[],[],[],[],[],[],[],[],"[{""source_record_id"": ""incoming_432:183"", ""source"": ""incoming_432"", ""source_path"": ""C:\\Users\\jsw58\\Downloads\\labelling data.csv"", ""source_row"": 183, ""image_id"": ""1695"", ""raw"": {""image_id"": ""1695"", ""year"": ""2022"", ""month"": ""7"", ""day"": ""1"", ""final_date"": ""2022-07-01""}, ""canonical"": {""year"": ""2022"", ""month"": ""07"", ""day"": ""01"", ""final_date"": ""2022-07-01""}, ""review_reason"": [], ""details"": [], ""format_changes"": [""month"", ""day""]}]",2022,7,1,2022-07-01,,,,2022,07,01,2022-07-01,2022,07,01,2022-07-01,,,,,,ready_for_review,false,,,,false
1697,C:\Users\jsw58\Desktop\itda-ocr\data\001697.jpg,"[""C:\\Users\\jsw58\\Desktop\\itda-ocr\\data\\001697.jpg""]",incoming_432,incoming_432:184,1,[],[],[],[],[],[],[],[],[],[],[],[],"[{""source_record_id"": ""incoming_432:184"", ""source"": ""incoming_432"", ""source_path"": ""C:\\Users\\jsw58\\Downloads\\labelling data.csv"", ""source_row"": 184, ""image_id"": ""1697"", ""raw"": {""image_id"": ""1697"", ""year"": ""2022"", ""month"": ""6"", ""day"": ""23"", ""final_date"": ""2022-06-23""}, ""canonical"": {""year"": ""2022"", ""month"": ""06"", ""day"": ""23"", ""final_date"": ""2022-06-23""}, ""review_reason"": [], ""details"": [], ""format_changes"": [""month""]}]",2022,6,23,2022-06-23,,,,2022,06,23,2022-06-23,2022,06,23,2022-06-23,,,,,,ready_for_review,false,,,,false
1701,C:\Users\jsw58\Desktop\itda-ocr\data\001701.jpg,"[""C:\\Users\\jsw58\\Desktop\\itda-ocr\\data\\001701.jpg""]",incoming_432,incoming_432:185,1,[],[],[],[],[],[],[],[],[],[],[],[],"[{""source_record_id"": ""incoming_432:185"", ""source"": ""incoming_432"", ""source_path"": ""C:\\Users\\jsw58\\Downloads\\labelling data.csv"", ""source_row"": 185, ""image_id"": ""1701"", ""raw"": {""image_id"": ""1701"", ""year"": ""2021"", ""month"": ""10"", ""day"": ""27"", ""final_date"": ""2021-10-27""}, ""canonical"": {""year"": ""2021"", ""month"": ""10"", ""day"": ""27"", ""final_date"": ""2021-10-27""}, ""review_reason"": [], ""details"": [], ""format_changes"": []}]",2021,10,27,2021-10-27,,,,2021,10,27,2021-10-27,2021,10,27,2021-10-27,,,,,,ready_for_review,false,,,,false
1703,C:\Users\jsw58\Desktop\itda-ocr\data\001703.jpg,"[""C:\\Users\\jsw58\\Desktop\\itda-ocr\\data\\001703.jpg""]",incoming_432,incoming_432:186,1,[],[],[],[],[],[],[],[],[],[],[],[],"[{""source_record_id"": ""incoming_432:186"", ""source"": ""incoming_432"", ""source_path"": ""C:\\Users\\jsw58\\Downloads\\labelling data.csv"", ""source_row"": 186, ""image_id"": ""1703"", ""raw"": {""image_id"": ""1703"", ""year"": ""2021"", ""month"": ""7"", ""day"": ""16"", ""final_date"": ""2021-07-16""}, ""canonical"": {""year"": ""2021"", ""month"": ""07"", ""day"": ""16"", ""final_date"": ""2021-07-16""}, ""review_reason"": [], ""details"": [], ""format_changes"": [""month""]}]",2021,7,16,2021-07-16,,,,2021,07,16,2021-07-16,2021,07,16,2021-07-16,,,,,,ready_for_review,false,,,,false
1705,C:\Users\jsw58\Desktop\itda-ocr\data\001705.jpg,"[""C:\\Users\\jsw58\\Desktop\\itda-ocr\\data\\001705.jpg""]",existing_300,existing_300:228,1,"[{""source_record_id"": ""existing_300:228"", ""source"": ""existing_300"", ""source_path"": ""C:\\Users\\jsw58\\Desktop\\itda-ocr\\labels\\labels_300.csv"", ""source_row"": 228, ""image_id"": ""1705"", ""raw"": {""file_name"": ""001705.jpg"", ""image_id"": ""1705"", ""year"": ""2021"", ""month"": ""06"", ""day"": ""04"", ""final_date"": ""2021-06-04"", ""notes"": ""유통기한"", ""Unnamed: 7"": """"}, ""canonical"": {""year"": ""2021"", ""month"": ""06"", ""day"": ""04"", ""final_date"": ""2021-06-04""}, ""review_reason"": [], ""details"": [], ""format_changes"": []}]",2021,06,04,2021-06-04,001705.jpg,유통기한,,2021,06,04,2021-06-04,[],[],[],[],[],[],[],[],[],[],[],[],2021,06,04,2021-06-04,,,,,,ready_for_review,false,,,,false
1706,C:\Users\jsw58\Desktop\itda-ocr\data\001706.jpg,"[""C:\\Users\\jsw58\\Desktop\\itda-ocr\\data\\001706.jpg""]",incoming_432,incoming_432:187,1,[],[],[],[],[],[],[],[],[],[],[],[],"[{""source_record_id"": ""incoming_432:187"", ""source"": ""incoming_432"", ""source_path"": ""C:\\Users\\jsw58\\Downloads\\labelling data.csv"", ""source_row"": 187, ""image_id"": ""1706"", ""raw"": {""image_id"": ""1706"", ""year"": ""2021"", ""month"": ""6"", ""day"": ""4"", ""final_date"": ""2021-06-04""}, ""canonical"": {""year"": ""2021"", ""month"": ""06"", ""day"": ""04"", ""final_date"": ""2021-06-04""}, ""review_reason"": [], ""details"": [], ""format_changes"": [""month"", ""day""]}]",2021,6,4,2021-06-04,,,,2021,06,04,2021-06-04,2021,06,04,2021-06-04,,,,,,ready_for_review,false,,,,false
1710,C:\Users\jsw58\Desktop\itda-ocr\data\001710.jpg,"[""C:\\Users\\jsw58\\Desktop\\itda-ocr\\data\\001710.jpg""]",incoming_432,incoming_432:188,1,[],[],[],[],[],[],[],[],[],[],[],[],"[{""source_record_id"": ""incoming_432:188"", ""source"": ""incoming_432"", ""source_path"": ""C:\\Users\\jsw58\\Downloads\\labelling data.csv"", ""source_row"": 188, ""image_id"": ""1710"", ""raw"": {""image_id"": ""1710"", ""year"": ""2021"", ""month"": ""10"", ""day"": ""15"", ""final_date"": ""2021-10-15""}, ""canonical"": {""year"": ""2021"", ""month"": ""10"", ""day"": ""15"", ""final_date"": ""2021-10-15""}, ""review_reason"": [], ""details"": [], ""format_changes"": []}]",2021,10,15,2021-10-15,,,,2021,10,15,2021-10-15,2021,10,15,2021-10-15,,,,,,ready_for_review,false,,,,false
1711,C:\Users\jsw58\Desktop\itda-ocr\data\001711.jpg,"[""C:\\Users\\jsw58\\Desktop\\itda-ocr\\data\\001711.jpg""]",incoming_432,incoming_432:189,1,[],[],[],[],[],[],[],[],[],[],[],[],"[{""source_record_id"": ""incoming_432:189"", ""source"": ""incoming_432"", ""source_path"": ""C:\\Users\\jsw58\\Downloads\\labelling data.csv"", ""source_row"": 189, ""image_id"": ""1711"", ""raw"": {""image_id"": ""1711"", ""year"": ""2021"", ""month"": ""10"", ""day"": ""15"", ""final_date"": ""2021-10-15""}, ""canonical"": {""year"": ""2021"", ""month"": ""10"", ""day"": ""15"", ""final_date"": ""2021-10-15""}, ""review_reason"": [], ""details"": [], ""format_changes"": []}]",2021,10,15,2021-10-15,,,,2021,10,15,2021-10-15,2021,10,15,2021-10-15,,,,,,ready_for_review,false,,,,false
1714,C:\Users\jsw58\Desktop\itda-ocr\data\001714.jpg,"[""C:\\Users\\jsw58\\Desktop\\itda-ocr\\data\\001714.jpg""]",incoming_432,incoming_432:190,1,[],[],[],[],[],[],[],[],[],[],[],[],"[{""source_record_id"": ""incoming_432:190"", ""source"": ""incoming_432"", ""source_path"": ""C:\\Users\\jsw58\\Downloads\\labelling data.csv"", ""source_row"": 190, ""image_id"": ""1714"", ""raw"": {""image_id"": ""1714"", ""year"": ""2021"", ""month"": ""8"", ""day"": ""9"", ""final_date"": ""2021-08-09""}, ""canonical"": {""year"": ""2021"", ""month"": ""08"", ""day"": ""09"", ""final_date"": ""2021-08-09""}, ""review_reason"": [], ""details"": [], ""format_changes"": [""month"", ""day""]}]",2021,8,9,2021-08-09,,,,2021,08,09,2021-08-09,2021,08,09,2021-08-09,,,,,,ready_for_review,false,,,,false
1716,C:\Users\jsw58\Desktop\itda-ocr\data\001716.jpg,"[""C:\\Users\\jsw58\\Desktop\\itda-ocr\\data\\001716.jpg""]",incoming_432,incoming_432:191,1,[],[],[],[],[],[],[],[],[],[],[],[],"[{""source_record_id"": ""incoming_432:191"", ""source"": ""incoming_432"", ""source_path"": ""C:\\Users\\jsw58\\Downloads\\labelling data.csv"", ""source_row"": 191, ""image_id"": ""1716"", ""raw"": {""image_id"": ""1716"", ""year"": ""2021"", ""month"": ""2"", ""day"": ""7"", ""final_date"": ""2021-02-07""}, ""canonical"": {""year"": ""2021"", ""month"": ""02"", ""day"": ""07"", ""final_date"": ""2021-02-07""}, ""review_reason"": [], ""details"": [], ""format_changes"": [""month"", ""day""]}]",2021,2,7,2021-02-07,,,,2021,02,07,2021-02-07,2021,02,07,2021-02-07,,,,,,ready_for_review,false,,,,false
1718,C:\Users\jsw58\Desktop\itda-ocr\data\001718.jpg,"[""C:\\Users\\jsw58\\Desktop\\itda-ocr\\data\\001718.jpg""]",incoming_432,incoming_432:192,1,[],[],[],[],[],[],[],[],[],[],[],[],"[{""source_record_id"": ""incoming_432:192"", ""source"": ""incoming_432"", ""source_path"": ""C:\\Users\\jsw58\\Downloads\\labelling data.csv"", ""source_row"": 192, ""image_id"": ""1718"", ""raw"": {""image_id"": ""1718"", ""year"": ""2021"", ""month"": ""2"", ""day"": ""8"", ""final_date"": ""2021-02-08""}, ""canonical"": {""year"": ""2021"", ""month"": ""02"", ""day"": ""08"", ""final_date"": ""2021-02-08""}, ""review_reason"": [], ""details"": [], ""format_changes"": [""month"", ""day""]}]",2021,2,8,2021-02-08,,,,2021,02,08,2021-02-08,2021,02,08,2021-02-08,,,,,,ready_for_review,false,,,,false
1720,C:\Users\jsw58\Desktop\itda-ocr\data\001720.jpg,"[""C:\\Users\\jsw58\\Desktop\\itda-ocr\\data\\001720.jpg""]",incoming_432,incoming_432:193,1,[],[],[],[],[],[],[],[],[],[],[],[],"[{""source_record_id"": ""incoming_432:193"", ""source"": ""incoming_432"", ""source_path"": ""C:\\Users\\jsw58\\Downloads\\labelling data.csv"", ""source_row"": 193, ""image_id"": ""1720"", ""raw"": {""image_id"": ""1720"", ""year"": ""2021"", ""month"": ""3"", ""day"": ""11"", ""final_date"": ""2021-03-11""}, ""canonical"": {""year"": ""2021"", ""month"": ""03"", ""day"": ""11"", ""final_date"": ""2021-03-11""}, ""review_reason"": [], ""details"": [], ""format_changes"": [""month""]}]",2021,3,11,2021-03-11,,,,2021,03,11,2021-03-11,2021,03,11,2021-03-11,,,,,,ready_for_review,false,,,,false
1721,C:\Users\jsw58\Desktop\itda-ocr\data\001721.jpg,"[""C:\\Users\\jsw58\\Desktop\\itda-ocr\\data\\001721.jpg""]",incoming_432,incoming_432:194,1,[],[],[],[],[],[],[],[],[],[],[],[],"[{""source_record_id"": ""incoming_432:194"", ""source"": ""incoming_432"", ""source_path"": ""C:\\Users\\jsw58\\Downloads\\labelling data.csv"", ""source_row"": 194, ""image_id"": ""1721"", ""raw"": {""image_id"": ""1721"", ""year"": ""2021"", ""month"": ""7"", ""day"": ""6"", ""final_date"": ""2021-07-06""}, ""canonical"": {""year"": ""2021"", ""month"": ""07"", ""day"": ""06"", ""final_date"": ""2021-07-06""}, ""review_reason"": [], ""details"": [], ""format_changes"": [""month"", ""day""]}]",2021,7,6,2021-07-06,,,,2021,07,06,2021-07-06,2021,07,06,2021-07-06,,,,,,ready_for_review,false,,,,false
1723,C:\Users\jsw58\Desktop\itda-ocr\data\001723.jpg,"[""C:\\Users\\jsw58\\Desktop\\itda-ocr\\data\\001723.jpg""]",incoming_432,incoming_432:195,1,[],[],[],[],[],[],[],[],[],[],[],[],"[{""source_record_id"": ""incoming_432:195"", ""source"": ""incoming_432"", ""source_path"": ""C:\\Users\\jsw58\\Downloads\\labelling data.csv"", ""source_row"": 195, ""image_id"": ""1723"", ""raw"": {""image_id"": ""1723"", ""year"": ""2021"", ""month"": ""5"", ""day"": ""13"", ""final_date"": ""2021-05-13""}, ""canonical"": {""year"": ""2021"", ""month"": ""05"", ""day"": ""13"", ""final_date"": ""2021-05-13""}, ""review_reason"": [], ""details"": [], ""format_changes"": [""month""]}]",2021,5,13,2021-05-13,,,,2021,05,13,2021-05-13,2021,05,13,2021-05-13,,,,,,ready_for_review,false,,,,false
1728,C:\Users\jsw58\Desktop\itda-ocr\data\001728.jpg,"[""C:\\Users\\jsw58\\Desktop\\itda-ocr\\data\\001728.jpg""]",incoming_432,incoming_432:196,1,[],[],[],[],[],[],[],[],[],[],[],[],"[{""source_record_id"": ""incoming_432:196"", ""source"": ""incoming_432"", ""source_path"": ""C:\\Users\\jsw58\\Downloads\\labelling data.csv"", ""source_row"": 196, ""image_id"": ""1728"", ""raw"": {""image_id"": ""1728"", ""year"": ""2021"", ""month"": ""2"", ""day"": ""8"", ""final_date"": ""2021-02-08""}, ""canonical"": {""year"": ""2021"", ""month"": ""02"", ""day"": ""08"", ""final_date"": ""2021-02-08""}, ""review_reason"": [], ""details"": [], ""format_changes"": [""month"", ""day""]}]",2021,2,8,2021-02-08,,,,2021,02,08,2021-02-08,2021,02,08,2021-02-08,,,,,,ready_for_review,false,,,,false
1730,C:\Users\jsw58\Desktop\itda-ocr\data\001730.jpg,"[""C:\\Users\\jsw58\\Desktop\\itda-ocr\\data\\001730.jpg""]",incoming_432,incoming_432:197,1,[],[],[],[],[],[],[],[],[],[],[],[],"[{""source_record_id"": ""incoming_432:197"", ""source"": ""incoming_432"", ""source_path"": ""C:\\Users\\jsw58\\Downloads\\labelling data.csv"", ""source_row"": 197, ""image_id"": ""1730"", ""raw"": {""image_id"": ""1730"", ""year"": ""2021"", ""month"": ""10"", ""day"": ""2"", ""final_date"": ""2021-10-02""}, ""canonical"": {""year"": ""2021"", ""month"": ""10"", ""day"": ""02"", ""final_date"": ""2021-10-02""}, ""review_reason"": [], ""details"": [], ""format_changes"": [""day""]}]",2021,10,2,2021-10-02,,,,2021,10,02,2021-10-02,2021,10,02,2021-10-02,,,,,,ready_for_review,false,,,,false
1733,C:\Users\jsw58\Desktop\itda-ocr\data\001733.jpg,"[""C:\\Users\\jsw58\\Desktop\\itda-ocr\\data\\001733.jpg""]",incoming_432,incoming_432:198,1,[],[],[],[],[],[],[],[],[],[],[],[],"[{""source_record_id"": ""incoming_432:198"", ""source"": ""incoming_432"", ""source_path"": ""C:\\Users\\jsw58\\Downloads\\labelling data.csv"", ""source_row"": 198, ""image_id"": ""1733"", ""raw"": {""image_id"": ""1733"", ""year"": ""2022"", ""month"": ""11"", ""day"": ""18"", ""final_date"": ""2022-11-18""}, ""canonical"": {""year"": ""2022"", ""month"": ""11"", ""day"": ""18"", ""final_date"": ""2022-11-18""}, ""review_reason"": [], ""details"": [], ""format_changes"": []}]",2022,11,18,2022-11-18,,,,2022,11,18,2022-11-18,2022,11,18,2022-11-18,,,,,,ready_for_review,false,,,,false
1734,C:\Users\jsw58\Desktop\itda-ocr\data\001734.jpg,"[""C:\\Users\\jsw58\\Desktop\\itda-ocr\\data\\001734.jpg""]",incoming_432,incoming_432:199,1,[],[],[],[],[],[],[],[],[],[],[],[],"[{""source_record_id"": ""incoming_432:199"", ""source"": ""incoming_432"", ""source_path"": ""C:\\Users\\jsw58\\Downloads\\labelling data.csv"", ""source_row"": 199, ""image_id"": ""1734"", ""raw"": {""image_id"": ""1734"", ""year"": ""2022"", ""month"": ""1"", ""day"": ""20"", ""final_date"": ""2022-01-20""}, ""canonical"": {""year"": ""2022"", ""month"": ""01"", ""day"": ""20"", ""final_date"": ""2022-01-20""}, ""review_reason"": [], ""details"": [], ""format_changes"": [""month""]}]",2022,1,20,2022-01-20,,,,2022,01,20,2022-01-20,2022,01,20,2022-01-20,,,,,,ready_for_review,false,,,,false
1737,C:\Users\jsw58\Desktop\itda-ocr\data\001737.jpg,"[""C:\\Users\\jsw58\\Desktop\\itda-ocr\\data\\001737.jpg""]",incoming_432,incoming_432:200,1,[],[],[],[],[],[],[],[],[],[],[],[],"[{""source_record_id"": ""incoming_432:200"", ""source"": ""incoming_432"", ""source_path"": ""C:\\Users\\jsw58\\Downloads\\labelling data.csv"", ""source_row"": 200, ""image_id"": ""1737"", ""raw"": {""image_id"": ""1737"", ""year"": ""2021"", ""month"": ""2"", ""day"": ""8"", ""final_date"": ""2021-02-08""}, ""canonical"": {""year"": ""2021"", ""month"": ""02"", ""day"": ""08"", ""final_date"": ""2021-02-08""}, ""review_reason"": [], ""details"": [], ""format_changes"": [""month"", ""day""]}]",2021,2,8,2021-02-08,,,,2021,02,08,2021-02-08,2021,02,08,2021-02-08,,,,,,ready_for_review,false,,,,false
1739,C:\Users\jsw58\Desktop\itda-ocr\data\001739.jpg,"[""C:\\Users\\jsw58\\Desktop\\itda-ocr\\data\\001739.jpg""]",incoming_432,incoming_432:201,1,[],[],[],[],[],[],[],[],[],[],[],[],"[{""source_record_id"": ""incoming_432:201"", ""source"": ""incoming_432"", ""source_path"": ""C:\\Users\\jsw58\\Downloads\\labelling data.csv"", ""source_row"": 201, ""image_id"": ""1739"", ""raw"": {""image_id"": ""1739"", ""year"": ""2022"", ""month"": ""1"", ""day"": ""5"", ""final_date"": ""2022-01-05""}, ""canonical"": {""year"": ""2022"", ""month"": ""01"", ""day"": ""05"", ""final_date"": ""2022-01-05""}, ""review_reason"": [], ""details"": [], ""format_changes"": [""month"", ""day""]}]",2022,1,5,2022-01-05,,,,2022,01,05,2022-01-05,2022,01,05,2022-01-05,,,,,,ready_for_review,false,,,,false
1741,C:\Users\jsw58\Desktop\itda-ocr\data\001741.jpg,"[""C:\\Users\\jsw58\\Desktop\\itda-ocr\\data\\001741.jpg""]",existing_300;incoming_432,existing_300:77;incoming_432:202,2,"[{""source_record_id"": ""existing_300:77"", ""source"": ""existing_300"", ""source_path"": ""C:\\Users\\jsw58\\Desktop\\itda-ocr\\labels\\labels_300.csv"", ""source_row"": 77, ""image_id"": ""1741"", ""raw"": {""file_name"": ""001741.jpg"", ""image_id"": ""1741"", ""year"": ""2022"", ""month"": ""11"", ""day"": ""01"", ""final_date"": ""2022-11-01"", ""notes"": """", ""Unnamed: 7"": """"}, ""canonical"": {""year"": ""2022"", ""month"": ""11"", ""day"": ""01"", ""final_date"": ""2022-11-01""}, ""review_reason"": [], ""details"": [], ""format_changes"": []}]",2022,11,01,2022-11-01,001741.jpg,,,2022,11,01,2022-11-01,"[{""source_record_id"": ""incoming_432:202"", ""source"": ""incoming_432"", ""source_path"": ""C:\\Users\\jsw58\\Downloads\\labelling data.csv"", ""source_row"": 202, ""image_id"": ""1741"", ""raw"": {""image_id"": ""1741"", ""year"": ""2022"", ""month"": ""11"", ""day"": ""1"", ""final_date"": ""2022-11-01""}, ""canonical"": {""year"": ""2022"", ""month"": ""11"", ""day"": ""01"", ""final_date"": ""2022-11-01""}, ""review_reason"": [], ""details"": [], ""format_changes"": [""day""]}]",2022,11,1,2022-11-01,,,,2022,11,01,2022-11-01,2022,11,01,2022-11-01,,,,,,ready_for_review,false,,,,false
1742,C:\Users\jsw58\Desktop\itda-ocr\data\001742.jpg,"[""C:\\Users\\jsw58\\Desktop\\itda-ocr\\data\\001742.jpg""]",existing_300,existing_300:78,1,"[{""source_record_id"": ""existing_300:78"", ""source"": ""existing_300"", ""source_path"": ""C:\\Users\\jsw58\\Desktop\\itda-ocr\\labels\\labels_300.csv"", ""source_row"": 78, ""image_id"": ""1742"", ""raw"": {""file_name"": ""001742.jpg"", ""image_id"": ""1742"", ""year"": ""2021"", ""month"": ""10"", ""day"": ""26"", ""final_date"": ""2021-10-26"", ""notes"": """", ""Unnamed: 7"": """"}, ""canonical"": {""year"": ""2021"", ""month"": ""10"", ""day"": ""26"", ""final_date"": ""2021-10-26""}, ""review_reason"": [], ""details"": [], ""format_changes"": []}]",2021,10,26,2021-10-26,001742.jpg,,,2021,10,26,2021-10-26,[],[],[],[],[],[],[],[],[],[],[],[],2021,10,26,2021-10-26,,,,,,ready_for_review,false,,,,false
1745,C:\Users\jsw58\Desktop\itda-ocr\data\001745.jpg,"[""C:\\Users\\jsw58\\Desktop\\itda-ocr\\data\\001745.jpg""]",incoming_432,incoming_432:203,1,[],[],[],[],[],[],[],[],[],[],[],[],"[{""source_record_id"": ""incoming_432:203"", ""source"": ""incoming_432"", ""source_path"": ""C:\\Users\\jsw58\\Downloads\\labelling data.csv"", ""source_row"": 203, ""image_id"": ""1745"", ""raw"": {""image_id"": ""1745"", ""year"": ""2022"", ""month"": ""1"", ""day"": ""28"", ""final_date"": ""2022-01-28""}, ""canonical"": {""year"": ""2022"", ""month"": ""01"", ""day"": ""28"", ""final_date"": ""2022-01-28""}, ""review_reason"": [], ""details"": [], ""format_changes"": [""month""]}]",2022,1,28,2022-01-28,,,,2022,01,28,2022-01-28,2022,01,28,2022-01-28,,,,,,ready_for_review,false,,,,false
1746,C:\Users\jsw58\Desktop\itda-ocr\data\001746.jpg,"[""C:\\Users\\jsw58\\Desktop\\itda-ocr\\data\\001746.jpg""]",existing_300,existing_300:229,1,"[{""source_record_id"": ""existing_300:229"", ""source"": ""existing_300"", ""source_path"": ""C:\\Users\\jsw58\\Desktop\\itda-ocr\\labels\\labels_300.csv"", ""source_row"": 229, ""image_id"": ""1746"", ""raw"": {""file_name"": ""001746.jpg"", ""image_id"": ""1746"", ""year"": ""2021"", ""month"": ""10"", ""day"": ""12"", ""final_date"": ""2021-10-12"", ""notes"": ""숫자 두개 "", ""Unnamed: 7"": """"}, ""canonical"": {""year"": ""2021"", ""month"": ""10"", ""day"": ""12"", ""final_date"": ""2021-10-12""}, ""review_reason"": [], ""details"": [], ""format_changes"": []}]",2021,10,12,2021-10-12,001746.jpg,숫자 두개 ,,2021,10,12,2021-10-12,[],[],[],[],[],[],[],[],[],[],[],[],2021,10,12,2021-10-12,,,,,,ready_for_review,false,,,,false
1747,C:\Users\jsw58\Desktop\itda-ocr\data\001747.jpg,"[""C:\\Users\\jsw58\\Desktop\\itda-ocr\\data\\001747.jpg""]",existing_300;incoming_432,existing_300:230;incoming_432:204,2,"[{""source_record_id"": ""existing_300:230"", ""source"": ""existing_300"", ""source_path"": ""C:\\Users\\jsw58\\Desktop\\itda-ocr\\labels\\labels_300.csv"", ""source_row"": 230, ""image_id"": ""1747"", ""raw"": {""file_name"": ""001747.jpg"", ""image_id"": ""1747"", ""year"": ""2021"", ""month"": ""10"", ""day"": ""12"", ""final_date"": ""2021-10-12"", ""notes"": ""같은 물건인데 더 어둡고 사진이 큼"", ""Unnamed: 7"": """"}, ""canonical"": {""year"": ""2021"", ""month"": ""10"", ""day"": ""12"", ""final_date"": ""2021-10-12""}, ""review_reason"": [], ""details"": [], ""format_changes"": []}]",2021,10,12,2021-10-12,001747.jpg,같은 물건인데 더 어둡고 사진이 큼,,2021,10,12,2021-10-12,"[{""source_record_id"": ""incoming_432:204"", ""source"": ""incoming_432"", ""source_path"": ""C:\\Users\\jsw58\\Downloads\\labelling data.csv"", ""source_row"": 204, ""image_id"": ""1747"", ""raw"": {""image_id"": ""1747"", ""year"": ""2021"", ""month"": ""10"", ""day"": ""12"", ""final_date"": ""2021-10-12""}, ""canonical"": {""year"": ""2021"", ""month"": ""10"", ""day"": ""12"", ""final_date"": ""2021-10-12""}, ""review_reason"": [], ""details"": [], ""format_changes"": []}]",2021,10,12,2021-10-12,,,,2021,10,12,2021-10-12,2021,10,12,2021-10-12,,,,,,ready_for_review,false,,,,false
1749,C:\Users\jsw58\Desktop\itda-ocr\data\001749.jpg,"[""C:\\Users\\jsw58\\Desktop\\itda-ocr\\data\\001749.jpg""]",incoming_432,incoming_432:205,1,[],[],[],[],[],[],[],[],[],[],[],[],"[{""source_record_id"": ""incoming_432:205"", ""source"": ""incoming_432"", ""source_path"": ""C:\\Users\\jsw58\\Downloads\\labelling data.csv"", ""source_row"": 205, ""image_id"": ""1749"", ""raw"": {""image_id"": ""1749"", ""year"": ""2019"", ""month"": ""7"", ""day"": ""3"", ""final_date"": ""2019-07-03""}, ""canonical"": {""year"": ""2019"", ""month"": ""07"", ""day"": ""03"", ""final_date"": ""2019-07-03""}, ""review_reason"": [], ""details"": [], ""format_changes"": [""month"", ""day""]}]",2019,7,3,2019-07-03,,,,2019,07,03,2019-07-03,2019,07,03,2019-07-03,,,,,,ready_for_review,false,,,,false
1751,C:\Users\jsw58\Desktop\itda-ocr\data\001751.jpg,"[""C:\\Users\\jsw58\\Desktop\\itda-ocr\\data\\001751.jpg""]",incoming_432,incoming_432:206,1,[],[],[],[],[],[],[],[],[],[],[],[],"[{""source_record_id"": ""incoming_432:206"", ""source"": ""incoming_432"", ""source_path"": ""C:\\Users\\jsw58\\Downloads\\labelling data.csv"", ""source_row"": 206, ""image_id"": ""1751"", ""raw"": {""image_id"": ""1751"", ""year"": ""2021"", ""month"": ""6"", ""day"": ""28"", ""final_date"": ""2021-06-28""}, ""canonical"": {""year"": ""2021"", ""month"": ""06"", ""day"": ""28"", ""final_date"": ""2021-06-28""}, ""review_reason"": [], ""details"": [], ""format_changes"": [""month""]}]",2021,6,28,2021-06-28,,,,2021,06,28,2021-06-28,2021,06,28,2021-06-28,,,,,,ready_for_review,false,,,,false
1752,C:\Users\jsw58\Desktop\itda-ocr\data\001752.jpg,"[""C:\\Users\\jsw58\\Desktop\\itda-ocr\\data\\001752.jpg""]",existing_300;incoming_432,existing_300:79;incoming_432:207,2,"[{""source_record_id"": ""existing_300:79"", ""source"": ""existing_300"", ""source_path"": ""C:\\Users\\jsw58\\Desktop\\itda-ocr\\labels\\labels_300.csv"", ""source_row"": 79, ""image_id"": ""1752"", ""raw"": {""file_name"": ""001752.jpg"", ""image_id"": ""1752"", ""year"": ""2022"", ""month"": ""01"", ""day"": ""10"", ""final_date"": ""2022-01-10"", ""notes"": """", ""Unnamed: 7"": """"}, ""canonical"": {""year"": ""2022"", ""month"": ""01"", ""day"": ""10"", ""final_date"": ""2022-01-10""}, ""review_reason"": [], ""details"": [], ""format_changes"": []}]",2022,01,10,2022-01-10,001752.jpg,,,2022,01,10,2022-01-10,"[{""source_record_id"": ""incoming_432:207"", ""source"": ""incoming_432"", ""source_path"": ""C:\\Users\\jsw58\\Downloads\\labelling data.csv"", ""source_row"": 207, ""image_id"": ""1752"", ""raw"": {""image_id"": ""1752"", ""year"": ""2022"", ""month"": ""1"", ""day"": ""10"", ""final_date"": ""2022-01-10""}, ""canonical"": {""year"": ""2022"", ""month"": ""01"", ""day"": ""10"", ""final_date"": ""2022-01-10""}, ""review_reason"": [], ""details"": [], ""format_changes"": [""month""]}]",2022,1,10,2022-01-10,,,,2022,01,10,2022-01-10,2022,01,10,2022-01-10,,,,,,ready_for_review,false,,,,false
1755,C:\Users\jsw58\Desktop\itda-ocr\data\001755.jpg,"[""C:\\Users\\jsw58\\Desktop\\itda-ocr\\data\\001755.jpg""]",incoming_432,incoming_432:208,1,[],[],[],[],[],[],[],[],[],[],[],[],"[{""source_record_id"": ""incoming_432:208"", ""source"": ""incoming_432"", ""source_path"": ""C:\\Users\\jsw58\\Downloads\\labelling data.csv"", ""source_row"": 208, ""image_id"": ""1755"", ""raw"": {""image_id"": ""1755"", ""year"": ""2021"", ""month"": ""12"", ""day"": ""5"", ""final_date"": ""2021-12-05""}, ""canonical"": {""year"": ""2021"", ""month"": ""12"", ""day"": ""05"", ""final_date"": ""2021-12-05""}, ""review_reason"": [], ""details"": [], ""format_changes"": [""day""]}]",2021,12,5,2021-12-05,,,,2021,12,05,2021-12-05,2021,12,05,2021-12-05,,,,,,ready_for_review,false,,,,false
1757,C:\Users\jsw58\Desktop\itda-ocr\data\001757.jpg,"[""C:\\Users\\jsw58\\Desktop\\itda-ocr\\data\\001757.jpg""]",incoming_432,incoming_432:209,1,[],[],[],[],[],[],[],[],[],[],[],[],"[{""source_record_id"": ""incoming_432:209"", ""source"": ""incoming_432"", ""source_path"": ""C:\\Users\\jsw58\\Downloads\\labelling data.csv"", ""source_row"": 209, ""image_id"": ""1757"", ""raw"": {""image_id"": ""1757"", ""year"": ""2023"", ""month"": ""3"", ""day"": ""9"", ""final_date"": ""2023-03-09""}, ""canonical"": {""year"": ""2023"", ""month"": ""03"", ""day"": ""09"", ""final_date"": ""2023-03-09""}, ""review_reason"": [], ""details"": [], ""format_changes"": [""month"", ""day""]}]",2023,3,9,2023-03-09,,,,2023,03,09,2023-03-09,2023,03,09,2023-03-09,,,,,,ready_for_review,false,,,,false
1760,C:\Users\jsw58\Desktop\itda-ocr\data\001760.jpg,"[""C:\\Users\\jsw58\\Desktop\\itda-ocr\\data\\001760.jpg""]",incoming_432,incoming_432:210,1,[],[],[],[],[],[],[],[],[],[],[],[],"[{""source_record_id"": ""incoming_432:210"", ""source"": ""incoming_432"", ""source_path"": ""C:\\Users\\jsw58\\Downloads\\labelling data.csv"", ""source_row"": 210, ""image_id"": ""1760"", ""raw"": {""image_id"": ""1760"", ""year"": ""2021"", ""month"": ""4"", ""day"": ""24"", ""final_date"": ""2021-04-24""}, ""canonical"": {""year"": ""2021"", ""month"": ""04"", ""day"": ""24"", ""final_date"": ""2021-04-24""}, ""review_reason"": [], ""details"": [], ""format_changes"": [""month""]}]",2021,4,24,2021-04-24,,,,2021,04,24,2021-04-24,2021,04,24,2021-04-24,,,,,,ready_for_review,false,,,,false
1766,C:\Users\jsw58\Desktop\itda-ocr\data\001766.jpg,"[""C:\\Users\\jsw58\\Desktop\\itda-ocr\\data\\001766.jpg""]",incoming_432,incoming_432:211,1,[],[],[],[],[],[],[],[],[],[],[],[],"[{""source_record_id"": ""incoming_432:211"", ""source"": ""incoming_432"", ""source_path"": ""C:\\Users\\jsw58\\Downloads\\labelling data.csv"", ""source_row"": 211, ""image_id"": ""1766"", ""raw"": {""image_id"": ""1766"", ""year"": ""2021"", ""month"": ""9"", ""day"": ""10"", ""final_date"": ""2021-09-10""}, ""canonical"": {""year"": ""2021"", ""month"": ""09"", ""day"": ""10"", ""final_date"": ""2021-09-10""}, ""review_reason"": [], ""details"": [], ""format_changes"": [""month""]}]",2021,9,10,2021-09-10,,,,2021,09,10,2021-09-10,2021,09,10,2021-09-10,,,,,,ready_for_review,false,,,,false
1768,C:\Users\jsw58\Desktop\itda-ocr\data\001768.jpg,"[""C:\\Users\\jsw58\\Desktop\\itda-ocr\\data\\001768.jpg""]",incoming_432,incoming_432:212,1,[],[],[],[],[],[],[],[],[],[],[],[],"[{""source_record_id"": ""incoming_432:212"", ""source"": ""incoming_432"", ""source_path"": ""C:\\Users\\jsw58\\Downloads\\labelling data.csv"", ""source_row"": 212, ""image_id"": ""1768"", ""raw"": {""image_id"": ""1768"", ""year"": ""2021"", ""month"": ""6"", ""day"": ""29"", ""final_date"": ""2021-06-29""}, ""canonical"": {""year"": ""2021"", ""month"": ""06"", ""day"": ""29"", ""final_date"": ""2021-06-29""}, ""review_reason"": [], ""details"": [], ""format_changes"": [""month""]}]",2021,6,29,2021-06-29,,,,2021,06,29,2021-06-29,2021,06,29,2021-06-29,,,,,,ready_for_review,false,,,,false
1771,C:\Users\jsw58\Desktop\itda-ocr\data\001771.jpg,"[""C:\\Users\\jsw58\\Desktop\\itda-ocr\\data\\001771.jpg""]",incoming_432,incoming_432:213,1,[],[],[],[],[],[],[],[],[],[],[],[],"[{""source_record_id"": ""incoming_432:213"", ""source"": ""incoming_432"", ""source_path"": ""C:\\Users\\jsw58\\Downloads\\labelling data.csv"", ""source_row"": 213, ""image_id"": ""1771"", ""raw"": {""image_id"": ""1771"", ""year"": ""2019"", ""month"": ""10"", ""day"": ""18"", ""final_date"": ""2019-10-18""}, ""canonical"": {""year"": ""2019"", ""month"": ""10"", ""day"": ""18"", ""final_date"": ""2019-10-18""}, ""review_reason"": [], ""details"": [], ""format_changes"": []}]",2019,10,18,2019-10-18,,,,2019,10,18,2019-10-18,2019,10,18,2019-10-18,,,,,,ready_for_review,false,,,,false
1773,C:\Users\jsw58\Desktop\itda-ocr\data\001773.jpg,"[""C:\\Users\\jsw58\\Desktop\\itda-ocr\\data\\001773.jpg""]",incoming_432,incoming_432:214,1,[],[],[],[],[],[],[],[],[],[],[],[],"[{""source_record_id"": ""incoming_432:214"", ""source"": ""incoming_432"", ""source_path"": ""C:\\Users\\jsw58\\Downloads\\labelling data.csv"", ""source_row"": 214, ""image_id"": ""1773"", ""raw"": {""image_id"": ""1773"", ""year"": ""2020"", ""month"": ""8"", ""day"": ""7"", ""final_date"": ""2020-08-07""}, ""canonical"": {""year"": ""2020"", ""month"": ""08"", ""day"": ""07"", ""final_date"": ""2020-08-07""}, ""review_reason"": [], ""details"": [], ""format_changes"": [""month"", ""day""]}]",2020,8,7,2020-08-07,,,,2020,08,07,2020-08-07,2020,08,07,2020-08-07,,,,,,ready_for_review,false,,,,false
1780,C:\Users\jsw58\Desktop\itda-ocr\data\001780.jpg,"[""C:\\Users\\jsw58\\Desktop\\itda-ocr\\data\\001780.jpg""]",existing_300,existing_300:80,1,"[{""source_record_id"": ""existing_300:80"", ""source"": ""existing_300"", ""source_path"": ""C:\\Users\\jsw58\\Desktop\\itda-ocr\\labels\\labels_300.csv"", ""source_row"": 80, ""image_id"": ""1780"", ""raw"": {""file_name"": ""001780.jpg"", ""image_id"": ""1780"", ""year"": ""2020"", ""month"": ""09"", ""day"": ""01"", ""final_date"": ""2020-09-01"", ""notes"": """", ""Unnamed: 7"": """"}, ""canonical"": {""year"": ""2020"", ""month"": ""09"", ""day"": ""01"", ""final_date"": ""2020-09-01""}, ""review_reason"": [], ""details"": [], ""format_changes"": []}]",2020,09,01,2020-09-01,001780.jpg,,,2020,09,01,2020-09-01,[],[],[],[],[],[],[],[],[],[],[],[],2020,09,01,2020-09-01,,,,,,ready_for_review,false,,,,false
1782,C:\Users\jsw58\Desktop\itda-ocr\data\001782.jpg,"[""C:\\Users\\jsw58\\Desktop\\itda-ocr\\data\\001782.jpg""]",existing_300,existing_300:81,1,"[{""source_record_id"": ""existing_300:81"", ""source"": ""existing_300"", ""source_path"": ""C:\\Users\\jsw58\\Desktop\\itda-ocr\\labels\\labels_300.csv"", ""source_row"": 81, ""image_id"": ""1782"", ""raw"": {""file_name"": ""001782.jpg"", ""image_id"": ""1782"", ""year"": ""2022"", ""month"": ""10"", ""day"": ""01"", ""final_date"": ""2022-10-01"", ""notes"": """", ""Unnamed: 7"": """"}, ""canonical"": {""year"": ""2022"", ""month"": ""10"", ""day"": ""01"", ""final_date"": ""2022-10-01""}, ""review_reason"": [], ""details"": [], ""format_changes"": []}]",2022,10,01,2022-10-01,001782.jpg,,,2022,10,01,2022-10-01,[],[],[],[],[],[],[],[],[],[],[],[],2022,10,01,2022-10-01,,,,,,ready_for_review,false,,,,false
1784,C:\Users\jsw58\Desktop\itda-ocr\data\001784.jpg,"[""C:\\Users\\jsw58\\Desktop\\itda-ocr\\data\\001784.jpg""]",incoming_432,incoming_432:215,1,[],[],[],[],[],[],[],[],[],[],[],[],"[{""source_record_id"": ""incoming_432:215"", ""source"": ""incoming_432"", ""source_path"": ""C:\\Users\\jsw58\\Downloads\\labelling data.csv"", ""source_row"": 215, ""image_id"": ""1784"", ""raw"": {""image_id"": ""1784"", ""year"": ""2021"", ""month"": ""6"", ""day"": ""13"", ""final_date"": ""2021-06-13""}, ""canonical"": {""year"": ""2021"", ""month"": ""06"", ""day"": ""13"", ""final_date"": ""2021-06-13""}, ""review_reason"": [], ""details"": [], ""format_changes"": [""month""]}]",2021,6,13,2021-06-13,,,,2021,06,13,2021-06-13,2021,06,13,2021-06-13,,,,,,ready_for_review,false,,,,false
1785,C:\Users\jsw58\Desktop\itda-ocr\data\001785.jpg,"[""C:\\Users\\jsw58\\Desktop\\itda-ocr\\data\\001785.jpg""]",incoming_432,incoming_432:216,1,[],[],[],[],[],[],[],[],[],[],[],[],"[{""source_record_id"": ""incoming_432:216"", ""source"": ""incoming_432"", ""source_path"": ""C:\\Users\\jsw58\\Downloads\\labelling data.csv"", ""source_row"": 216, ""image_id"": ""1785"", ""raw"": {""image_id"": ""1785"", ""year"": ""2021"", ""month"": ""9"", ""day"": ""19"", ""final_date"": ""2021-09-19""}, ""canonical"": {""year"": ""2021"", ""month"": ""09"", ""day"": ""19"", ""final_date"": ""2021-09-19""}, ""review_reason"": [], ""details"": [], ""format_changes"": [""month""]}]",2021,9,19,2021-09-19,,,,2021,09,19,2021-09-19,2021,09,19,2021-09-19,,,,,,ready_for_review,false,,,,false
1793,C:\Users\jsw58\Desktop\itda-ocr\data\001793.jpg,"[""C:\\Users\\jsw58\\Desktop\\itda-ocr\\data\\001793.jpg""]",incoming_432,incoming_432:217,1,[],[],[],[],[],[],[],[],[],[],[],[],"[{""source_record_id"": ""incoming_432:217"", ""source"": ""incoming_432"", ""source_path"": ""C:\\Users\\jsw58\\Downloads\\labelling data.csv"", ""source_row"": 217, ""image_id"": ""1793"", ""raw"": {""image_id"": ""1793"", ""year"": ""2021"", ""month"": ""11"", ""day"": ""7"", ""final_date"": ""2021-11-07""}, ""canonical"": {""year"": ""2021"", ""month"": ""11"", ""day"": ""07"", ""final_date"": ""2021-11-07""}, ""review_reason"": [], ""details"": [], ""format_changes"": [""day""]}]",2021,11,7,2021-11-07,,,,2021,11,07,2021-11-07,2021,11,07,2021-11-07,,,,,,ready_for_review,false,,,,false
1799,C:\Users\jsw58\Desktop\itda-ocr\data\001799.jpg,"[""C:\\Users\\jsw58\\Desktop\\itda-ocr\\data\\001799.jpg""]",incoming_432,incoming_432:218,1,[],[],[],[],[],[],[],[],[],[],[],[],"[{""source_record_id"": ""incoming_432:218"", ""source"": ""incoming_432"", ""source_path"": ""C:\\Users\\jsw58\\Downloads\\labelling data.csv"", ""source_row"": 218, ""image_id"": ""1799"", ""raw"": {""image_id"": ""1799"", ""year"": ""2021"", ""month"": ""10"", ""day"": ""14"", ""final_date"": ""2021-10-14""}, ""canonical"": {""year"": ""2021"", ""month"": ""10"", ""day"": ""14"", ""final_date"": ""2021-10-14""}, ""review_reason"": [], ""details"": [], ""format_changes"": []}]",2021,10,14,2021-10-14,,,,2021,10,14,2021-10-14,2021,10,14,2021-10-14,,,,,,ready_for_review,false,,,,false
1800,C:\Users\jsw58\Desktop\itda-ocr\data\001800.jpg,"[""C:\\Users\\jsw58\\Desktop\\itda-ocr\\data\\001800.jpg""]",existing_300;incoming_432,existing_300:231;incoming_432:219,2,"[{""source_record_id"": ""existing_300:231"", ""source"": ""existing_300"", ""source_path"": ""C:\\Users\\jsw58\\Desktop\\itda-ocr\\labels\\labels_300.csv"", ""source_row"": 231, ""image_id"": ""1800"", ""raw"": {""file_name"": ""001800.jpg"", ""image_id"": ""1800"", ""year"": ""2021"", ""month"": ""01"", ""day"": ""14"", ""final_date"": ""2021-01-14"", ""notes"": ""빛 반사에 글씨 약간 휘어짐"", ""Unnamed: 7"": """"}, ""canonical"": {""year"": ""2021"", ""month"": ""01"", ""day"": ""14"", ""final_date"": ""2021-01-14""}, ""review_reason"": [], ""details"": [], ""format_changes"": []}]",2021,01,14,2021-01-14,001800.jpg,빛 반사에 글씨 약간 휘어짐,,2021,01,14,2021-01-14,"[{""source_record_id"": ""incoming_432:219"", ""source"": ""incoming_432"", ""source_path"": ""C:\\Users\\jsw58\\Downloads\\labelling data.csv"", ""source_row"": 219, ""image_id"": ""1800"", ""raw"": {""image_id"": ""1800"", ""year"": ""2021"", ""month"": ""1"", ""day"": ""14"", ""final_date"": ""2021-01-14""}, ""canonical"": {""year"": ""2021"", ""month"": ""01"", ""day"": ""14"", ""final_date"": ""2021-01-14""}, ""review_reason"": [], ""details"": [], ""format_changes"": [""month""]}]",2021,1,14,2021-01-14,,,,2021,01,14,2021-01-14,2021,01,14,2021-01-14,,,,,,ready_for_review,false,,,,false
1802,C:\Users\jsw58\Desktop\itda-ocr\data\001802.jpg,"[""C:\\Users\\jsw58\\Desktop\\itda-ocr\\data\\001802.jpg""]",incoming_432,incoming_432:220,1,[],[],[],[],[],[],[],[],[],[],[],[],"[{""source_record_id"": ""incoming_432:220"", ""source"": ""incoming_432"", ""source_path"": ""C:\\Users\\jsw58\\Downloads\\labelling data.csv"", ""source_row"": 220, ""image_id"": ""1802"", ""raw"": {""image_id"": ""1802"", ""year"": ""2021"", ""month"": ""5"", ""day"": ""3"", ""final_date"": ""2021-05-03""}, ""canonical"": {""year"": ""2021"", ""month"": ""05"", ""day"": ""03"", ""final_date"": ""2021-05-03""}, ""review_reason"": [], ""details"": [], ""format_changes"": [""month"", ""day""]}]",2021,5,3,2021-05-03,,,,2021,05,03,2021-05-03,2021,05,03,2021-05-03,,,,,,ready_for_review,false,,,,false
1806,C:\Users\jsw58\Desktop\itda-ocr\data\001806.jpg,"[""C:\\Users\\jsw58\\Desktop\\itda-ocr\\data\\001806.jpg""]",incoming_432,incoming_432:221,1,[],[],[],[],[],[],[],[],[],[],[],[],"[{""source_record_id"": ""incoming_432:221"", ""source"": ""incoming_432"", ""source_path"": ""C:\\Users\\jsw58\\Downloads\\labelling data.csv"", ""source_row"": 221, ""image_id"": ""1806"", ""raw"": {""image_id"": ""1806"", ""year"": ""2020"", ""month"": ""11"", ""day"": ""9"", ""final_date"": ""2020-11-09""}, ""canonical"": {""year"": ""2020"", ""month"": ""11"", ""day"": ""09"", ""final_date"": ""2020-11-09""}, ""review_reason"": [], ""details"": [], ""format_changes"": [""day""]}]",2020,11,9,2020-11-09,,,,2020,11,09,2020-11-09,2020,11,09,2020-11-09,,,,,,ready_for_review,false,,,,false
1812,C:\Users\jsw58\Desktop\itda-ocr\data\001812.jpg,"[""C:\\Users\\jsw58\\Desktop\\itda-ocr\\data\\001812.jpg""]",existing_300,existing_300:82,1,"[{""source_record_id"": ""existing_300:82"", ""source"": ""existing_300"", ""source_path"": ""C:\\Users\\jsw58\\Desktop\\itda-ocr\\labels\\labels_300.csv"", ""source_row"": 82, ""image_id"": ""1812"", ""raw"": {""file_name"": ""001812.jpg"", ""image_id"": ""1812"", ""year"": ""2021"", ""month"": ""03"", ""day"": ""26"", ""final_date"": ""2021-03-26"", ""notes"": """", ""Unnamed: 7"": """"}, ""canonical"": {""year"": ""2021"", ""month"": ""03"", ""day"": ""26"", ""final_date"": ""2021-03-26""}, ""review_reason"": [], ""details"": [], ""format_changes"": []}]",2021,03,26,2021-03-26,001812.jpg,,,2021,03,26,2021-03-26,[],[],[],[],[],[],[],[],[],[],[],[],2021,03,26,2021-03-26,,,,,,ready_for_review,false,,,,false
1815,C:\Users\jsw58\Desktop\itda-ocr\data\001815.jpg,"[""C:\\Users\\jsw58\\Desktop\\itda-ocr\\data\\001815.jpg""]",existing_300,existing_300:232,1,"[{""source_record_id"": ""existing_300:232"", ""source"": ""existing_300"", ""source_path"": ""C:\\Users\\jsw58\\Desktop\\itda-ocr\\labels\\labels_300.csv"", ""source_row"": 232, ""image_id"": ""1815"", ""raw"": {""file_name"": ""001815.jpg"", ""image_id"": ""1815"", ""year"": ""2022"", ""month"": ""06"", ""day"": ""07"", ""final_date"": ""2022-06-07"", ""notes"": ""품질유지기한"", ""Unnamed: 7"": """"}, ""canonical"": {""year"": ""2022"", ""month"": ""06"", ""day"": ""07"", ""final_date"": ""2022-06-07""}, ""review_reason"": [], ""details"": [], ""format_changes"": []}]",2022,06,07,2022-06-07,001815.jpg,품질유지기한,,2022,06,07,2022-06-07,[],[],[],[],[],[],[],[],[],[],[],[],2022,06,07,2022-06-07,,,,,,ready_for_review,false,,,,false
1818,C:\Users\jsw58\Desktop\itda-ocr\data\001818.jpg,"[""C:\\Users\\jsw58\\Desktop\\itda-ocr\\data\\001818.jpg""]",existing_300,existing_300:83,1,"[{""source_record_id"": ""existing_300:83"", ""source"": ""existing_300"", ""source_path"": ""C:\\Users\\jsw58\\Desktop\\itda-ocr\\labels\\labels_300.csv"", ""source_row"": 83, ""image_id"": ""1818"", ""raw"": {""file_name"": ""001818.jpg"", ""image_id"": ""1818"", ""year"": ""2022"", ""month"": ""01"", ""day"": ""18"", ""final_date"": ""2022-01-18"", ""notes"": """", ""Unnamed: 7"": """"}, ""canonical"": {""year"": ""2022"", ""month"": ""01"", ""day"": ""18"", ""final_date"": ""2022-01-18""}, ""review_reason"": [], ""details"": [], ""format_changes"": []}]",2022,01,18,2022-01-18,001818.jpg,,,2022,01,18,2022-01-18,[],[],[],[],[],[],[],[],[],[],[],[],2022,01,18,2022-01-18,,,,,,ready_for_review,false,,,,false
1819,C:\Users\jsw58\Desktop\itda-ocr\data\001819.jpg,"[""C:\\Users\\jsw58\\Desktop\\itda-ocr\\data\\001819.jpg""]",incoming_432,incoming_432:222,1,[],[],[],[],[],[],[],[],[],[],[],[],"[{""source_record_id"": ""incoming_432:222"", ""source"": ""incoming_432"", ""source_path"": ""C:\\Users\\jsw58\\Downloads\\labelling data.csv"", ""source_row"": 222, ""image_id"": ""1819"", ""raw"": {""image_id"": ""1819"", ""year"": ""2022"", ""month"": ""1"", ""day"": ""18"", ""final_date"": ""2022-01-18""}, ""canonical"": {""year"": ""2022"", ""month"": ""01"", ""day"": ""18"", ""final_date"": ""2022-01-18""}, ""review_reason"": [], ""details"": [], ""format_changes"": [""month""]}]",2022,1,18,2022-01-18,,,,2022,01,18,2022-01-18,2022,01,18,2022-01-18,,,,,,ready_for_review,false,,,,false
1823,C:\Users\jsw58\Desktop\itda-ocr\data\001823.jpg,"[""C:\\Users\\jsw58\\Desktop\\itda-ocr\\data\\001823.jpg""]",existing_300;incoming_432,existing_300:233;incoming_432:223,2,"[{""source_record_id"": ""existing_300:233"", ""source"": ""existing_300"", ""source_path"": ""C:\\Users\\jsw58\\Desktop\\itda-ocr\\labels\\labels_300.csv"", ""source_row"": 233, ""image_id"": ""1823"", ""raw"": {""file_name"": ""001823.jpg"", ""image_id"": ""1823"", ""year"": ""2021"", ""month"": ""06"", ""day"": ""09"", ""final_date"": ""2021-06-09"", ""notes"": ""글자가 엄청 명확하지는 않은 편이고 사용기한으로 표기"", ""Unnamed: 7"": """"}, ""canonical"": {""year"": ""2021"", ""month"": ""06"", ""day"": ""09"", ""final_date"": ""2021-06-09""}, ""review_reason"": [], ""details"": [], ""format_changes"": []}]",2021,06,09,2021-06-09,001823.jpg,글자가 엄청 명확하지는 않은 편이고 사용기한으로 표기,,2021,06,09,2021-06-09,"[{""source_record_id"": ""incoming_432:223"", ""source"": ""incoming_432"", ""source_path"": ""C:\\Users\\jsw58\\Downloads\\labelling data.csv"", ""source_row"": 223, ""image_id"": ""1823"", ""raw"": {""image_id"": ""1823"", ""year"": ""2021"", ""month"": ""6"", ""day"": ""9"", ""final_date"": ""2021-06-09""}, ""canonical"": {""year"": ""2021"", ""month"": ""06"", ""day"": ""09"", ""final_date"": ""2021-06-09""}, ""review_reason"": [], ""details"": [], ""format_changes"": [""month"", ""day""]}]",2021,6,9,2021-06-09,,,,2021,06,09,2021-06-09,2021,06,09,2021-06-09,,,,,,ready_for_review,false,,,,false
1828,C:\Users\jsw58\Desktop\itda-ocr\data\001828.jpg,"[""C:\\Users\\jsw58\\Desktop\\itda-ocr\\data\\001828.jpg""]",incoming_432,incoming_432:224,1,[],[],[],[],[],[],[],[],[],[],[],[],"[{""source_record_id"": ""incoming_432:224"", ""source"": ""incoming_432"", ""source_path"": ""C:\\Users\\jsw58\\Downloads\\labelling data.csv"", ""source_row"": 224, ""image_id"": ""1828"", ""raw"": {""image_id"": ""1828"", ""year"": ""2021"", ""month"": ""11"", ""day"": ""28"", ""final_date"": ""2021-11-28""}, ""canonical"": {""year"": ""2021"", ""month"": ""11"", ""day"": ""28"", ""final_date"": ""2021-11-28""}, ""review_reason"": [], ""details"": [], ""format_changes"": []}]",2021,11,28,2021-11-28,,,,2021,11,28,2021-11-28,2021,11,28,2021-11-28,,,,,,ready_for_review,false,,,,false
1830,C:\Users\jsw58\Desktop\itda-ocr\data\001830.jpg,"[""C:\\Users\\jsw58\\Desktop\\itda-ocr\\data\\001830.jpg""]",incoming_432,incoming_432:225,1,[],[],[],[],[],[],[],[],[],[],[],[],"[{""source_record_id"": ""incoming_432:225"", ""source"": ""incoming_432"", ""source_path"": ""C:\\Users\\jsw58\\Downloads\\labelling data.csv"", ""source_row"": 225, ""image_id"": ""1830"", ""raw"": {""image_id"": ""1830"", ""year"": ""2020"", ""month"": ""12"", ""day"": ""NONE"", ""final_date"": ""2020-12-NONE""}, ""canonical"": {""year"": ""2020"", ""month"": ""12"", ""day"": ""NONE"", ""final_date"": ""2020-12-NONE""}, ""review_reason"": [""partial_none""], ""details"": [], ""format_changes"": []}]",2020,12,NONE,2020-12-NONE,,,,2020,12,NONE,2020-12-NONE,2020,12,NONE,2020-12-NONE,,,,,partial_none,pending,false,,,,false
1837,C:\Users\jsw58\Desktop\itda-ocr\data\001837.jpg,"[""C:\\Users\\jsw58\\Desktop\\itda-ocr\\data\\001837.jpg""]",incoming_432,incoming_432:226,1,[],[],[],[],[],[],[],[],[],[],[],[],"[{""source_record_id"": ""incoming_432:226"", ""source"": ""incoming_432"", ""source_path"": ""C:\\Users\\jsw58\\Downloads\\labelling data.csv"", ""source_row"": 226, ""image_id"": ""1837"", ""raw"": {""image_id"": ""1837"", ""year"": ""2021"", ""month"": ""10"", ""day"": ""2"", ""final_date"": ""2021-10-02""}, ""canonical"": {""year"": ""2021"", ""month"": ""10"", ""day"": ""02"", ""final_date"": ""2021-10-02""}, ""review_reason"": [], ""details"": [], ""format_changes"": [""day""]}]",2021,10,2,2021-10-02,,,,2021,10,02,2021-10-02,2021,10,02,2021-10-02,,,,,,ready_for_review,false,,,,false
1839,C:\Users\jsw58\Desktop\itda-ocr\data\001839.jpg,"[""C:\\Users\\jsw58\\Desktop\\itda-ocr\\data\\001839.jpg""]",incoming_432,incoming_432:227,1,[],[],[],[],[],[],[],[],[],[],[],[],"[{""source_record_id"": ""incoming_432:227"", ""source"": ""incoming_432"", ""source_path"": ""C:\\Users\\jsw58\\Downloads\\labelling data.csv"", ""source_row"": 227, ""image_id"": ""1839"", ""raw"": {""image_id"": ""1839"", ""year"": ""2021"", ""month"": ""10"", ""day"": ""15"", ""final_date"": ""2021-10-15""}, ""canonical"": {""year"": ""2021"", ""month"": ""10"", ""day"": ""15"", ""final_date"": ""2021-10-15""}, ""review_reason"": [], ""details"": [], ""format_changes"": []}]",2021,10,15,2021-10-15,,,,2021,10,15,2021-10-15,2021,10,15,2021-10-15,,,,,,ready_for_review,false,,,,false
1845,C:\Users\jsw58\Desktop\itda-ocr\data\001845.jpg,"[""C:\\Users\\jsw58\\Desktop\\itda-ocr\\data\\001845.jpg""]",incoming_432,incoming_432:228,1,[],[],[],[],[],[],[],[],[],[],[],[],"[{""source_record_id"": ""incoming_432:228"", ""source"": ""incoming_432"", ""source_path"": ""C:\\Users\\jsw58\\Downloads\\labelling data.csv"", ""source_row"": 228, ""image_id"": ""1845"", ""raw"": {""image_id"": ""1845"", ""year"": ""2021"", ""month"": ""11"", ""day"": ""23"", ""final_date"": ""2021-11-23""}, ""canonical"": {""year"": ""2021"", ""month"": ""11"", ""day"": ""23"", ""final_date"": ""2021-11-23""}, ""review_reason"": [], ""details"": [], ""format_changes"": []}]",2021,11,23,2021-11-23,,,,2021,11,23,2021-11-23,2021,11,23,2021-11-23,,,,,,ready_for_review,false,,,,false
1851,C:\Users\jsw58\Desktop\itda-ocr\data\001851.jpg,"[""C:\\Users\\jsw58\\Desktop\\itda-ocr\\data\\001851.jpg""]",existing_300,existing_300:84,1,"[{""source_record_id"": ""existing_300:84"", ""source"": ""existing_300"", ""source_path"": ""C:\\Users\\jsw58\\Desktop\\itda-ocr\\labels\\labels_300.csv"", ""source_row"": 84, ""image_id"": ""1851"", ""raw"": {""file_name"": ""001851.jpg"", ""image_id"": ""1851"", ""year"": ""2021"", ""month"": ""12"", ""day"": ""16"", ""final_date"": ""2021-12-16"", ""notes"": """", ""Unnamed: 7"": """"}, ""canonical"": {""year"": ""2021"", ""month"": ""12"", ""day"": ""16"", ""final_date"": ""2021-12-16""}, ""review_reason"": [], ""details"": [], ""format_changes"": []}]",2021,12,16,2021-12-16,001851.jpg,,,2021,12,16,2021-12-16,[],[],[],[],[],[],[],[],[],[],[],[],2021,12,16,2021-12-16,,,,,,ready_for_review,false,,,,false
1852,C:\Users\jsw58\Desktop\itda-ocr\data\001852.jpg,"[""C:\\Users\\jsw58\\Desktop\\itda-ocr\\data\\001852.jpg""]",incoming_432,incoming_432:229,1,[],[],[],[],[],[],[],[],[],[],[],[],"[{""source_record_id"": ""incoming_432:229"", ""source"": ""incoming_432"", ""source_path"": ""C:\\Users\\jsw58\\Downloads\\labelling data.csv"", ""source_row"": 229, ""image_id"": ""1852"", ""raw"": {""image_id"": ""1852"", ""year"": ""2022"", ""month"": ""8"", ""day"": ""18"", ""final_date"": ""2022-08-18""}, ""canonical"": {""year"": ""2022"", ""month"": ""08"", ""day"": ""18"", ""final_date"": ""2022-08-18""}, ""review_reason"": [], ""details"": [], ""format_changes"": [""month""]}]",2022,8,18,2022-08-18,,,,2022,08,18,2022-08-18,2022,08,18,2022-08-18,,,,,,ready_for_review,false,,,,false
1855,C:\Users\jsw58\Desktop\itda-ocr\data\001855.jpg,"[""C:\\Users\\jsw58\\Desktop\\itda-ocr\\data\\001855.jpg""]",incoming_432,incoming_432:230,1,[],[],[],[],[],[],[],[],[],[],[],[],"[{""source_record_id"": ""incoming_432:230"", ""source"": ""incoming_432"", ""source_path"": ""C:\\Users\\jsw58\\Downloads\\labelling data.csv"", ""source_row"": 230, ""image_id"": ""1855"", ""raw"": {""image_id"": ""1855"", ""year"": ""2023"", ""month"": ""10"", ""day"": ""28"", ""final_date"": ""2023-10-28""}, ""canonical"": {""year"": ""2023"", ""month"": ""10"", ""day"": ""28"", ""final_date"": ""2023-10-28""}, ""review_reason"": [], ""details"": [], ""format_changes"": []}]",2023,10,28,2023-10-28,,,,2023,10,28,2023-10-28,2023,10,28,2023-10-28,,,,,,ready_for_review,false,,,,false
1857,C:\Users\jsw58\Desktop\itda-ocr\data\001857.jpg,"[""C:\\Users\\jsw58\\Desktop\\itda-ocr\\data\\001857.jpg""]",existing_300,existing_300:85,1,"[{""source_record_id"": ""existing_300:85"", ""source"": ""existing_300"", ""source_path"": ""C:\\Users\\jsw58\\Desktop\\itda-ocr\\labels\\labels_300.csv"", ""source_row"": 85, ""image_id"": ""1857"", ""raw"": {""file_name"": ""001857.jpg"", ""image_id"": ""1857"", ""year"": ""2022"", ""month"": ""07"", ""day"": ""17"", ""final_date"": ""2022-07-17"", ""notes"": ""DD/MM/YYYY"", ""Unnamed: 7"": """"}, ""canonical"": {""year"": ""2022"", ""month"": ""07"", ""day"": ""17"", ""final_date"": ""2022-07-17""}, ""review_reason"": [], ""details"": [], ""format_changes"": []}]",2022,07,17,2022-07-17,001857.jpg,DD/MM/YYYY,,2022,07,17,2022-07-17,[],[],[],[],[],[],[],[],[],[],[],[],2022,07,17,2022-07-17,,,,,,ready_for_review,false,,,,false
1858,C:\Users\jsw58\Desktop\itda-ocr\data\001858.jpg,"[""C:\\Users\\jsw58\\Desktop\\itda-ocr\\data\\001858.jpg""]",incoming_432,incoming_432:231,1,[],[],[],[],[],[],[],[],[],[],[],[],"[{""source_record_id"": ""incoming_432:231"", ""source"": ""incoming_432"", ""source_path"": ""C:\\Users\\jsw58\\Downloads\\labelling data.csv"", ""source_row"": 231, ""image_id"": ""1858"", ""raw"": {""image_id"": ""1858"", ""year"": ""2022"", ""month"": ""7"", ""day"": ""17"", ""final_date"": ""2022-07-17""}, ""canonical"": {""year"": ""2022"", ""month"": ""07"", ""day"": ""17"", ""final_date"": ""2022-07-17""}, ""review_reason"": [], ""details"": [], ""format_changes"": [""month""]}]",2022,7,17,2022-07-17,,,,2022,07,17,2022-07-17,2022,07,17,2022-07-17,,,,,,ready_for_review,false,,,,false
1860,C:\Users\jsw58\Desktop\itda-ocr\data\001860.jpg,"[""C:\\Users\\jsw58\\Desktop\\itda-ocr\\data\\001860.jpg""]",incoming_432,incoming_432:232,1,[],[],[],[],[],[],[],[],[],[],[],[],"[{""source_record_id"": ""incoming_432:232"", ""source"": ""incoming_432"", ""source_path"": ""C:\\Users\\jsw58\\Downloads\\labelling data.csv"", ""source_row"": 232, ""image_id"": ""1860"", ""raw"": {""image_id"": ""1860"", ""year"": ""2022"", ""month"": ""7"", ""day"": ""8"", ""final_date"": ""2022-07-08""}, ""canonical"": {""year"": ""2022"", ""month"": ""07"", ""day"": ""08"", ""final_date"": ""2022-07-08""}, ""review_reason"": [], ""details"": [], ""format_changes"": [""month"", ""day""]}]",2022,7,8,2022-07-08,,,,2022,07,08,2022-07-08,2022,07,08,2022-07-08,,,,,,ready_for_review,false,,,,false
1862,C:\Users\jsw58\Desktop\itda-ocr\data\001862.jpg,"[""C:\\Users\\jsw58\\Desktop\\itda-ocr\\data\\001862.jpg""]",incoming_432,incoming_432:233,1,[],[],[],[],[],[],[],[],[],[],[],[],"[{""source_record_id"": ""incoming_432:233"", ""source"": ""incoming_432"", ""source_path"": ""C:\\Users\\jsw58\\Downloads\\labelling data.csv"", ""source_row"": 233, ""image_id"": ""1862"", ""raw"": {""image_id"": ""1862"", ""year"": ""2023"", ""month"": ""6"", ""day"": ""23"", ""final_date"": ""2023-06-18""}, ""canonical"": {""year"": ""2023"", ""month"": ""06"", ""day"": ""23"", ""final_date"": ""2023-06-23""}, ""review_reason"": [""component_final_mismatch"", ""ocr_visual_review""], ""details"": [""Previously visually inspected; no confirmed decision supplied; retain pending""], ""format_changes"": [""month"", ""final_date""]}]",2023,6,23,2023-06-18,,,,2023,06,23,2023-06-23,2023,06,23,2023-06-23,2023,06,18,2023-06-18,component_final_mismatch;ocr_visual_review,approved,true,이미지 표기: EXP:18 06 23. 최종 정답: 2023-06-18. 신규 라벨의 day가 잘못 기록됨.,user,2026-09-23 사용자 제공 기존 이미지 판독 결과 기록. 이미지 표기: EXP:18 06 23. 최종 정답: 2023-06-18. 신규 라벨의 day가 잘못 기록됨. 판정 확정; 기존 검수 사유는 이력으로 보존.,true
1867,C:\Users\jsw58\Desktop\itda-ocr\data\001867.jpg,"[""C:\\Users\\jsw58\\Desktop\\itda-ocr\\data\\001867.jpg""]",incoming_432,incoming_432:234,1,[],[],[],[],[],[],[],[],[],[],[],[],"[{""source_record_id"": ""incoming_432:234"", ""source"": ""incoming_432"", ""source_path"": ""C:\\Users\\jsw58\\Downloads\\labelling data.csv"", ""source_row"": 234, ""image_id"": ""1867"", ""raw"": {""image_id"": ""1867"", ""year"": ""2022"", ""month"": ""7"", ""day"": ""NONE"", ""final_date"": ""2022-07-NONE""}, ""canonical"": {""year"": ""2022"", ""month"": ""07"", ""day"": ""NONE"", ""final_date"": ""2022-07-NONE""}, ""review_reason"": [""partial_none""], ""details"": [], ""format_changes"": [""month""]}]",2022,7,NONE,2022-07-NONE,,,,2022,07,NONE,2022-07-NONE,2022,07,NONE,2022-07-NONE,,,,,partial_none,pending,false,,,,false
1868,C:\Users\jsw58\Desktop\itda-ocr\data\001868.jpg,"[""C:\\Users\\jsw58\\Desktop\\itda-ocr\\data\\001868.jpg""]",incoming_432,incoming_432:235,1,[],[],[],[],[],[],[],[],[],[],[],[],"[{""source_record_id"": ""incoming_432:235"", ""source"": ""incoming_432"", ""source_path"": ""C:\\Users\\jsw58\\Downloads\\labelling data.csv"", ""source_row"": 235, ""image_id"": ""1868"", ""raw"": {""image_id"": ""1868"", ""year"": ""2022"", ""month"": ""7"", ""day"": ""NONE"", ""final_date"": ""2022-07-NONE""}, ""canonical"": {""year"": ""2022"", ""month"": ""07"", ""day"": ""NONE"", ""final_date"": ""2022-07-NONE""}, ""review_reason"": [""partial_none""], ""details"": [], ""format_changes"": [""month""]}]",2022,7,NONE,2022-07-NONE,,,,2022,07,NONE,2022-07-NONE,2022,07,NONE,2022-07-NONE,,,,,partial_none,pending,false,,,,false
1869,C:\Users\jsw58\Desktop\itda-ocr\data\001869.jpg,"[""C:\\Users\\jsw58\\Desktop\\itda-ocr\\data\\001869.jpg""]",existing_300,existing_300:234,1,"[{""source_record_id"": ""existing_300:234"", ""source"": ""existing_300"", ""source_path"": ""C:\\Users\\jsw58\\Desktop\\itda-ocr\\labels\\labels_300.csv"", ""source_row"": 234, ""image_id"": ""1869"", ""raw"": {""file_name"": ""001869.jpg"", ""image_id"": ""1869"", ""year"": ""2021"", ""month"": ""09"", ""day"": ""26"", ""final_date"": ""2021-09-26"", ""notes"": ""특이하게 제조보다 소비기한이 위에 있고 EXP으로 포기, 그리고 거꾸로"", ""Unnamed: 7"": """"}, ""canonical"": {""year"": ""2021"", ""month"": ""09"", ""day"": ""26"", ""final_date"": ""2021-09-26""}, ""review_reason"": [], ""details"": [], ""format_changes"": []}]",2021,09,26,2021-09-26,001869.jpg,"특이하게 제조보다 소비기한이 위에 있고 EXP으로 포기, 그리고 거꾸로",,2021,09,26,2021-09-26,[],[],[],[],[],[],[],[],[],[],[],[],2021,09,26,2021-09-26,,,,,,ready_for_review,false,,,,false
1870,C:\Users\jsw58\Desktop\itda-ocr\data\001870.jpg,"[""C:\\Users\\jsw58\\Desktop\\itda-ocr\\data\\001870.jpg""]",incoming_432,incoming_432:236,1,[],[],[],[],[],[],[],[],[],[],[],[],"[{""source_record_id"": ""incoming_432:236"", ""source"": ""incoming_432"", ""source_path"": ""C:\\Users\\jsw58\\Downloads\\labelling data.csv"", ""source_row"": 236, ""image_id"": ""1870"", ""raw"": {""image_id"": ""1870"", ""year"": ""2020"", ""month"": ""11"", ""day"": ""26"", ""final_date"": ""2020-11-26""}, ""canonical"": {""year"": ""2020"", ""month"": ""11"", ""day"": ""26"", ""final_date"": ""2020-11-26""}, ""review_reason"": [], ""details"": [], ""format_changes"": []}]",2020,11,26,2020-11-26,,,,2020,11,26,2020-11-26,2020,11,26,2020-11-26,,,,,,ready_for_review,false,,,,false
1882,C:\Users\jsw58\Desktop\itda-ocr\data\001882.jpg,"[""C:\\Users\\jsw58\\Desktop\\itda-ocr\\data\\001882.jpg""]",incoming_432,incoming_432:237,1,[],[],[],[],[],[],[],[],[],[],[],[],"[{""source_record_id"": ""incoming_432:237"", ""source"": ""incoming_432"", ""source_path"": ""C:\\Users\\jsw58\\Downloads\\labelling data.csv"", ""source_row"": 237, ""image_id"": ""1882"", ""raw"": {""image_id"": ""1882"", ""year"": ""2021"", ""month"": ""6"", ""day"": ""20"", ""final_date"": ""2021-06-20""}, ""canonical"": {""year"": ""2021"", ""month"": ""06"", ""day"": ""20"", ""final_date"": ""2021-06-20""}, ""review_reason"": [], ""details"": [], ""format_changes"": [""month""]}]",2021,6,20,2021-06-20,,,,2021,06,20,2021-06-20,2021,06,20,2021-06-20,,,,,,ready_for_review,false,,,,false
1884,C:\Users\jsw58\Desktop\itda-ocr\data\001884.jpg,"[""C:\\Users\\jsw58\\Desktop\\itda-ocr\\data\\001884.jpg""]",incoming_432,incoming_432:238,1,[],[],[],[],[],[],[],[],[],[],[],[],"[{""source_record_id"": ""incoming_432:238"", ""source"": ""incoming_432"", ""source_path"": ""C:\\Users\\jsw58\\Downloads\\labelling data.csv"", ""source_row"": 238, ""image_id"": ""1884"", ""raw"": {""image_id"": ""1884"", ""year"": ""2021"", ""month"": ""9"", ""day"": ""9"", ""final_date"": ""2021-09-09""}, ""canonical"": {""year"": ""2021"", ""month"": ""09"", ""day"": ""09"", ""final_date"": ""2021-09-09""}, ""review_reason"": [], ""details"": [], ""format_changes"": [""month"", ""day""]}]",2021,9,9,2021-09-09,,,,2021,09,09,2021-09-09,2021,09,09,2021-09-09,,,,,,ready_for_review,false,,,,false
1886,C:\Users\jsw58\Desktop\itda-ocr\data\001886.jpg,"[""C:\\Users\\jsw58\\Desktop\\itda-ocr\\data\\001886.jpg""]",incoming_432,incoming_432:239,1,[],[],[],[],[],[],[],[],[],[],[],[],"[{""source_record_id"": ""incoming_432:239"", ""source"": ""incoming_432"", ""source_path"": ""C:\\Users\\jsw58\\Downloads\\labelling data.csv"", ""source_row"": 239, ""image_id"": ""1886"", ""raw"": {""image_id"": ""1886"", ""year"": ""2021"", ""month"": ""12"", ""day"": ""5"", ""final_date"": ""2021-12-05""}, ""canonical"": {""year"": ""2021"", ""month"": ""12"", ""day"": ""05"", ""final_date"": ""2021-12-05""}, ""review_reason"": [], ""details"": [], ""format_changes"": [""day""]}]",2021,12,5,2021-12-05,,,,2021,12,05,2021-12-05,2021,12,05,2021-12-05,,,,,,ready_for_review,false,,,,false
1888,C:\Users\jsw58\Desktop\itda-ocr\data\001888.jpg,"[""C:\\Users\\jsw58\\Desktop\\itda-ocr\\data\\001888.jpg""]",incoming_432,incoming_432:240,1,[],[],[],[],[],[],[],[],[],[],[],[],"[{""source_record_id"": ""incoming_432:240"", ""source"": ""incoming_432"", ""source_path"": ""C:\\Users\\jsw58\\Downloads\\labelling data.csv"", ""source_row"": 240, ""image_id"": ""1888"", ""raw"": {""image_id"": ""1888"", ""year"": ""2023"", ""month"": ""8"", ""day"": ""22"", ""final_date"": ""2023-08-22""}, ""canonical"": {""year"": ""2023"", ""month"": ""08"", ""day"": ""22"", ""final_date"": ""2023-08-22""}, ""review_reason"": [], ""details"": [], ""format_changes"": [""month""]}]",2023,8,22,2023-08-22,,,,2023,08,22,2023-08-22,2023,08,22,2023-08-22,,,,,,ready_for_review,false,,,,false
1892,C:\Users\jsw58\Desktop\itda-ocr\data\001892.jpg,"[""C:\\Users\\jsw58\\Desktop\\itda-ocr\\data\\001892.jpg""]",incoming_432,incoming_432:241,1,[],[],[],[],[],[],[],[],[],[],[],[],"[{""source_record_id"": ""incoming_432:241"", ""source"": ""incoming_432"", ""source_path"": ""C:\\Users\\jsw58\\Downloads\\labelling data.csv"", ""source_row"": 241, ""image_id"": ""1892"", ""raw"": {""image_id"": ""1892"", ""year"": ""2022"", ""month"": ""5"", ""day"": ""22"", ""final_date"": ""2022-05-22""}, ""canonical"": {""year"": ""2022"", ""month"": ""05"", ""day"": ""22"", ""final_date"": ""2022-05-22""}, ""review_reason"": [], ""details"": [], ""format_changes"": [""month""]}]",2022,5,22,2022-05-22,,,,2022,05,22,2022-05-22,2022,05,22,2022-05-22,,,,,,ready_for_review,false,,,,false
1896,C:\Users\jsw58\Desktop\itda-ocr\data\001896.jpg,"[""C:\\Users\\jsw58\\Desktop\\itda-ocr\\data\\001896.jpg""]",incoming_432,incoming_432:242,1,[],[],[],[],[],[],[],[],[],[],[],[],"[{""source_record_id"": ""incoming_432:242"", ""source"": ""incoming_432"", ""source_path"": ""C:\\Users\\jsw58\\Downloads\\labelling data.csv"", ""source_row"": 242, ""image_id"": ""1896"", ""raw"": {""image_id"": ""1896"", ""year"": ""2021"", ""month"": ""3"", ""day"": ""17"", ""final_date"": ""2021-03-17""}, ""canonical"": {""year"": ""2021"", ""month"": ""03"", ""day"": ""17"", ""final_date"": ""2021-03-17""}, ""review_reason"": [], ""details"": [], ""format_changes"": [""month""]}]",2021,3,17,2021-03-17,,,,2021,03,17,2021-03-17,2021,03,17,2021-03-17,,,,,,ready_for_review,false,,,,false
1898,C:\Users\jsw58\Desktop\itda-ocr\data\001898.jpg,"[""C:\\Users\\jsw58\\Desktop\\itda-ocr\\data\\001898.jpg""]",existing_300;incoming_432,existing_300:235;incoming_432:243,2,"[{""source_record_id"": ""existing_300:235"", ""source"": ""existing_300"", ""source_path"": ""C:\\Users\\jsw58\\Desktop\\itda-ocr\\labels\\labels_300.csv"", ""source_row"": 235, ""image_id"": ""1898"", ""raw"": {""file_name"": ""001898.jpg"", ""image_id"": ""1898"", ""year"": ""2021"", ""month"": ""05"", ""day"": ""29"", ""final_date"": ""2021-05-29"", ""notes"": ""월 일 연 순이고 EXP로 표기, 월은 영어로 (MAY)"", ""Unnamed: 7"": """"}, ""canonical"": {""year"": ""2021"", ""month"": ""05"", ""day"": ""29"", ""final_date"": ""2021-05-29""}, ""review_reason"": [], ""details"": [], ""format_changes"": []}]",2021,05,29,2021-05-29,001898.jpg,"월 일 연 순이고 EXP로 표기, 월은 영어로 (MAY)",,2021,05,29,2021-05-29,"[{""source_record_id"": ""incoming_432:243"", ""source"": ""incoming_432"", ""source_path"": ""C:\\Users\\jsw58\\Downloads\\labelling data.csv"", ""source_row"": 243, ""image_id"": ""1898"", ""raw"": {""image_id"": ""1898"", ""year"": ""2021"", ""month"": ""5"", ""day"": ""29"", ""final_date"": ""2021-05-29""}, ""canonical"": {""year"": ""2021"", ""month"": ""05"", ""day"": ""29"", ""final_date"": ""2021-05-29""}, ""review_reason"": [], ""details"": [], ""format_changes"": [""month""]}]",2021,5,29,2021-05-29,,,,2021,05,29,2021-05-29,2021,05,29,2021-05-29,,,,,,ready_for_review,false,,,,false
1900,C:\Users\jsw58\Desktop\itda-ocr\data\001900.jpg,"[""C:\\Users\\jsw58\\Desktop\\itda-ocr\\data\\001900.jpg""]",incoming_432,incoming_432:244,1,[],[],[],[],[],[],[],[],[],[],[],[],"[{""source_record_id"": ""incoming_432:244"", ""source"": ""incoming_432"", ""source_path"": ""C:\\Users\\jsw58\\Downloads\\labelling data.csv"", ""source_row"": 244, ""image_id"": ""1900"", ""raw"": {""image_id"": ""1900"", ""year"": ""2021"", ""month"": ""11"", ""day"": ""29"", ""final_date"": ""2021-11-29""}, ""canonical"": {""year"": ""2021"", ""month"": ""11"", ""day"": ""29"", ""final_date"": ""2021-11-29""}, ""review_reason"": [], ""details"": [], ""format_changes"": []}]",2021,11,29,2021-11-29,,,,2021,11,29,2021-11-29,2021,11,29,2021-11-29,,,,,,ready_for_review,false,,,,false
1905,C:\Users\jsw58\Desktop\itda-ocr\data\001905.jpg,"[""C:\\Users\\jsw58\\Desktop\\itda-ocr\\data\\001905.jpg""]",incoming_432,incoming_432:245,1,[],[],[],[],[],[],[],[],[],[],[],[],"[{""source_record_id"": ""incoming_432:245"", ""source"": ""incoming_432"", ""source_path"": ""C:\\Users\\jsw58\\Downloads\\labelling data.csv"", ""source_row"": 245, ""image_id"": ""1905"", ""raw"": {""image_id"": ""1905"", ""year"": ""2022"", ""month"": ""1"", ""day"": ""15"", ""final_date"": ""2022-01-15""}, ""canonical"": {""year"": ""2022"", ""month"": ""01"", ""day"": ""15"", ""final_date"": ""2022-01-15""}, ""review_reason"": [], ""details"": [], ""format_changes"": [""month""]}]",2022,1,15,2022-01-15,,,,2022,01,15,2022-01-15,2022,01,15,2022-01-15,,,,,,ready_for_review,false,,,,false
1906,C:\Users\jsw58\Desktop\itda-ocr\data\001906.jpg,"[""C:\\Users\\jsw58\\Desktop\\itda-ocr\\data\\001906.jpg""]",incoming_432,incoming_432:246,1,[],[],[],[],[],[],[],[],[],[],[],[],"[{""source_record_id"": ""incoming_432:246"", ""source"": ""incoming_432"", ""source_path"": ""C:\\Users\\jsw58\\Downloads\\labelling data.csv"", ""source_row"": 246, ""image_id"": ""1906"", ""raw"": {""image_id"": ""1906"", ""year"": ""2020"", ""month"": ""9"", ""day"": ""3"", ""final_date"": ""2022-09-03""}, ""canonical"": {""year"": ""2020"", ""month"": ""09"", ""day"": ""03"", ""final_date"": ""2020-09-03""}, ""review_reason"": [""component_final_mismatch"", ""ocr_visual_review""], ""details"": [""Previously visually inspected; no confirmed decision supplied; retain pending""], ""format_changes"": [""month"", ""day"", ""final_date""]}]",2020,9,3,2022-09-03,,,,2020,09,03,2020-09-03,2020,09,03,2020-09-03,2021,09,03,2021-09-03,component_final_mismatch;ocr_visual_review,approved,true,제조일: 03.09.2020. 소비기한: 03.09.2021. 최종 정답: 2021-09-03. 신규 라벨의 component와 final_date 모두 수정 필요.,user,2026-09-23 사용자 제공 기존 이미지 판독 결과 기록. 제조일: 03.09.2020. 소비기한: 03.09.2021. 최종 정답: 2021-09-03. 신규 라벨의 component와 final_date 모두 수정 필요. 판정 확정; 기존 검수 사유는 이력으로 보존.,true
1910,C:\Users\jsw58\Desktop\itda-ocr\data\001910.jpg,"[""C:\\Users\\jsw58\\Desktop\\itda-ocr\\data\\001910.jpg""]",incoming_432,incoming_432:247,1,[],[],[],[],[],[],[],[],[],[],[],[],"[{""source_record_id"": ""incoming_432:247"", ""source"": ""incoming_432"", ""source_path"": ""C:\\Users\\jsw58\\Downloads\\labelling data.csv"", ""source_row"": 247, ""image_id"": ""1910"", ""raw"": {""image_id"": ""1910"", ""year"": ""2021"", ""month"": ""5"", ""day"": ""7"", ""final_date"": ""2021-05-07""}, ""canonical"": {""year"": ""2021"", ""month"": ""05"", ""day"": ""07"", ""final_date"": ""2021-05-07""}, ""review_reason"": [], ""details"": [], ""format_changes"": [""month"", ""day""]}]",2021,5,7,2021-05-07,,,,2021,05,07,2021-05-07,2021,05,07,2021-05-07,,,,,,ready_for_review,false,,,,false
1912,C:\Users\jsw58\Desktop\itda-ocr\data\001912.jpg,"[""C:\\Users\\jsw58\\Desktop\\itda-ocr\\data\\001912.jpg""]",incoming_432,incoming_432:248,1,[],[],[],[],[],[],[],[],[],[],[],[],"[{""source_record_id"": ""incoming_432:248"", ""source"": ""incoming_432"", ""source_path"": ""C:\\Users\\jsw58\\Downloads\\labelling data.csv"", ""source_row"": 248, ""image_id"": ""1912"", ""raw"": {""image_id"": ""1912"", ""year"": ""2021"", ""month"": ""5"", ""day"": ""21"", ""final_date"": ""2021-05-21""}, ""canonical"": {""year"": ""2021"", ""month"": ""05"", ""day"": ""21"", ""final_date"": ""2021-05-21""}, ""review_reason"": [], ""details"": [], ""format_changes"": [""month""]}]",2021,5,21,2021-05-21,,,,2021,05,21,2021-05-21,2021,05,21,2021-05-21,,,,,,ready_for_review,false,,,,false
1916,C:\Users\jsw58\Desktop\itda-ocr\data\001916.jpg,"[""C:\\Users\\jsw58\\Desktop\\itda-ocr\\data\\001916.jpg""]",incoming_432,incoming_432:249,1,[],[],[],[],[],[],[],[],[],[],[],[],"[{""source_record_id"": ""incoming_432:249"", ""source"": ""incoming_432"", ""source_path"": ""C:\\Users\\jsw58\\Downloads\\labelling data.csv"", ""source_row"": 249, ""image_id"": ""1916"", ""raw"": {""image_id"": ""1916"", ""year"": ""2021"", ""month"": ""6"", ""day"": ""24"", ""final_date"": ""2021-06-24""}, ""canonical"": {""year"": ""2021"", ""month"": ""06"", ""day"": ""24"", ""final_date"": ""2021-06-24""}, ""review_reason"": [], ""details"": [], ""format_changes"": [""month""]}]",2021,6,24,2021-06-24,,,,2021,06,24,2021-06-24,2021,06,24,2021-06-24,,,,,,ready_for_review,false,,,,false
1919,C:\Users\jsw58\Desktop\itda-ocr\data\001919.jpg,"[""C:\\Users\\jsw58\\Desktop\\itda-ocr\\data\\001919.jpg""]",incoming_432,incoming_432:250,1,[],[],[],[],[],[],[],[],[],[],[],[],"[{""source_record_id"": ""incoming_432:250"", ""source"": ""incoming_432"", ""source_path"": ""C:\\Users\\jsw58\\Downloads\\labelling data.csv"", ""source_row"": 250, ""image_id"": ""1919"", ""raw"": {""image_id"": ""1919"", ""year"": ""2023"", ""month"": ""12"", ""day"": ""20"", ""final_date"": ""2023-12-20""}, ""canonical"": {""year"": ""2023"", ""month"": ""12"", ""day"": ""20"", ""final_date"": ""2023-12-20""}, ""review_reason"": [], ""details"": [], ""format_changes"": []}]",2023,12,20,2023-12-20,,,,2023,12,20,2023-12-20,2023,12,20,2023-12-20,,,,,,ready_for_review,false,,,,false
1923,C:\Users\jsw58\Desktop\itda-ocr\data\001923.jpg,"[""C:\\Users\\jsw58\\Desktop\\itda-ocr\\data\\001923.jpg""]",incoming_432,incoming_432:251,1,[],[],[],[],[],[],[],[],[],[],[],[],"[{""source_record_id"": ""incoming_432:251"", ""source"": ""incoming_432"", ""source_path"": ""C:\\Users\\jsw58\\Downloads\\labelling data.csv"", ""source_row"": 251, ""image_id"": ""1923"", ""raw"": {""image_id"": ""1923"", ""year"": ""2022"", ""month"": ""6"", ""day"": ""14"", ""final_date"": ""2022-06-14""}, ""canonical"": {""year"": ""2022"", ""month"": ""06"", ""day"": ""14"", ""final_date"": ""2022-06-14""}, ""review_reason"": [], ""details"": [], ""format_changes"": [""month""]}]",2022,6,14,2022-06-14,,,,2022,06,14,2022-06-14,2022,06,14,2022-06-14,,,,,,ready_for_review,false,,,,false
1925,C:\Users\jsw58\Desktop\itda-ocr\data\001925.jpg,"[""C:\\Users\\jsw58\\Desktop\\itda-ocr\\data\\001925.jpg""]",incoming_432,incoming_432:252,1,[],[],[],[],[],[],[],[],[],[],[],[],"[{""source_record_id"": ""incoming_432:252"", ""source"": ""incoming_432"", ""source_path"": ""C:\\Users\\jsw58\\Downloads\\labelling data.csv"", ""source_row"": 252, ""image_id"": ""1925"", ""raw"": {""image_id"": ""1925"", ""year"": ""2022"", ""month"": ""1"", ""day"": ""21"", ""final_date"": ""2022-01-21""}, ""canonical"": {""year"": ""2022"", ""month"": ""01"", ""day"": ""21"", ""final_date"": ""2022-01-21""}, ""review_reason"": [], ""details"": [], ""format_changes"": [""month""]}]",2022,1,21,2022-01-21,,,,2022,01,21,2022-01-21,2022,01,21,2022-01-21,,,,,,ready_for_review,false,,,,false
1927,C:\Users\jsw58\Desktop\itda-ocr\data\001927.jpg,"[""C:\\Users\\jsw58\\Desktop\\itda-ocr\\data\\001927.jpg""]",incoming_432,incoming_432:253,1,[],[],[],[],[],[],[],[],[],[],[],[],"[{""source_record_id"": ""incoming_432:253"", ""source"": ""incoming_432"", ""source_path"": ""C:\\Users\\jsw58\\Downloads\\labelling data.csv"", ""source_row"": 253, ""image_id"": ""1927"", ""raw"": {""image_id"": ""1927"", ""year"": ""2021"", ""month"": ""4"", ""day"": ""27"", ""final_date"": ""2021-04-27""}, ""canonical"": {""year"": ""2021"", ""month"": ""04"", ""day"": ""27"", ""final_date"": ""2021-04-27""}, ""review_reason"": [], ""details"": [], ""format_changes"": [""month""]}]",2021,4,27,2021-04-27,,,,2021,04,27,2021-04-27,2021,04,27,2021-04-27,,,,,,ready_for_review,false,,,,false
1932,C:\Users\jsw58\Desktop\itda-ocr\data\001932.jpg,"[""C:\\Users\\jsw58\\Desktop\\itda-ocr\\data\\001932.jpg""]",incoming_432,incoming_432:254,1,[],[],[],[],[],[],[],[],[],[],[],[],"[{""source_record_id"": ""incoming_432:254"", ""source"": ""incoming_432"", ""source_path"": ""C:\\Users\\jsw58\\Downloads\\labelling data.csv"", ""source_row"": 254, ""image_id"": ""1932"", ""raw"": {""image_id"": ""1932"", ""year"": ""2022"", ""month"": ""1"", ""day"": ""22"", ""final_date"": ""2022-01-22""}, ""canonical"": {""year"": ""2022"", ""month"": ""01"", ""day"": ""22"", ""final_date"": ""2022-01-22""}, ""review_reason"": [], ""details"": [], ""format_changes"": [""month""]}]",2022,1,22,2022-01-22,,,,2022,01,22,2022-01-22,2022,01,22,2022-01-22,,,,,,ready_for_review,false,,,,false
1936,C:\Users\jsw58\Desktop\itda-ocr\data\001936.jpg,"[""C:\\Users\\jsw58\\Desktop\\itda-ocr\\data\\001936.jpg""]",incoming_432,incoming_432:255,1,[],[],[],[],[],[],[],[],[],[],[],[],"[{""source_record_id"": ""incoming_432:255"", ""source"": ""incoming_432"", ""source_path"": ""C:\\Users\\jsw58\\Downloads\\labelling data.csv"", ""source_row"": 255, ""image_id"": ""1936"", ""raw"": {""image_id"": ""1936"", ""year"": ""2021"", ""month"": ""12"", ""day"": ""21"", ""final_date"": ""2021-12-21""}, ""canonical"": {""year"": ""2021"", ""month"": ""12"", ""day"": ""21"", ""final_date"": ""2021-12-21""}, ""review_reason"": [], ""details"": [], ""format_changes"": []}]",2021,12,21,2021-12-21,,,,2021,12,21,2021-12-21,2021,12,21,2021-12-21,,,,,,ready_for_review,false,,,,false
1938,C:\Users\jsw58\Desktop\itda-ocr\data\001938.jpg,"[""C:\\Users\\jsw58\\Desktop\\itda-ocr\\data\\001938.jpg""]",incoming_432,incoming_432:256,1,[],[],[],[],[],[],[],[],[],[],[],[],"[{""source_record_id"": ""incoming_432:256"", ""source"": ""incoming_432"", ""source_path"": ""C:\\Users\\jsw58\\Downloads\\labelling data.csv"", ""source_row"": 256, ""image_id"": ""1938"", ""raw"": {""image_id"": ""1938"", ""year"": ""2021"", ""month"": ""3"", ""day"": ""NONE"", ""final_date"": ""2021-03-NONE""}, ""canonical"": {""year"": ""2021"", ""month"": ""03"", ""day"": ""NONE"", ""final_date"": ""2021-03-NONE""}, ""review_reason"": [""partial_none""], ""details"": [], ""format_changes"": [""month""]}]",2021,3,NONE,2021-03-NONE,,,,2021,03,NONE,2021-03-NONE,2021,03,NONE,2021-03-NONE,,,,,partial_none,pending,false,,,,false
1940,C:\Users\jsw58\Desktop\itda-ocr\data\001940.jpg,"[""C:\\Users\\jsw58\\Desktop\\itda-ocr\\data\\001940.jpg""]",incoming_432,incoming_432:257,1,[],[],[],[],[],[],[],[],[],[],[],[],"[{""source_record_id"": ""incoming_432:257"", ""source"": ""incoming_432"", ""source_path"": ""C:\\Users\\jsw58\\Downloads\\labelling data.csv"", ""source_row"": 257, ""image_id"": ""1940"", ""raw"": {""image_id"": ""1940"", ""year"": ""2021"", ""month"": ""3"", ""day"": ""14"", ""final_date"": ""2021-03-14""}, ""canonical"": {""year"": ""2021"", ""month"": ""03"", ""day"": ""14"", ""final_date"": ""2021-03-14""}, ""review_reason"": [], ""details"": [], ""format_changes"": [""month""]}]",2021,3,14,2021-03-14,,,,2021,03,14,2021-03-14,2021,03,14,2021-03-14,,,,,,ready_for_review,false,,,,false
1941,C:\Users\jsw58\Desktop\itda-ocr\data\001941.jpg,"[""C:\\Users\\jsw58\\Desktop\\itda-ocr\\data\\001941.jpg""]",incoming_432,incoming_432:258,1,[],[],[],[],[],[],[],[],[],[],[],[],"[{""source_record_id"": ""incoming_432:258"", ""source"": ""incoming_432"", ""source_path"": ""C:\\Users\\jsw58\\Downloads\\labelling data.csv"", ""source_row"": 258, ""image_id"": ""1941"", ""raw"": {""image_id"": ""1941"", ""year"": ""2022"", ""month"": ""5"", ""day"": ""27"", ""final_date"": ""2022-05-27""}, ""canonical"": {""year"": ""2022"", ""month"": ""05"", ""day"": ""27"", ""final_date"": ""2022-05-27""}, ""review_reason"": [], ""details"": [], ""format_changes"": [""month""]}]",2022,5,27,2022-05-27,,,,2022,05,27,2022-05-27,2022,05,27,2022-05-27,,,,,,ready_for_review,false,,,,false
1942,C:\Users\jsw58\Desktop\itda-ocr\data\001942.jpg,"[""C:\\Users\\jsw58\\Desktop\\itda-ocr\\data\\001942.jpg""]",existing_300,existing_300:86,1,"[{""source_record_id"": ""existing_300:86"", ""source"": ""existing_300"", ""source_path"": ""C:\\Users\\jsw58\\Desktop\\itda-ocr\\labels\\labels_300.csv"", ""source_row"": 86, ""image_id"": ""1942"", ""raw"": {""file_name"": ""001942.jpg"", ""image_id"": ""1942"", ""year"": ""2022"", ""month"": ""05"", ""day"": ""27"", ""final_date"": ""2022-05-27"", ""notes"": """", ""Unnamed: 7"": """"}, ""canonical"": {""year"": ""2022"", ""month"": ""05"", ""day"": ""27"", ""final_date"": ""2022-05-27""}, ""review_reason"": [], ""details"": [], ""format_changes"": []}]",2022,05,27,2022-05-27,001942.jpg,,,2022,05,27,2022-05-27,[],[],[],[],[],[],[],[],[],[],[],[],2022,05,27,2022-05-27,,,,,,ready_for_review,false,,,,false
1943,C:\Users\jsw58\Desktop\itda-ocr\data\001943.jpg,"[""C:\\Users\\jsw58\\Desktop\\itda-ocr\\data\\001943.jpg""]",incoming_432,incoming_432:259,1,[],[],[],[],[],[],[],[],[],[],[],[],"[{""source_record_id"": ""incoming_432:259"", ""source"": ""incoming_432"", ""source_path"": ""C:\\Users\\jsw58\\Downloads\\labelling data.csv"", ""source_row"": 259, ""image_id"": ""1943"", ""raw"": {""image_id"": ""1943"", ""year"": ""2023"", ""month"": ""9"", ""day"": ""29"", ""final_date"": ""2023-09-29""}, ""canonical"": {""year"": ""2023"", ""month"": ""09"", ""day"": ""29"", ""final_date"": ""2023-09-29""}, ""review_reason"": [], ""details"": [], ""format_changes"": [""month""]}]",2023,9,29,2023-09-29,,,,2023,09,29,2023-09-29,2023,09,29,2023-09-29,,,,,,ready_for_review,false,,,,false
1944,C:\Users\jsw58\Desktop\itda-ocr\data\001944.jpg,"[""C:\\Users\\jsw58\\Desktop\\itda-ocr\\data\\001944.jpg""]",incoming_432,incoming_432:260,1,[],[],[],[],[],[],[],[],[],[],[],[],"[{""source_record_id"": ""incoming_432:260"", ""source"": ""incoming_432"", ""source_path"": ""C:\\Users\\jsw58\\Downloads\\labelling data.csv"", ""source_row"": 260, ""image_id"": ""1944"", ""raw"": {""image_id"": ""1944"", ""year"": ""2023"", ""month"": ""9"", ""day"": ""29"", ""final_date"": ""2023-09-29""}, ""canonical"": {""year"": ""2023"", ""month"": ""09"", ""day"": ""29"", ""final_date"": ""2023-09-29""}, ""review_reason"": [], ""details"": [], ""format_changes"": [""month""]}]",2023,9,29,2023-09-29,,,,2023,09,29,2023-09-29,2023,09,29,2023-09-29,,,,,,ready_for_review,false,,,,false
1947,C:\Users\jsw58\Desktop\itda-ocr\data\001947.jpg,"[""C:\\Users\\jsw58\\Desktop\\itda-ocr\\data\\001947.jpg""]",incoming_432,incoming_432:261,1,[],[],[],[],[],[],[],[],[],[],[],[],"[{""source_record_id"": ""incoming_432:261"", ""source"": ""incoming_432"", ""source_path"": ""C:\\Users\\jsw58\\Downloads\\labelling data.csv"", ""source_row"": 261, ""image_id"": ""1947"", ""raw"": {""image_id"": ""1947"", ""year"": ""2022"", ""month"": ""8"", ""day"": ""10"", ""final_date"": ""2022-08-10""}, ""canonical"": {""year"": ""2022"", ""month"": ""08"", ""day"": ""10"", ""final_date"": ""2022-08-10""}, ""review_reason"": [], ""details"": [], ""format_changes"": [""month""]}]",2022,8,10,2022-08-10,,,,2022,08,10,2022-08-10,2022,08,10,2022-08-10,,,,,,ready_for_review,false,,,,false
1948,C:\Users\jsw58\Desktop\itda-ocr\data\001948.jpg,"[""C:\\Users\\jsw58\\Desktop\\itda-ocr\\data\\001948.jpg""]",incoming_432,incoming_432:262,1,[],[],[],[],[],[],[],[],[],[],[],[],"[{""source_record_id"": ""incoming_432:262"", ""source"": ""incoming_432"", ""source_path"": ""C:\\Users\\jsw58\\Downloads\\labelling data.csv"", ""source_row"": 262, ""image_id"": ""1948"", ""raw"": {""image_id"": ""1948"", ""year"": ""2022"", ""month"": ""8"", ""day"": ""10"", ""final_date"": ""2022-08-10""}, ""canonical"": {""year"": ""2022"", ""month"": ""08"", ""day"": ""10"", ""final_date"": ""2022-08-10""}, ""review_reason"": [], ""details"": [], ""format_changes"": [""month""]}]",2022,8,10,2022-08-10,,,,2022,08,10,2022-08-10,2022,08,10,2022-08-10,,,,,,ready_for_review,false,,,,false
1953,C:\Users\jsw58\Desktop\itda-ocr\data\001953.jpg,"[""C:\\Users\\jsw58\\Desktop\\itda-ocr\\data\\001953.jpg""]",incoming_432,incoming_432:263,1,[],[],[],[],[],[],[],[],[],[],[],[],"[{""source_record_id"": ""incoming_432:263"", ""source"": ""incoming_432"", ""source_path"": ""C:\\Users\\jsw58\\Downloads\\labelling data.csv"", ""source_row"": 263, ""image_id"": ""1953"", ""raw"": {""image_id"": ""1953"", ""year"": ""2021"", ""month"": ""10"", ""day"": ""NONE"", ""final_date"": ""2021-10-NONE""}, ""canonical"": {""year"": ""2021"", ""month"": ""10"", ""day"": ""NONE"", ""final_date"": ""2021-10-NONE""}, ""review_reason"": [""partial_none""], ""details"": [], ""format_changes"": []}]",2021,10,NONE,2021-10-NONE,,,,2021,10,NONE,2021-10-NONE,2021,10,NONE,2021-10-NONE,,,,,partial_none,pending,false,,,,false
1955,C:\Users\jsw58\Desktop\itda-ocr\data\001955.jpg,"[""C:\\Users\\jsw58\\Desktop\\itda-ocr\\data\\001955.jpg""]",existing_300,existing_300:236,1,"[{""source_record_id"": ""existing_300:236"", ""source"": ""existing_300"", ""source_path"": ""C:\\Users\\jsw58\\Desktop\\itda-ocr\\labels\\labels_300.csv"", ""source_row"": 236, ""image_id"": ""1955"", ""raw"": {""file_name"": ""001955.jpg"", ""image_id"": ""1955"", ""year"": ""2021"", ""month"": ""10"", ""day"": ""NONE"", ""final_date"": ""2021-10-NONE"", ""notes"": ""일 없음, 영어 10월 -> OCT로 표기, 그리고 소비기한 글씨랑 다른 글씨랑 겹쳐져 있음"", ""Unnamed: 7"": """"}, ""canonical"": {""year"": ""2021"", ""month"": ""10"", ""day"": ""NONE"", ""final_date"": ""2021-10-NONE""}, ""review_reason"": [""partial_none""], ""details"": [], ""format_changes"": []}]",2021,10,NONE,2021-10-NONE,001955.jpg,"일 없음, 영어 10월 -> OCT로 표기, 그리고 소비기한 글씨랑 다른 글씨랑 겹쳐져 있음",,2021,10,NONE,2021-10-NONE,[],[],[],[],[],[],[],[],[],[],[],[],2021,10,NONE,2021-10-NONE,,,,,partial_none,pending,false,,,,false
1964,C:\Users\jsw58\Desktop\itda-ocr\data\001964.jpg,"[""C:\\Users\\jsw58\\Desktop\\itda-ocr\\data\\001964.jpg""]",incoming_432,incoming_432:264,1,[],[],[],[],[],[],[],[],[],[],[],[],"[{""source_record_id"": ""incoming_432:264"", ""source"": ""incoming_432"", ""source_path"": ""C:\\Users\\jsw58\\Downloads\\labelling data.csv"", ""source_row"": 264, ""image_id"": ""1964"", ""raw"": {""image_id"": ""1964"", ""year"": ""2021"", ""month"": ""10"", ""day"": ""9"", ""final_date"": ""2021-10-09""}, ""canonical"": {""year"": ""2021"", ""month"": ""10"", ""day"": ""09"", ""final_date"": ""2021-10-09""}, ""review_reason"": [], ""details"": [], ""format_changes"": [""day""]}]",2021,10,9,2021-10-09,,,,2021,10,09,2021-10-09,2021,10,09,2021-10-09,,,,,,ready_for_review,false,,,,false
1971,C:\Users\jsw58\Desktop\itda-ocr\data\001971.jpg,"[""C:\\Users\\jsw58\\Desktop\\itda-ocr\\data\\001971.jpg""]",incoming_432,incoming_432:265,1,[],[],[],[],[],[],[],[],[],[],[],[],"[{""source_record_id"": ""incoming_432:265"", ""source"": ""incoming_432"", ""source_path"": ""C:\\Users\\jsw58\\Downloads\\labelling data.csv"", ""source_row"": 265, ""image_id"": ""1971"", ""raw"": {""image_id"": ""1971"", ""year"": ""2021"", ""month"": ""6"", ""day"": ""18"", ""final_date"": ""2021-06-18""}, ""canonical"": {""year"": ""2021"", ""month"": ""06"", ""day"": ""18"", ""final_date"": ""2021-06-18""}, ""review_reason"": [], ""details"": [], ""format_changes"": [""month""]}]",2021,6,18,2021-06-18,,,,2021,06,18,2021-06-18,2021,06,18,2021-06-18,,,,,,ready_for_review,false,,,,false
1973,C:\Users\jsw58\Desktop\itda-ocr\data\001973.jpg,"[""C:\\Users\\jsw58\\Desktop\\itda-ocr\\data\\001973.jpg""]",incoming_432,incoming_432:266,1,[],[],[],[],[],[],[],[],[],[],[],[],"[{""source_record_id"": ""incoming_432:266"", ""source"": ""incoming_432"", ""source_path"": ""C:\\Users\\jsw58\\Downloads\\labelling data.csv"", ""source_row"": 266, ""image_id"": ""1973"", ""raw"": {""image_id"": ""1973"", ""year"": ""2023"", ""month"": ""3"", ""day"": ""15"", ""final_date"": ""2023-03-15""}, ""canonical"": {""year"": ""2023"", ""month"": ""03"", ""day"": ""15"", ""final_date"": ""2023-03-15""}, ""review_reason"": [], ""details"": [], ""format_changes"": [""month""]}]",2023,3,15,2023-03-15,,,,2023,03,15,2023-03-15,2023,03,15,2023-03-15,,,,,,ready_for_review,false,,,,false
1975,C:\Users\jsw58\Desktop\itda-ocr\data\001975.jpg,"[""C:\\Users\\jsw58\\Desktop\\itda-ocr\\data\\001975.jpg""]",incoming_432,incoming_432:267,1,[],[],[],[],[],[],[],[],[],[],[],[],"[{""source_record_id"": ""incoming_432:267"", ""source"": ""incoming_432"", ""source_path"": ""C:\\Users\\jsw58\\Downloads\\labelling data.csv"", ""source_row"": 267, ""image_id"": ""1975"", ""raw"": {""image_id"": ""1975"", ""year"": ""2021"", ""month"": ""2"", ""day"": ""26"", ""final_date"": ""2021-02-26""}, ""canonical"": {""year"": ""2021"", ""month"": ""02"", ""day"": ""26"", ""final_date"": ""2021-02-26""}, ""review_reason"": [], ""details"": [], ""format_changes"": [""month""]}]",2021,2,26,2021-02-26,,,,2021,02,26,2021-02-26,2021,02,26,2021-02-26,,,,,,ready_for_review,false,,,,false
1977,C:\Users\jsw58\Desktop\itda-ocr\data\001977.jpg,"[""C:\\Users\\jsw58\\Desktop\\itda-ocr\\data\\001977.jpg""]",existing_300,existing_300:237,1,"[{""source_record_id"": ""existing_300:237"", ""source"": ""existing_300"", ""source_path"": ""C:\\Users\\jsw58\\Desktop\\itda-ocr\\labels\\labels_300.csv"", ""source_row"": 237, ""image_id"": ""1977"", ""raw"": {""file_name"": ""001977.jpg"", ""image_id"": ""1977"", ""year"": ""2021"", ""month"": ""01"", ""day"": ""14"", ""final_date"": ""2021-01-14"", ""notes"": ""TETT로 표기"", ""Unnamed: 7"": """"}, ""canonical"": {""year"": ""2021"", ""month"": ""01"", ""day"": ""14"", ""final_date"": ""2021-01-14""}, ""review_reason"": [], ""details"": [], ""format_changes"": []}]",2021,01,14,2021-01-14,001977.jpg,TETT로 표기,,2021,01,14,2021-01-14,[],[],[],[],[],[],[],[],[],[],[],[],2021,01,14,2021-01-14,,,,,,ready_for_review,false,,,,false
1979,C:\Users\jsw58\Desktop\itda-ocr\data\001979.jpg,"[""C:\\Users\\jsw58\\Desktop\\itda-ocr\\data\\001979.jpg""]",incoming_432,incoming_432:268,1,[],[],[],[],[],[],[],[],[],[],[],[],"[{""source_record_id"": ""incoming_432:268"", ""source"": ""incoming_432"", ""source_path"": ""C:\\Users\\jsw58\\Downloads\\labelling data.csv"", ""source_row"": 268, ""image_id"": ""1979"", ""raw"": {""image_id"": ""1979"", ""year"": ""2020"", ""month"": ""11"", ""day"": ""4"", ""final_date"": ""2020-11-04""}, ""canonical"": {""year"": ""2020"", ""month"": ""11"", ""day"": ""04"", ""final_date"": ""2020-11-04""}, ""review_reason"": [], ""details"": [], ""format_changes"": [""day""]}]",2020,11,4,2020-11-04,,,,2020,11,04,2020-11-04,2020,11,04,2020-11-04,,,,,,ready_for_review,false,,,,false
1980,C:\Users\jsw58\Desktop\itda-ocr\data\001980.jpg,"[""C:\\Users\\jsw58\\Desktop\\itda-ocr\\data\\001980.jpg""]",existing_300,existing_300:238,1,"[{""source_record_id"": ""existing_300:238"", ""source"": ""existing_300"", ""source_path"": ""C:\\Users\\jsw58\\Desktop\\itda-ocr\\labels\\labels_300.csv"", ""source_row"": 238, ""image_id"": ""1980"", ""raw"": {""file_name"": ""001980.jpg"", ""image_id"": ""1980"", ""year"": ""2022"", ""month"": ""10"", ""day"": ""15"", ""final_date"": ""2022-10-15"", ""notes"": ""사용기한으로 표기"", ""Unnamed: 7"": """"}, ""canonical"": {""year"": ""2022"", ""month"": ""10"", ""day"": ""15"", ""final_date"": ""2022-10-15""}, ""review_reason"": [], ""details"": [], ""format_changes"": []}]",2022,10,15,2022-10-15,001980.jpg,사용기한으로 표기,,2022,10,15,2022-10-15,[],[],[],[],[],[],[],[],[],[],[],[],2022,10,15,2022-10-15,,,,,,ready_for_review,false,,,,false
1982,C:\Users\jsw58\Desktop\itda-ocr\data\001982.jpg,"[""C:\\Users\\jsw58\\Desktop\\itda-ocr\\data\\001982.jpg""]",existing_300,existing_300:239,1,"[{""source_record_id"": ""existing_300:239"", ""source"": ""existing_300"", ""source_path"": ""C:\\Users\\jsw58\\Desktop\\itda-ocr\\labels\\labels_300.csv"", ""source_row"": 239, ""image_id"": ""1982"", ""raw"": {""file_name"": ""001982.jpg"", ""image_id"": ""1982"", ""year"": ""2021"", ""month"": ""10"", ""day"": ""20"", ""final_date"": ""2021-10-20"", ""notes"": """", ""Unnamed: 7"": """"}, ""canonical"": {""year"": ""2021"", ""month"": ""10"", ""day"": ""20"", ""final_date"": ""2021-10-20""}, ""review_reason"": [], ""details"": [], ""format_changes"": []}]",2021,10,20,2021-10-20,001982.jpg,,,2021,10,20,2021-10-20,[],[],[],[],[],[],[],[],[],[],[],[],2021,10,20,2021-10-20,,,,,,ready_for_review,false,,,,false
1983,C:\Users\jsw58\Desktop\itda-ocr\data\001983.jpg,"[""C:\\Users\\jsw58\\Desktop\\itda-ocr\\data\\001983.jpg""]",incoming_432,incoming_432:269,1,[],[],[],[],[],[],[],[],[],[],[],[],"[{""source_record_id"": ""incoming_432:269"", ""source"": ""incoming_432"", ""source_path"": ""C:\\Users\\jsw58\\Downloads\\labelling data.csv"", ""source_row"": 269, ""image_id"": ""1983"", ""raw"": {""image_id"": ""1983"", ""year"": ""2021"", ""month"": ""10"", ""day"": ""20"", ""final_date"": ""2021-10-20""}, ""canonical"": {""year"": ""2021"", ""month"": ""10"", ""day"": ""20"", ""final_date"": ""2021-10-20""}, ""review_reason"": [], ""details"": [], ""format_changes"": []}]",2021,10,20,2021-10-20,,,,2021,10,20,2021-10-20,2021,10,20,2021-10-20,,,,,,ready_for_review,false,,,,false
1988,C:\Users\jsw58\Desktop\itda-ocr\data\001988.jpg,"[""C:\\Users\\jsw58\\Desktop\\itda-ocr\\data\\001988.jpg""]",incoming_432,incoming_432:270,1,[],[],[],[],[],[],[],[],[],[],[],[],"[{""source_record_id"": ""incoming_432:270"", ""source"": ""incoming_432"", ""source_path"": ""C:\\Users\\jsw58\\Downloads\\labelling data.csv"", ""source_row"": 270, ""image_id"": ""1988"", ""raw"": {""image_id"": ""1988"", ""year"": ""2021"", ""month"": ""12"", ""day"": ""28"", ""final_date"": ""2021-12-28""}, ""canonical"": {""year"": ""2021"", ""month"": ""12"", ""day"": ""28"", ""final_date"": ""2021-12-28""}, ""review_reason"": [], ""details"": [], ""format_changes"": []}]",2021,12,28,2021-12-28,,,,2021,12,28,2021-12-28,2021,12,28,2021-12-28,,,,,,ready_for_review,false,,,,false
1992,C:\Users\jsw58\Desktop\itda-ocr\data\001992.jpg,"[""C:\\Users\\jsw58\\Desktop\\itda-ocr\\data\\001992.jpg""]",incoming_432,incoming_432:271,1,[],[],[],[],[],[],[],[],[],[],[],[],"[{""source_record_id"": ""incoming_432:271"", ""source"": ""incoming_432"", ""source_path"": ""C:\\Users\\jsw58\\Downloads\\labelling data.csv"", ""source_row"": 271, ""image_id"": ""1992"", ""raw"": {""image_id"": ""1992"", ""year"": ""2021"", ""month"": ""12"", ""day"": ""28"", ""final_date"": ""2021-12-28""}, ""canonical"": {""year"": ""2021"", ""month"": ""12"", ""day"": ""28"", ""final_date"": ""2021-12-28""}, ""review_reason"": [], ""details"": [], ""format_changes"": []}]",2021,12,28,2021-12-28,,,,2021,12,28,2021-12-28,2021,12,28,2021-12-28,,,,,,ready_for_review,false,,,,false
1996,C:\Users\jsw58\Desktop\itda-ocr\data\001996.jpg,"[""C:\\Users\\jsw58\\Desktop\\itda-ocr\\data\\001996.jpg""]",incoming_432,incoming_432:272,1,[],[],[],[],[],[],[],[],[],[],[],[],"[{""source_record_id"": ""incoming_432:272"", ""source"": ""incoming_432"", ""source_path"": ""C:\\Users\\jsw58\\Downloads\\labelling data.csv"", ""source_row"": 272, ""image_id"": ""1996"", ""raw"": {""image_id"": ""1996"", ""year"": ""2021"", ""month"": ""12"", ""day"": ""18"", ""final_date"": ""2021-12-18""}, ""canonical"": {""year"": ""2021"", ""month"": ""12"", ""day"": ""18"", ""final_date"": ""2021-12-18""}, ""review_reason"": [], ""details"": [], ""format_changes"": []}]",2021,12,18,2021-12-18,,,,2021,12,18,2021-12-18,2021,12,18,2021-12-18,,,,,,ready_for_review,false,,,,false
2003,C:\Users\jsw58\Desktop\itda-ocr\data\002003.jpg,"[""C:\\Users\\jsw58\\Desktop\\itda-ocr\\data\\002003.jpg""]",existing_300,existing_300:87,1,"[{""source_record_id"": ""existing_300:87"", ""source"": ""existing_300"", ""source_path"": ""C:\\Users\\jsw58\\Desktop\\itda-ocr\\labels\\labels_300.csv"", ""source_row"": 87, ""image_id"": ""2003"", ""raw"": {""file_name"": ""002003.jpg"", ""image_id"": ""2003"", ""year"": ""2022"", ""month"": ""05"", ""day"": ""15"", ""final_date"": ""2022-05-15"", ""notes"": """", ""Unnamed: 7"": """"}, ""canonical"": {""year"": ""2022"", ""month"": ""05"", ""day"": ""15"", ""final_date"": ""2022-05-15""}, ""review_reason"": [], ""details"": [], ""format_changes"": []}]",2022,05,15,2022-05-15,002003.jpg,,,2022,05,15,2022-05-15,[],[],[],[],[],[],[],[],[],[],[],[],2022,05,15,2022-05-15,,,,,,ready_for_review,false,,,,false
2008,C:\Users\jsw58\Desktop\itda-ocr\data\002008.jpg,"[""C:\\Users\\jsw58\\Desktop\\itda-ocr\\data\\002008.jpg""]",incoming_432,incoming_432:273,1,[],[],[],[],[],[],[],[],[],[],[],[],"[{""source_record_id"": ""incoming_432:273"", ""source"": ""incoming_432"", ""source_path"": ""C:\\Users\\jsw58\\Downloads\\labelling data.csv"", ""source_row"": 273, ""image_id"": ""2008"", ""raw"": {""image_id"": ""2008"", ""year"": ""2022"", ""month"": ""1"", ""day"": ""14"", ""final_date"": ""2022-01-14""}, ""canonical"": {""year"": ""2022"", ""month"": ""01"", ""day"": ""14"", ""final_date"": ""2022-01-14""}, ""review_reason"": [], ""details"": [], ""format_changes"": [""month""]}]",2022,1,14,2022-01-14,,,,2022,01,14,2022-01-14,2022,01,14,2022-01-14,,,,,,ready_for_review,false,,,,false
2009,C:\Users\jsw58\Desktop\itda-ocr\data\002009.jpg,"[""C:\\Users\\jsw58\\Desktop\\itda-ocr\\data\\002009.jpg""]",incoming_432,incoming_432:274,1,[],[],[],[],[],[],[],[],[],[],[],[],"[{""source_record_id"": ""incoming_432:274"", ""source"": ""incoming_432"", ""source_path"": ""C:\\Users\\jsw58\\Downloads\\labelling data.csv"", ""source_row"": 274, ""image_id"": ""2009"", ""raw"": {""image_id"": ""2009"", ""year"": ""2021"", ""month"": ""12"", ""day"": ""2"", ""final_date"": ""2021-12-02""}, ""canonical"": {""year"": ""2021"", ""month"": ""12"", ""day"": ""02"", ""final_date"": ""2021-12-02""}, ""review_reason"": [], ""details"": [], ""format_changes"": [""day""]}]",2021,12,2,2021-12-02,,,,2021,12,02,2021-12-02,2021,12,02,2021-12-02,,,,,,ready_for_review,false,,,,false
2011,C:\Users\jsw58\Desktop\itda-ocr\data\002011.jpg,"[""C:\\Users\\jsw58\\Desktop\\itda-ocr\\data\\002011.jpg""]",existing_300,existing_300:88,1,"[{""source_record_id"": ""existing_300:88"", ""source"": ""existing_300"", ""source_path"": ""C:\\Users\\jsw58\\Desktop\\itda-ocr\\labels\\labels_300.csv"", ""source_row"": 88, ""image_id"": ""2011"", ""raw"": {""file_name"": ""002011.jpg"", ""image_id"": ""2011"", ""year"": ""2020"", ""month"": ""06"", ""day"": ""30"", ""final_date"": ""2020-06-30"", ""notes"": ""불완전한 숫자(06)"", ""Unnamed: 7"": """"}, ""canonical"": {""year"": ""2020"", ""month"": ""06"", ""day"": ""30"", ""final_date"": ""2020-06-30""}, ""review_reason"": [], ""details"": [], ""format_changes"": []}]",2020,06,30,2020-06-30,002011.jpg,불완전한 숫자(06),,2020,06,30,2020-06-30,[],[],[],[],[],[],[],[],[],[],[],[],2020,06,30,2020-06-30,,,,,,ready_for_review,false,,,,false
2012,C:\Users\jsw58\Desktop\itda-ocr\data\002012.jpg,"[""C:\\Users\\jsw58\\Desktop\\itda-ocr\\data\\002012.jpg""]",incoming_432,incoming_432:275,1,[],[],[],[],[],[],[],[],[],[],[],[],"[{""source_record_id"": ""incoming_432:275"", ""source"": ""incoming_432"", ""source_path"": ""C:\\Users\\jsw58\\Downloads\\labelling data.csv"", ""source_row"": 275, ""image_id"": ""2012"", ""raw"": {""image_id"": ""2012"", ""year"": ""2020"", ""month"": ""6"", ""day"": ""30"", ""final_date"": ""2020-06-30""}, ""canonical"": {""year"": ""2020"", ""month"": ""06"", ""day"": ""30"", ""final_date"": ""2020-06-30""}, ""review_reason"": [], ""details"": [], ""format_changes"": [""month""]}]",2020,6,30,2020-06-30,,,,2020,06,30,2020-06-30,2020,06,30,2020-06-30,,,,,,ready_for_review,false,,,,false
2015,C:\Users\jsw58\Desktop\itda-ocr\data\002015.jpg,"[""C:\\Users\\jsw58\\Desktop\\itda-ocr\\data\\002015.jpg""]",incoming_432,incoming_432:276,1,[],[],[],[],[],[],[],[],[],[],[],[],"[{""source_record_id"": ""incoming_432:276"", ""source"": ""incoming_432"", ""source_path"": ""C:\\Users\\jsw58\\Downloads\\labelling data.csv"", ""source_row"": 276, ""image_id"": ""2015"", ""raw"": {""image_id"": ""2015"", ""year"": ""2023"", ""month"": ""6"", ""day"": ""28"", ""final_date"": ""2023-06-28""}, ""canonical"": {""year"": ""2023"", ""month"": ""06"", ""day"": ""28"", ""final_date"": ""2023-06-28""}, ""review_reason"": [], ""details"": [], ""format_changes"": [""month""]}]",2023,6,28,2023-06-28,,,,2023,06,28,2023-06-28,2023,06,28,2023-06-28,,,,,,ready_for_review,false,,,,false
2019,C:\Users\jsw58\Desktop\itda-ocr\data\002019.jpg,"[""C:\\Users\\jsw58\\Desktop\\itda-ocr\\data\\002019.jpg""]",existing_300,existing_300:89,1,"[{""source_record_id"": ""existing_300:89"", ""source"": ""existing_300"", ""source_path"": ""C:\\Users\\jsw58\\Desktop\\itda-ocr\\labels\\labels_300.csv"", ""source_row"": 89, ""image_id"": ""2019"", ""raw"": {""file_name"": ""002019.jpg"", ""image_id"": ""2019"", ""year"": ""2022"", ""month"": ""03"", ""day"": ""09"", ""final_date"": ""2022-03-09"", ""notes"": ""DD/MM/YYYY"", ""Unnamed: 7"": """"}, ""canonical"": {""year"": ""2022"", ""month"": ""03"", ""day"": ""09"", ""final_date"": ""2022-03-09""}, ""review_reason"": [], ""details"": [], ""format_changes"": []}]",2022,03,09,2022-03-09,002019.jpg,DD/MM/YYYY,,2022,03,09,2022-03-09,[],[],[],[],[],[],[],[],[],[],[],[],2022,03,09,2022-03-09,,,,,,ready_for_review,false,,,,false
2022,C:\Users\jsw58\Desktop\itda-ocr\data\002022.jpg,"[""C:\\Users\\jsw58\\Desktop\\itda-ocr\\data\\002022.jpg""]",incoming_432,incoming_432:277,1,[],[],[],[],[],[],[],[],[],[],[],[],"[{""source_record_id"": ""incoming_432:277"", ""source"": ""incoming_432"", ""source_path"": ""C:\\Users\\jsw58\\Downloads\\labelling data.csv"", ""source_row"": 277, ""image_id"": ""2022"", ""raw"": {""image_id"": ""2022"", ""year"": ""2022"", ""month"": ""4"", ""day"": ""9"", ""final_date"": ""2022-04-09""}, ""canonical"": {""year"": ""2022"", ""month"": ""04"", ""day"": ""09"", ""final_date"": ""2022-04-09""}, ""review_reason"": [], ""details"": [], ""format_changes"": [""month"", ""day""]}]",2022,4,9,2022-04-09,,,,2022,04,09,2022-04-09,2022,04,09,2022-04-09,,,,,,ready_for_review,false,,,,false
2026,C:\Users\jsw58\Desktop\itda-ocr\data\002026.jpg,"[""C:\\Users\\jsw58\\Desktop\\itda-ocr\\data\\002026.jpg""]",incoming_432,incoming_432:278,1,[],[],[],[],[],[],[],[],[],[],[],[],"[{""source_record_id"": ""incoming_432:278"", ""source"": ""incoming_432"", ""source_path"": ""C:\\Users\\jsw58\\Downloads\\labelling data.csv"", ""source_row"": 278, ""image_id"": ""2026"", ""raw"": {""image_id"": ""2026"", ""year"": ""2020"", ""month"": ""1"", ""day"": ""3"", ""final_date"": ""2020-01-03""}, ""canonical"": {""year"": ""2020"", ""month"": ""01"", ""day"": ""03"", ""final_date"": ""2020-01-03""}, ""review_reason"": [], ""details"": [], ""format_changes"": [""month"", ""day""]}]",2020,1,3,2020-01-03,,,,2020,01,03,2020-01-03,2020,01,03,2020-01-03,,,,,,ready_for_review,false,,,,false
2030,C:\Users\jsw58\Desktop\itda-ocr\data\002030.jpg,"[""C:\\Users\\jsw58\\Desktop\\itda-ocr\\data\\002030.jpg""]",incoming_432,incoming_432:279,1,[],[],[],[],[],[],[],[],[],[],[],[],"[{""source_record_id"": ""incoming_432:279"", ""source"": ""incoming_432"", ""source_path"": ""C:\\Users\\jsw58\\Downloads\\labelling data.csv"", ""source_row"": 279, ""image_id"": ""2030"", ""raw"": {""image_id"": ""2030"", ""year"": ""2019"", ""month"": ""11"", ""day"": ""18"", ""final_date"": ""2019-11-18""}, ""canonical"": {""year"": ""2019"", ""month"": ""11"", ""day"": ""18"", ""final_date"": ""2019-11-18""}, ""review_reason"": [], ""details"": [], ""format_changes"": []}]",2019,11,18,2019-11-18,,,,2019,11,18,2019-11-18,2019,11,18,2019-11-18,,,,,,ready_for_review,false,,,,false
2033,C:\Users\jsw58\Desktop\itda-ocr\data\002033.jpg,"[""C:\\Users\\jsw58\\Desktop\\itda-ocr\\data\\002033.jpg""]",existing_300;incoming_432,existing_300:240;incoming_432:280,2,"[{""source_record_id"": ""existing_300:240"", ""source"": ""existing_300"", ""source_path"": ""C:\\Users\\jsw58\\Desktop\\itda-ocr\\labels\\labels_300.csv"", ""source_row"": 240, ""image_id"": ""2033"", ""raw"": {""file_name"": ""002033.jpg"", ""image_id"": ""2033"", ""year"": ""2022"", ""month"": ""03"", ""day"": ""22"", ""final_date"": ""2022-03-22"", ""notes"": ""유통기한"", ""Unnamed: 7"": """"}, ""canonical"": {""year"": ""2022"", ""month"": ""03"", ""day"": ""22"", ""final_date"": ""2022-03-22""}, ""review_reason"": [], ""details"": [], ""format_changes"": []}]",2022,03,22,2022-03-22,002033.jpg,유통기한,,2022,03,22,2022-03-22,"[{""source_record_id"": ""incoming_432:280"", ""source"": ""incoming_432"", ""source_path"": ""C:\\Users\\jsw58\\Downloads\\labelling data.csv"", ""source_row"": 280, ""image_id"": ""2033"", ""raw"": {""image_id"": ""2033"", ""year"": ""2022"", ""month"": ""3"", ""day"": ""22"", ""final_date"": ""2022-03-22""}, ""canonical"": {""year"": ""2022"", ""month"": ""03"", ""day"": ""22"", ""final_date"": ""2022-03-22""}, ""review_reason"": [], ""details"": [], ""format_changes"": [""month""]}]",2022,3,22,2022-03-22,,,,2022,03,22,2022-03-22,2022,03,22,2022-03-22,,,,,,ready_for_review,false,,,,false
2034,C:\Users\jsw58\Desktop\itda-ocr\data\002034.jpg,"[""C:\\Users\\jsw58\\Desktop\\itda-ocr\\data\\002034.jpg""]",existing_300,existing_300:241,1,"[{""source_record_id"": ""existing_300:241"", ""source"": ""existing_300"", ""source_path"": ""C:\\Users\\jsw58\\Desktop\\itda-ocr\\labels\\labels_300.csv"", ""source_row"": 241, ""image_id"": ""2034"", ""raw"": {""file_name"": ""002034.jpg"", ""image_id"": ""2034"", ""year"": ""2020"", ""month"": ""12"", ""day"": ""17"", ""final_date"": ""2020-12-17"", ""notes"": ""거꾸로, 그리고 글씨가 다른 것에 비해 작고 귀여움(?)"", ""Unnamed: 7"": """"}, ""canonical"": {""year"": ""2020"", ""month"": ""12"", ""day"": ""17"", ""final_date"": ""2020-12-17""}, ""review_reason"": [""ambiguous_date_order""], ""details"": [""Existing date_parser README documents order ambiguity""], ""format_changes"": []}]",2020,12,17,2020-12-17,002034.jpg,"거꾸로, 그리고 글씨가 다른 것에 비해 작고 귀여움(?)",,2020,12,17,2020-12-17,[],[],[],[],[],[],[],[],[],[],[],[],2020,12,17,2020-12-17,,,,,ambiguous_date_order,pending,false,,,,false
2037,C:\Users\jsw58\Desktop\itda-ocr\data\002037.jpg,"[""C:\\Users\\jsw58\\Desktop\\itda-ocr\\data\\002037.jpg""]",existing_300,existing_300:242,1,"[{""source_record_id"": ""existing_300:242"", ""source"": ""existing_300"", ""source_path"": ""C:\\Users\\jsw58\\Desktop\\itda-ocr\\labels\\labels_300.csv"", ""source_row"": 242, ""image_id"": ""2037"", ""raw"": {""file_name"": ""002037.jpg"", ""image_id"": ""2037"", ""year"": ""2020"", ""month"": ""08"", ""day"": ""22"", ""final_date"": ""2020-08-22"", ""notes"": ""BEST BY로 표기"", ""Unnamed: 7"": """"}, ""canonical"": {""year"": ""2020"", ""month"": ""08"", ""day"": ""22"", ""final_date"": ""2020-08-22""}, ""review_reason"": [], ""details"": [], ""format_changes"": []}]",2020,08,22,2020-08-22,002037.jpg,BEST BY로 표기,,2020,08,22,2020-08-22,[],[],[],[],[],[],[],[],[],[],[],[],2020,08,22,2020-08-22,,,,,,ready_for_review,false,,,,false
2041,C:\Users\jsw58\Desktop\itda-ocr\data\002041.jpg,"[""C:\\Users\\jsw58\\Desktop\\itda-ocr\\data\\002041.jpg""]",existing_300,existing_300:90,1,"[{""source_record_id"": ""existing_300:90"", ""source"": ""existing_300"", ""source_path"": ""C:\\Users\\jsw58\\Desktop\\itda-ocr\\labels\\labels_300.csv"", ""source_row"": 90, ""image_id"": ""2041"", ""raw"": {""file_name"": ""002041.jpg"", ""image_id"": ""2041"", ""year"": ""2020"", ""month"": ""08"", ""day"": ""27"", ""final_date"": ""2020-08-27"", ""notes"": """", ""Unnamed: 7"": """"}, ""canonical"": {""year"": ""2020"", ""month"": ""08"", ""day"": ""27"", ""final_date"": ""2020-08-27""}, ""review_reason"": [], ""details"": [], ""format_changes"": []}]",2020,08,27,2020-08-27,002041.jpg,,,2020,08,27,2020-08-27,[],[],[],[],[],[],[],[],[],[],[],[],2020,08,27,2020-08-27,,,,,,ready_for_review,false,,,,false
2042,C:\Users\jsw58\Desktop\itda-ocr\data\002042.jpg,"[""C:\\Users\\jsw58\\Desktop\\itda-ocr\\data\\002042.jpg""]",existing_300;incoming_432,existing_300:243;incoming_432:281,2,"[{""source_record_id"": ""existing_300:243"", ""source"": ""existing_300"", ""source_path"": ""C:\\Users\\jsw58\\Desktop\\itda-ocr\\labels\\labels_300.csv"", ""source_row"": 243, ""image_id"": ""2042"", ""raw"": {""file_name"": ""002042.jpg"", ""image_id"": ""2042"", ""year"": ""2020"", ""month"": ""08"", ""day"": ""27"", ""final_date"": ""2020-08-27"", ""notes"": ""까지, 어두운 편의 사진"", ""Unnamed: 7"": """"}, ""canonical"": {""year"": ""2020"", ""month"": ""08"", ""day"": ""27"", ""final_date"": ""2020-08-27""}, ""review_reason"": [], ""details"": [], ""format_changes"": []}]",2020,08,27,2020-08-27,002042.jpg,"까지, 어두운 편의 사진",,2020,08,27,2020-08-27,"[{""source_record_id"": ""incoming_432:281"", ""source"": ""incoming_432"", ""source_path"": ""C:\\Users\\jsw58\\Downloads\\labelling data.csv"", ""source_row"": 281, ""image_id"": ""2042"", ""raw"": {""image_id"": ""2042"", ""year"": ""2020"", ""month"": ""8"", ""day"": ""27"", ""final_date"": ""2020-08-27""}, ""canonical"": {""year"": ""2020"", ""month"": ""08"", ""day"": ""27"", ""final_date"": ""2020-08-27""}, ""review_reason"": [], ""details"": [], ""format_changes"": [""month""]}]",2020,8,27,2020-08-27,,,,2020,08,27,2020-08-27,2020,08,27,2020-08-27,,,,,,ready_for_review,false,,,,false
2048,C:\Users\jsw58\Desktop\itda-ocr\data\002048.jpg,"[""C:\\Users\\jsw58\\Desktop\\itda-ocr\\data\\002048.jpg""]",incoming_432,incoming_432:282,1,[],[],[],[],[],[],[],[],[],[],[],[],"[{""source_record_id"": ""incoming_432:282"", ""source"": ""incoming_432"", ""source_path"": ""C:\\Users\\jsw58\\Downloads\\labelling data.csv"", ""source_row"": 282, ""image_id"": ""2048"", ""raw"": {""image_id"": ""2048"", ""year"": ""2021"", ""month"": ""7"", ""day"": ""31"", ""final_date"": ""2021-07-31""}, ""canonical"": {""year"": ""2021"", ""month"": ""07"", ""day"": ""31"", ""final_date"": ""2021-07-31""}, ""review_reason"": [], ""details"": [], ""format_changes"": [""month""]}]",2021,7,31,2021-07-31,,,,2021,07,31,2021-07-31,2021,07,31,2021-07-31,,,,,,ready_for_review,false,,,,false
2051,C:\Users\jsw58\Desktop\itda-ocr\data\002051.jpg,"[""C:\\Users\\jsw58\\Desktop\\itda-ocr\\data\\002051.jpg""]",incoming_432,incoming_432:283,1,[],[],[],[],[],[],[],[],[],[],[],[],"[{""source_record_id"": ""incoming_432:283"", ""source"": ""incoming_432"", ""source_path"": ""C:\\Users\\jsw58\\Downloads\\labelling data.csv"", ""source_row"": 283, ""image_id"": ""2051"", ""raw"": {""image_id"": ""2051"", ""year"": ""NONE"", ""month"": ""4"", ""day"": ""14"", ""final_date"": ""NONE-04-14""}, ""canonical"": {""year"": ""NONE"", ""month"": ""04"", ""day"": ""14"", ""final_date"": ""NONE-04-14""}, ""review_reason"": [""partial_none""], ""details"": [], ""format_changes"": [""month""]}]",NONE,4,14,NONE-04-14,,,,NONE,04,14,NONE-04-14,NONE,04,14,NONE-04-14,,,,,partial_none,pending,false,,,,false
2055,C:\Users\jsw58\Desktop\itda-ocr\data\002055.jpg,"[""C:\\Users\\jsw58\\Desktop\\itda-ocr\\data\\002055.jpg""]",incoming_432,incoming_432:284,1,[],[],[],[],[],[],[],[],[],[],[],[],"[{""source_record_id"": ""incoming_432:284"", ""source"": ""incoming_432"", ""source_path"": ""C:\\Users\\jsw58\\Downloads\\labelling data.csv"", ""source_row"": 284, ""image_id"": ""2055"", ""raw"": {""image_id"": ""2055"", ""year"": ""2021"", ""month"": ""12"", ""day"": ""NONE"", ""final_date"": ""2021-12-NONE""}, ""canonical"": {""year"": ""2021"", ""month"": ""12"", ""day"": ""NONE"", ""final_date"": ""2021-12-NONE""}, ""review_reason"": [""partial_none""], ""details"": [], ""format_changes"": []}]",2021,12,NONE,2021-12-NONE,,,,2021,12,NONE,2021-12-NONE,2021,12,NONE,2021-12-NONE,,,,,partial_none,pending,false,,,,false
2062,C:\Users\jsw58\Desktop\itda-ocr\data\002062.jpg,"[""C:\\Users\\jsw58\\Desktop\\itda-ocr\\data\\002062.jpg""]",existing_300,existing_300:91,1,"[{""source_record_id"": ""existing_300:91"", ""source"": ""existing_300"", ""source_path"": ""C:\\Users\\jsw58\\Desktop\\itda-ocr\\labels\\labels_300.csv"", ""source_row"": 91, ""image_id"": ""2062"", ""raw"": {""file_name"": ""002062.jpg"", ""image_id"": ""2062"", ""year"": ""2023"", ""month"": ""02"", ""day"": ""NONE"", ""final_date"": ""2023-02-none"", ""notes"": """", ""Unnamed: 7"": """"}, ""canonical"": {""year"": ""2023"", ""month"": ""02"", ""day"": ""NONE"", ""final_date"": ""2023-02-NONE""}, ""review_reason"": [""partial_none""], ""details"": [], ""format_changes"": [""final_date""]}]",2023,02,NONE,2023-02-none,002062.jpg,,,2023,02,NONE,2023-02-NONE,[],[],[],[],[],[],[],[],[],[],[],[],2023,02,NONE,2023-02-NONE,,,,,partial_none,pending,false,,,,false
2063,C:\Users\jsw58\Desktop\itda-ocr\data\002063.jpg,"[""C:\\Users\\jsw58\\Desktop\\itda-ocr\\data\\002063.jpg""]",incoming_432,incoming_432:285,1,[],[],[],[],[],[],[],[],[],[],[],[],"[{""source_record_id"": ""incoming_432:285"", ""source"": ""incoming_432"", ""source_path"": ""C:\\Users\\jsw58\\Downloads\\labelling data.csv"", ""source_row"": 285, ""image_id"": ""2063"", ""raw"": {""image_id"": ""2063"", ""year"": ""2023"", ""month"": ""2"", ""day"": ""NONE"", ""final_date"": ""2023-02-NONE""}, ""canonical"": {""year"": ""2023"", ""month"": ""02"", ""day"": ""NONE"", ""final_date"": ""2023-02-NONE""}, ""review_reason"": [""partial_none""], ""details"": [], ""format_changes"": [""month""]}]",2023,2,NONE,2023-02-NONE,,,,2023,02,NONE,2023-02-NONE,2023,02,NONE,2023-02-NONE,,,,,partial_none,pending,false,,,,false
2066,C:\Users\jsw58\Desktop\itda-ocr\data\002066.jpg,"[""C:\\Users\\jsw58\\Desktop\\itda-ocr\\data\\002066.jpg""]",existing_300,existing_300:244,1,"[{""source_record_id"": ""existing_300:244"", ""source"": ""existing_300"", ""source_path"": ""C:\\Users\\jsw58\\Desktop\\itda-ocr\\labels\\labels_300.csv"", ""source_row"": 244, ""image_id"": ""2066"", ""raw"": {""file_name"": ""002066.jpg"", ""image_id"": ""2066"", ""year"": ""2020"", ""month"": ""04"", ""day"": ""30"", ""final_date"": ""2020-04-30"", ""notes"": ""유통기한 (산란일자가 위에 있어서 숫자 2개)"", ""Unnamed: 7"": """"}, ""canonical"": {""year"": ""2020"", ""month"": ""04"", ""day"": ""30"", ""final_date"": ""2020-04-30""}, ""review_reason"": [], ""details"": [], ""format_changes"": []}]",2020,04,30,2020-04-30,002066.jpg,유통기한 (산란일자가 위에 있어서 숫자 2개),,2020,04,30,2020-04-30,[],[],[],[],[],[],[],[],[],[],[],[],2020,04,30,2020-04-30,,,,,,ready_for_review,false,,,,false
2067,C:\Users\jsw58\Desktop\itda-ocr\data\002067.jpg,"[""C:\\Users\\jsw58\\Desktop\\itda-ocr\\data\\002067.jpg""]",incoming_432,incoming_432:286,1,[],[],[],[],[],[],[],[],[],[],[],[],"[{""source_record_id"": ""incoming_432:286"", ""source"": ""incoming_432"", ""source_path"": ""C:\\Users\\jsw58\\Downloads\\labelling data.csv"", ""source_row"": 286, ""image_id"": ""2067"", ""raw"": {""image_id"": ""2067"", ""year"": ""2020"", ""month"": ""4"", ""day"": ""30"", ""final_date"": ""2020-04-30""}, ""canonical"": {""year"": ""2020"", ""month"": ""04"", ""day"": ""30"", ""final_date"": ""2020-04-30""}, ""review_reason"": [], ""details"": [], ""format_changes"": [""month""]}]",2020,4,30,2020-04-30,,,,2020,04,30,2020-04-30,2020,04,30,2020-04-30,,,,,,ready_for_review,false,,,,false
2068,C:\Users\jsw58\Desktop\itda-ocr\data\002068.jpg,"[""C:\\Users\\jsw58\\Desktop\\itda-ocr\\data\\002068.jpg""]",incoming_432,incoming_432:287,1,[],[],[],[],[],[],[],[],[],[],[],[],"[{""source_record_id"": ""incoming_432:287"", ""source"": ""incoming_432"", ""source_path"": ""C:\\Users\\jsw58\\Downloads\\labelling data.csv"", ""source_row"": 287, ""image_id"": ""2068"", ""raw"": {""image_id"": ""2068"", ""year"": ""2022"", ""month"": ""9"", ""day"": ""11"", ""final_date"": ""2022-09-11""}, ""canonical"": {""year"": ""2022"", ""month"": ""09"", ""day"": ""11"", ""final_date"": ""2022-09-11""}, ""review_reason"": [], ""details"": [], ""format_changes"": [""month""]}]",2022,9,11,2022-09-11,,,,2022,09,11,2022-09-11,2022,09,11,2022-09-11,,,,,,ready_for_review,false,,,,false
2078,C:\Users\jsw58\Desktop\itda-ocr\data\002078.jpg,"[""C:\\Users\\jsw58\\Desktop\\itda-ocr\\data\\002078.jpg""]",incoming_432,incoming_432:288,1,[],[],[],[],[],[],[],[],[],[],[],[],"[{""source_record_id"": ""incoming_432:288"", ""source"": ""incoming_432"", ""source_path"": ""C:\\Users\\jsw58\\Downloads\\labelling data.csv"", ""source_row"": 288, ""image_id"": ""2078"", ""raw"": {""image_id"": ""2078"", ""year"": ""2020"", ""month"": ""10"", ""day"": ""21"", ""final_date"": ""2020-10-21""}, ""canonical"": {""year"": ""2020"", ""month"": ""10"", ""day"": ""21"", ""final_date"": ""2020-10-21""}, ""review_reason"": [], ""details"": [], ""format_changes"": []}]",2020,10,21,2020-10-21,,,,2020,10,21,2020-10-21,2020,10,21,2020-10-21,,,,,,ready_for_review,false,,,,false
2080,C:\Users\jsw58\Desktop\itda-ocr\data\002080.jpg,"[""C:\\Users\\jsw58\\Desktop\\itda-ocr\\data\\002080.jpg""]",existing_300,existing_300:92,1,"[{""source_record_id"": ""existing_300:92"", ""source"": ""existing_300"", ""source_path"": ""C:\\Users\\jsw58\\Desktop\\itda-ocr\\labels\\labels_300.csv"", ""source_row"": 92, ""image_id"": ""2080"", ""raw"": {""file_name"": ""002080.jpg"", ""image_id"": ""2080"", ""year"": ""2021"", ""month"": ""01"", ""day"": ""03"", ""final_date"": ""2021-01-03"", ""notes"": """", ""Unnamed: 7"": """"}, ""canonical"": {""year"": ""2021"", ""month"": ""01"", ""day"": ""03"", ""final_date"": ""2021-01-03""}, ""review_reason"": [], ""details"": [], ""format_changes"": []}]",2021,01,03,2021-01-03,002080.jpg,,,2021,01,03,2021-01-03,[],[],[],[],[],[],[],[],[],[],[],[],2021,01,03,2021-01-03,,,,,,ready_for_review,false,,,,false
2088,C:\Users\jsw58\Desktop\itda-ocr\data\002088.jpg,"[""C:\\Users\\jsw58\\Desktop\\itda-ocr\\data\\002088.jpg""]",incoming_432,incoming_432:289,1,[],[],[],[],[],[],[],[],[],[],[],[],"[{""source_record_id"": ""incoming_432:289"", ""source"": ""incoming_432"", ""source_path"": ""C:\\Users\\jsw58\\Downloads\\labelling data.csv"", ""source_row"": 289, ""image_id"": ""2088"", ""raw"": {""image_id"": ""2088"", ""year"": ""2021"", ""month"": ""9"", ""day"": ""3"", ""final_date"": ""2021-09-03""}, ""canonical"": {""year"": ""2021"", ""month"": ""09"", ""day"": ""03"", ""final_date"": ""2021-09-03""}, ""review_reason"": [], ""details"": [], ""format_changes"": [""month"", ""day""]}]",2021,9,3,2021-09-03,,,,2021,09,03,2021-09-03,2021,09,03,2021-09-03,,,,,,ready_for_review,false,,,,false
2090,C:\Users\jsw58\Desktop\itda-ocr\data\002090.jpg,"[""C:\\Users\\jsw58\\Desktop\\itda-ocr\\data\\002090.jpg""]",existing_300,existing_300:93,1,"[{""source_record_id"": ""existing_300:93"", ""source"": ""existing_300"", ""source_path"": ""C:\\Users\\jsw58\\Desktop\\itda-ocr\\labels\\labels_300.csv"", ""source_row"": 93, ""image_id"": ""2090"", ""raw"": {""file_name"": ""002090.jpg"", ""image_id"": ""2090"", ""year"": ""2021"", ""month"": ""11"", ""day"": ""09"", ""final_date"": ""2021-11-09"", ""notes"": ""반사있음"", ""Unnamed: 7"": """"}, ""canonical"": {""year"": ""2021"", ""month"": ""11"", ""day"": ""09"", ""final_date"": ""2021-11-09""}, ""review_reason"": [], ""details"": [], ""format_changes"": []}]",2021,11,09,2021-11-09,002090.jpg,반사있음,,2021,11,09,2021-11-09,[],[],[],[],[],[],[],[],[],[],[],[],2021,11,09,2021-11-09,,,,,,ready_for_review,false,,,,false
2097,C:\Users\jsw58\Desktop\itda-ocr\data\002097.jpg,"[""C:\\Users\\jsw58\\Desktop\\itda-ocr\\data\\002097.jpg""]",incoming_432,incoming_432:290,1,[],[],[],[],[],[],[],[],[],[],[],[],"[{""source_record_id"": ""incoming_432:290"", ""source"": ""incoming_432"", ""source_path"": ""C:\\Users\\jsw58\\Downloads\\labelling data.csv"", ""source_row"": 290, ""image_id"": ""2097"", ""raw"": {""image_id"": ""2097"", ""year"": ""2022"", ""month"": ""6"", ""day"": ""16"", ""final_date"": ""2022-06-16""}, ""canonical"": {""year"": ""2022"", ""month"": ""06"", ""day"": ""16"", ""final_date"": ""2022-06-16""}, ""review_reason"": [], ""details"": [], ""format_changes"": [""month""]}]",2022,6,16,2022-06-16,,,,2022,06,16,2022-06-16,2022,06,16,2022-06-16,,,,,,ready_for_review,false,,,,false
2098,C:\Users\jsw58\Desktop\itda-ocr\data\002098.jpg,"[""C:\\Users\\jsw58\\Desktop\\itda-ocr\\data\\002098.jpg""]",incoming_432,incoming_432:291,1,[],[],[],[],[],[],[],[],[],[],[],[],"[{""source_record_id"": ""incoming_432:291"", ""source"": ""incoming_432"", ""source_path"": ""C:\\Users\\jsw58\\Downloads\\labelling data.csv"", ""source_row"": 291, ""image_id"": ""2098"", ""raw"": {""image_id"": ""2098"", ""year"": ""2021"", ""month"": ""5"", ""day"": ""25"", ""final_date"": ""2021-05-25""}, ""canonical"": {""year"": ""2021"", ""month"": ""05"", ""day"": ""25"", ""final_date"": ""2021-05-25""}, ""review_reason"": [], ""details"": [], ""format_changes"": [""month""]}]",2021,5,25,2021-05-25,,,,2021,05,25,2021-05-25,2021,05,25,2021-05-25,,,,,,ready_for_review,false,,,,false
2113,C:\Users\jsw58\Desktop\itda-ocr\data\002113.jpg,"[""C:\\Users\\jsw58\\Desktop\\itda-ocr\\data\\002113.jpg""]",existing_300,existing_300:94,1,"[{""source_record_id"": ""existing_300:94"", ""source"": ""existing_300"", ""source_path"": ""C:\\Users\\jsw58\\Desktop\\itda-ocr\\labels\\labels_300.csv"", ""source_row"": 94, ""image_id"": ""2113"", ""raw"": {""file_name"": ""002113.jpg"", ""image_id"": ""2113"", ""year"": ""2022"", ""month"": ""03"", ""day"": ""12"", ""final_date"": ""2022-03-12"", ""notes"": ""구겨짐"", ""Unnamed: 7"": """"}, ""canonical"": {""year"": ""2022"", ""month"": ""03"", ""day"": ""12"", ""final_date"": ""2022-03-12""}, ""review_reason"": [], ""details"": [], ""format_changes"": []}]",2022,03,12,2022-03-12,002113.jpg,구겨짐,,2022,03,12,2022-03-12,[],[],[],[],[],[],[],[],[],[],[],[],2022,03,12,2022-03-12,,,,,,ready_for_review,false,,,,false
2125,C:\Users\jsw58\Desktop\itda-ocr\data\002125.jpg,"[""C:\\Users\\jsw58\\Desktop\\itda-ocr\\data\\002125.jpg""]",incoming_432,incoming_432:292,1,[],[],[],[],[],[],[],[],[],[],[],[],"[{""source_record_id"": ""incoming_432:292"", ""source"": ""incoming_432"", ""source_path"": ""C:\\Users\\jsw58\\Downloads\\labelling data.csv"", ""source_row"": 292, ""image_id"": ""2125"", ""raw"": {""image_id"": ""2125"", ""year"": ""2021"", ""month"": ""4"", ""day"": ""21"", ""final_date"": ""2021-04-21""}, ""canonical"": {""year"": ""2021"", ""month"": ""04"", ""day"": ""21"", ""final_date"": ""2021-04-21""}, ""review_reason"": [], ""details"": [], ""format_changes"": [""month""]}]",2021,4,21,2021-04-21,,,,2021,04,21,2021-04-21,2021,04,21,2021-04-21,,,,,,ready_for_review,false,,,,false
2133,C:\Users\jsw58\Desktop\itda-ocr\data\002133.jpg,"[""C:\\Users\\jsw58\\Desktop\\itda-ocr\\data\\002133.jpg""]",existing_300,existing_300:245,1,"[{""source_record_id"": ""existing_300:245"", ""source"": ""existing_300"", ""source_path"": ""C:\\Users\\jsw58\\Desktop\\itda-ocr\\labels\\labels_300.csv"", ""source_row"": 245, ""image_id"": ""2133"", ""raw"": {""file_name"": ""002133.jpg"", ""image_id"": ""2133"", ""year"": ""2021"", ""month"": ""10"", ""day"": ""04"", ""final_date"": ""2021-10-04"", ""notes"": ""거꾸로"", ""Unnamed: 7"": """"}, ""canonical"": {""year"": ""2021"", ""month"": ""10"", ""day"": ""04"", ""final_date"": ""2021-10-04""}, ""review_reason"": [], ""details"": [], ""format_changes"": []}]",2021,10,04,2021-10-04,002133.jpg,거꾸로,,2021,10,04,2021-10-04,[],[],[],[],[],[],[],[],[],[],[],[],2021,10,04,2021-10-04,,,,,,ready_for_review,false,,,,false
2134,C:\Users\jsw58\Desktop\itda-ocr\data\002134.jpg,"[""C:\\Users\\jsw58\\Desktop\\itda-ocr\\data\\002134.jpg""]",existing_300,existing_300:246,1,"[{""source_record_id"": ""existing_300:246"", ""source"": ""existing_300"", ""source_path"": ""C:\\Users\\jsw58\\Desktop\\itda-ocr\\labels\\labels_300.csv"", ""source_row"": 246, ""image_id"": ""2134"", ""raw"": {""file_name"": ""002134.jpg"", ""image_id"": ""2134"", ""year"": ""2022"", ""month"": ""11"", ""day"": ""02"", ""final_date"": ""2022-11-02"", ""notes"": ""유통기한"", ""Unnamed: 7"": """"}, ""canonical"": {""year"": ""2022"", ""month"": ""11"", ""day"": ""02"", ""final_date"": ""2022-11-02""}, ""review_reason"": [], ""details"": [], ""format_changes"": []}]",2022,11,02,2022-11-02,002134.jpg,유통기한,,2022,11,02,2022-11-02,[],[],[],[],[],[],[],[],[],[],[],[],2022,11,02,2022-11-02,,,,,,ready_for_review,false,,,,false
2135,C:\Users\jsw58\Desktop\itda-ocr\data\002135.jpg,"[""C:\\Users\\jsw58\\Desktop\\itda-ocr\\data\\002135.jpg""]",incoming_432,incoming_432:293,1,[],[],[],[],[],[],[],[],[],[],[],[],"[{""source_record_id"": ""incoming_432:293"", ""source"": ""incoming_432"", ""source_path"": ""C:\\Users\\jsw58\\Downloads\\labelling data.csv"", ""source_row"": 293, ""image_id"": ""2135"", ""raw"": {""image_id"": ""2135"", ""year"": ""2022"", ""month"": ""11"", ""day"": ""2"", ""final_date"": ""2022-11-02""}, ""canonical"": {""year"": ""2022"", ""month"": ""11"", ""day"": ""02"", ""final_date"": ""2022-11-02""}, ""review_reason"": [], ""details"": [], ""format_changes"": [""day""]}]",2022,11,2,2022-11-02,,,,2022,11,02,2022-11-02,2022,11,02,2022-11-02,,,,,,ready_for_review,false,,,,false
2141,C:\Users\jsw58\Desktop\itda-ocr\data\002141.jpg,"[""C:\\Users\\jsw58\\Desktop\\itda-ocr\\data\\002141.jpg""]",existing_300,existing_300:247,1,"[{""source_record_id"": ""existing_300:247"", ""source"": ""existing_300"", ""source_path"": ""C:\\Users\\jsw58\\Desktop\\itda-ocr\\labels\\labels_300.csv"", ""source_row"": 247, ""image_id"": ""2141"", ""raw"": {""file_name"": ""002141.jpg"", ""image_id"": ""2141"", ""year"": ""2021"", ""month"": ""04"", ""day"": ""11"", ""final_date"": ""2021-04-11"", ""notes"": ""까지, 날짜쪽 약간의 빛 번짐"", ""Unnamed: 7"": """"}, ""canonical"": {""year"": ""2021"", ""month"": ""04"", ""day"": ""11"", ""final_date"": ""2021-04-11""}, ""review_reason"": [], ""details"": [], ""format_changes"": []}]",2021,04,11,2021-04-11,002141.jpg,"까지, 날짜쪽 약간의 빛 번짐",,2021,04,11,2021-04-11,[],[],[],[],[],[],[],[],[],[],[],[],2021,04,11,2021-04-11,,,,,,ready_for_review,false,,,,false
2146,C:\Users\jsw58\Desktop\itda-ocr\data\002146.jpg,"[""C:\\Users\\jsw58\\Desktop\\itda-ocr\\data\\002146.jpg""]",existing_300;incoming_432,existing_300:248;incoming_432:294,2,"[{""source_record_id"": ""existing_300:248"", ""source"": ""existing_300"", ""source_path"": ""C:\\Users\\jsw58\\Desktop\\itda-ocr\\labels\\labels_300.csv"", ""source_row"": 248, ""image_id"": ""2146"", ""raw"": {""file_name"": ""002146.jpg"", ""image_id"": ""2146"", ""year"": ""2022"", ""month"": ""07"", ""day"": ""26"", ""final_date"": ""2022-07-26"", ""notes"": ""동그란 통이라 약간 글씨 휘어짐"", ""Unnamed: 7"": """"}, ""canonical"": {""year"": ""2022"", ""month"": ""07"", ""day"": ""26"", ""final_date"": ""2022-07-26""}, ""review_reason"": [], ""details"": [], ""format_changes"": []}]",2022,07,26,2022-07-26,002146.jpg,동그란 통이라 약간 글씨 휘어짐,,2022,07,26,2022-07-26,"[{""source_record_id"": ""incoming_432:294"", ""source"": ""incoming_432"", ""source_path"": ""C:\\Users\\jsw58\\Downloads\\labelling data.csv"", ""source_row"": 294, ""image_id"": ""2146"", ""raw"": {""image_id"": ""2146"", ""year"": ""2022"", ""month"": ""7"", ""day"": ""26"", ""final_date"": ""2022-07-26""}, ""canonical"": {""year"": ""2022"", ""month"": ""07"", ""day"": ""26"", ""final_date"": ""2022-07-26""}, ""review_reason"": [], ""details"": [], ""format_changes"": [""month""]}]",2022,7,26,2022-07-26,,,,2022,07,26,2022-07-26,2022,07,26,2022-07-26,,,,,,ready_for_review,false,,,,false
2148,C:\Users\jsw58\Desktop\itda-ocr\data\002148.jpg,"[""C:\\Users\\jsw58\\Desktop\\itda-ocr\\data\\002148.jpg""]",incoming_432,incoming_432:295,1,[],[],[],[],[],[],[],[],[],[],[],[],"[{""source_record_id"": ""incoming_432:295"", ""source"": ""incoming_432"", ""source_path"": ""C:\\Users\\jsw58\\Downloads\\labelling data.csv"", ""source_row"": 295, ""image_id"": ""2148"", ""raw"": {""image_id"": ""2148"", ""year"": ""2022"", ""month"": ""1"", ""day"": ""3"", ""final_date"": ""2022-01-03""}, ""canonical"": {""year"": ""2022"", ""month"": ""01"", ""day"": ""03"", ""final_date"": ""2022-01-03""}, ""review_reason"": [], ""details"": [], ""format_changes"": [""month"", ""day""]}]",2022,1,3,2022-01-03,,,,2022,01,03,2022-01-03,2022,01,03,2022-01-03,,,,,,ready_for_review,false,,,,false
2152,C:\Users\jsw58\Desktop\itda-ocr\data\002152.jpg,"[""C:\\Users\\jsw58\\Desktop\\itda-ocr\\data\\002152.jpg""]",incoming_432,incoming_432:296,1,[],[],[],[],[],[],[],[],[],[],[],[],"[{""source_record_id"": ""incoming_432:296"", ""source"": ""incoming_432"", ""source_path"": ""C:\\Users\\jsw58\\Downloads\\labelling data.csv"", ""source_row"": 296, ""image_id"": ""2152"", ""raw"": {""image_id"": ""2152"", ""year"": ""2019"", ""month"": ""7"", ""day"": ""11"", ""final_date"": ""2021-07-19""}, ""canonical"": {""year"": ""2019"", ""month"": ""07"", ""day"": ""11"", ""final_date"": ""2019-07-11""}, ""review_reason"": [""component_final_mismatch"", ""ocr_visual_review""], ""details"": [""Previously visually inspected; no confirmed decision supplied; retain pending""], ""format_changes"": [""month"", ""final_date""]}]",2019,7,11,2021-07-19,,,,2019,07,11,2019-07-11,2019,07,11,2019-07-11,,,,,component_final_mismatch;ocr_visual_review,pending,true,이미지에서 19.06.12와 19.07.?? 확인. 소비기한의 일자가 불확실함. 11일과 19일 중 하나를 추측하지 말 것.,user,2026-09-23 사용자 제공 기존 이미지 판독 결과 기록. 이미지에서 19.06.12와 19.07.?? 확인. 소비기한의 일자가 불확실함. 11일과 19일 중 하나를 추측하지 말 것. 최종 정답 미확정; pending 유지.,false
2157,C:\Users\jsw58\Desktop\itda-ocr\data\002157.jpg,"[""C:\\Users\\jsw58\\Desktop\\itda-ocr\\data\\002157.jpg""]",incoming_432,incoming_432:297,1,[],[],[],[],[],[],[],[],[],[],[],[],"[{""source_record_id"": ""incoming_432:297"", ""source"": ""incoming_432"", ""source_path"": ""C:\\Users\\jsw58\\Downloads\\labelling data.csv"", ""source_row"": 297, ""image_id"": ""2157"", ""raw"": {""image_id"": ""2157"", ""year"": ""2021"", ""month"": ""12"", ""day"": ""25"", ""final_date"": ""2021-12-25""}, ""canonical"": {""year"": ""2021"", ""month"": ""12"", ""day"": ""25"", ""final_date"": ""2021-12-25""}, ""review_reason"": [], ""details"": [], ""format_changes"": []}]",2021,12,25,2021-12-25,,,,2021,12,25,2021-12-25,2021,12,25,2021-12-25,,,,,,ready_for_review,false,,,,false
2159,C:\Users\jsw58\Desktop\itda-ocr\data\002159.jpg,"[""C:\\Users\\jsw58\\Desktop\\itda-ocr\\data\\002159.jpg""]",incoming_432,incoming_432:298,1,[],[],[],[],[],[],[],[],[],[],[],[],"[{""source_record_id"": ""incoming_432:298"", ""source"": ""incoming_432"", ""source_path"": ""C:\\Users\\jsw58\\Downloads\\labelling data.csv"", ""source_row"": 298, ""image_id"": ""2159"", ""raw"": {""image_id"": ""2159"", ""year"": ""NONE"", ""month"": ""4"", ""day"": ""13"", ""final_date"": ""NONE-04-13""}, ""canonical"": {""year"": ""NONE"", ""month"": ""04"", ""day"": ""13"", ""final_date"": ""NONE-04-13""}, ""review_reason"": [""partial_none""], ""details"": [], ""format_changes"": [""month""]}]",NONE,4,13,NONE-04-13,,,,NONE,04,13,NONE-04-13,NONE,04,13,NONE-04-13,,,,,partial_none,pending,false,,,,false
2162,C:\Users\jsw58\Desktop\itda-ocr\data\002162.jpg,"[""C:\\Users\\jsw58\\Desktop\\itda-ocr\\data\\002162.jpg""]",existing_300,existing_300:95,1,"[{""source_record_id"": ""existing_300:95"", ""source"": ""existing_300"", ""source_path"": ""C:\\Users\\jsw58\\Desktop\\itda-ocr\\labels\\labels_300.csv"", ""source_row"": 95, ""image_id"": ""2162"", ""raw"": {""file_name"": ""002162.jpg"", ""image_id"": ""2162"", ""year"": ""2023"", ""month"": ""06"", ""day"": ""18"", ""final_date"": ""2023-06-18"", ""notes"": ""MM/DD/YY"", ""Unnamed: 7"": """"}, ""canonical"": {""year"": ""2023"", ""month"": ""06"", ""day"": ""18"", ""final_date"": ""2023-06-18""}, ""review_reason"": [], ""details"": [], ""format_changes"": []}]",2023,06,18,2023-06-18,002162.jpg,MM/DD/YY,,2023,06,18,2023-06-18,[],[],[],[],[],[],[],[],[],[],[],[],2023,06,18,2023-06-18,,,,,,ready_for_review,false,,,,false
2186,C:\Users\jsw58\Desktop\itda-ocr\data\002186.jpg,"[""C:\\Users\\jsw58\\Desktop\\itda-ocr\\data\\002186.jpg""]",existing_300;incoming_432,existing_300:96;incoming_432:299,2,"[{""source_record_id"": ""existing_300:96"", ""source"": ""existing_300"", ""source_path"": ""C:\\Users\\jsw58\\Desktop\\itda-ocr\\labels\\labels_300.csv"", ""source_row"": 96, ""image_id"": ""2186"", ""raw"": {""file_name"": ""002186.jpg"", ""image_id"": ""2186"", ""year"": ""2020"", ""month"": ""06"", ""day"": ""10"", ""final_date"": ""2020-06-10"", ""notes"": """", ""Unnamed: 7"": """"}, ""canonical"": {""year"": ""2020"", ""month"": ""06"", ""day"": ""10"", ""final_date"": ""2020-06-10""}, ""review_reason"": [], ""details"": [], ""format_changes"": []}]",2020,06,10,2020-06-10,002186.jpg,,,2020,06,10,2020-06-10,"[{""source_record_id"": ""incoming_432:299"", ""source"": ""incoming_432"", ""source_path"": ""C:\\Users\\jsw58\\Downloads\\labelling data.csv"", ""source_row"": 299, ""image_id"": ""2186"", ""raw"": {""image_id"": ""2186"", ""year"": ""2020"", ""month"": ""6"", ""day"": ""10"", ""final_date"": ""2020-06-10""}, ""canonical"": {""year"": ""2020"", ""month"": ""06"", ""day"": ""10"", ""final_date"": ""2020-06-10""}, ""review_reason"": [], ""details"": [], ""format_changes"": [""month""]}]",2020,6,10,2020-06-10,,,,2020,06,10,2020-06-10,2020,06,10,2020-06-10,,,,,,ready_for_review,false,,,,false
2189,C:\Users\jsw58\Desktop\itda-ocr\data\002189.jpg,"[""C:\\Users\\jsw58\\Desktop\\itda-ocr\\data\\002189.jpg""]",incoming_432,incoming_432:300,1,[],[],[],[],[],[],[],[],[],[],[],[],"[{""source_record_id"": ""incoming_432:300"", ""source"": ""incoming_432"", ""source_path"": ""C:\\Users\\jsw58\\Downloads\\labelling data.csv"", ""source_row"": 300, ""image_id"": ""2189"", ""raw"": {""image_id"": ""2189"", ""year"": ""2022"", ""month"": ""2"", ""day"": ""4"", ""final_date"": ""2022-02-04""}, ""canonical"": {""year"": ""2022"", ""month"": ""02"", ""day"": ""04"", ""final_date"": ""2022-02-04""}, ""review_reason"": [], ""details"": [], ""format_changes"": [""month"", ""day""]}]",2022,2,4,2022-02-04,,,,2022,02,04,2022-02-04,2022,02,04,2022-02-04,,,,,,ready_for_review,false,,,,false
2192,C:\Users\jsw58\Desktop\itda-ocr\data\002192.jpg,"[""C:\\Users\\jsw58\\Desktop\\itda-ocr\\data\\002192.jpg""]",incoming_432,incoming_432:301,1,[],[],[],[],[],[],[],[],[],[],[],[],"[{""source_record_id"": ""incoming_432:301"", ""source"": ""incoming_432"", ""source_path"": ""C:\\Users\\jsw58\\Downloads\\labelling data.csv"", ""source_row"": 301, ""image_id"": ""2192"", ""raw"": {""image_id"": ""2192"", ""year"": ""2020"", ""month"": ""10"", ""day"": ""20"", ""final_date"": ""2020-10-20""}, ""canonical"": {""year"": ""2020"", ""month"": ""10"", ""day"": ""20"", ""final_date"": ""2020-10-20""}, ""review_reason"": [], ""details"": [], ""format_changes"": []}]",2020,10,20,2020-10-20,,,,2020,10,20,2020-10-20,2020,10,20,2020-10-20,,,,,,ready_for_review,false,,,,false
2194,C:\Users\jsw58\Desktop\itda-ocr\data\002194.jpg,"[""C:\\Users\\jsw58\\Desktop\\itda-ocr\\data\\002194.jpg""]",incoming_432,incoming_432:302,1,[],[],[],[],[],[],[],[],[],[],[],[],"[{""source_record_id"": ""incoming_432:302"", ""source"": ""incoming_432"", ""source_path"": ""C:\\Users\\jsw58\\Downloads\\labelling data.csv"", ""source_row"": 302, ""image_id"": ""2194"", ""raw"": {""image_id"": ""2194"", ""year"": ""2020"", ""month"": ""6"", ""day"": ""10"", ""final_date"": ""2020-06-10""}, ""canonical"": {""year"": ""2020"", ""month"": ""06"", ""day"": ""10"", ""final_date"": ""2020-06-10""}, ""review_reason"": [], ""details"": [], ""format_changes"": [""month""]}]",2020,6,10,2020-06-10,,,,2020,06,10,2020-06-10,2020,06,10,2020-06-10,,,,,,ready_for_review,false,,,,false
2197,C:\Users\jsw58\Desktop\itda-ocr\data\002197.jpg,"[""C:\\Users\\jsw58\\Desktop\\itda-ocr\\data\\002197.jpg""]",existing_300;incoming_432,existing_300:249;incoming_432:303,2,"[{""source_record_id"": ""existing_300:249"", ""source"": ""existing_300"", ""source_path"": ""C:\\Users\\jsw58\\Desktop\\itda-ocr\\labels\\labels_300.csv"", ""source_row"": 249, ""image_id"": ""2197"", ""raw"": {""file_name"": ""002197.jpg"", ""image_id"": ""2197"", ""year"": ""2021"", ""month"": ""01"", ""day"": ""13"", ""final_date"": ""2021-01-13"", ""notes"": ""유통기한, 까지"", ""Unnamed: 7"": """"}, ""canonical"": {""year"": ""2021"", ""month"": ""01"", ""day"": ""13"", ""final_date"": ""2021-01-13""}, ""review_reason"": [], ""details"": [], ""format_changes"": []}]",2021,01,13,2021-01-13,002197.jpg,"유통기한, 까지",,2021,01,13,2021-01-13,"[{""source_record_id"": ""incoming_432:303"", ""source"": ""incoming_432"", ""source_path"": ""C:\\Users\\jsw58\\Downloads\\labelling data.csv"", ""source_row"": 303, ""image_id"": ""2197"", ""raw"": {""image_id"": ""2197"", ""year"": ""2021"", ""month"": ""1"", ""day"": ""13"", ""final_date"": ""2021-01-13""}, ""canonical"": {""year"": ""2021"", ""month"": ""01"", ""day"": ""13"", ""final_date"": ""2021-01-13""}, ""review_reason"": [], ""details"": [], ""format_changes"": [""month""]}]",2021,1,13,2021-01-13,,,,2021,01,13,2021-01-13,2021,01,13,2021-01-13,,,,,,ready_for_review,false,,,,false
2202,C:\Users\jsw58\Desktop\itda-ocr\data\002202.jpg,"[""C:\\Users\\jsw58\\Desktop\\itda-ocr\\data\\002202.jpg""]",incoming_432,incoming_432:304,1,[],[],[],[],[],[],[],[],[],[],[],[],"[{""source_record_id"": ""incoming_432:304"", ""source"": ""incoming_432"", ""source_path"": ""C:\\Users\\jsw58\\Downloads\\labelling data.csv"", ""source_row"": 304, ""image_id"": ""2202"", ""raw"": {""image_id"": ""2202"", ""year"": ""2020"", ""month"": ""10"", ""day"": ""8"", ""final_date"": ""2020-10-08""}, ""canonical"": {""year"": ""2020"", ""month"": ""10"", ""day"": ""08"", ""final_date"": ""2020-10-08""}, ""review_reason"": [], ""details"": [], ""format_changes"": [""day""]}]",2020,10,8,2020-10-08,,,,2020,10,08,2020-10-08,2020,10,08,2020-10-08,,,,,,ready_for_review,false,,,,false
2209,C:\Users\jsw58\Desktop\itda-ocr\data\002209.jpg,"[""C:\\Users\\jsw58\\Desktop\\itda-ocr\\data\\002209.jpg""]",incoming_432,incoming_432:305,1,[],[],[],[],[],[],[],[],[],[],[],[],"[{""source_record_id"": ""incoming_432:305"", ""source"": ""incoming_432"", ""source_path"": ""C:\\Users\\jsw58\\Downloads\\labelling data.csv"", ""source_row"": 305, ""image_id"": ""2209"", ""raw"": {""image_id"": ""2209"", ""year"": ""2022"", ""month"": ""5"", ""day"": ""31"", ""final_date"": ""2022-05-31""}, ""canonical"": {""year"": ""2022"", ""month"": ""05"", ""day"": ""31"", ""final_date"": ""2022-05-31""}, ""review_reason"": [], ""details"": [], ""format_changes"": [""month""]}]",2022,5,31,2022-05-31,,,,2022,05,31,2022-05-31,2022,05,31,2022-05-31,,,,,,ready_for_review,false,,,,false
2211,C:\Users\jsw58\Desktop\itda-ocr\data\002211.jpg,"[""C:\\Users\\jsw58\\Desktop\\itda-ocr\\data\\002211.jpg""]",incoming_432,incoming_432:306,1,[],[],[],[],[],[],[],[],[],[],[],[],"[{""source_record_id"": ""incoming_432:306"", ""source"": ""incoming_432"", ""source_path"": ""C:\\Users\\jsw58\\Downloads\\labelling data.csv"", ""source_row"": 306, ""image_id"": ""2211"", ""raw"": {""image_id"": ""2211"", ""year"": ""2023"", ""month"": ""3"", ""day"": ""20"", ""final_date"": ""2023-03-20""}, ""canonical"": {""year"": ""2023"", ""month"": ""03"", ""day"": ""20"", ""final_date"": ""2023-03-20""}, ""review_reason"": [], ""details"": [], ""format_changes"": [""month""]}]",2023,3,20,2023-03-20,,,,2023,03,20,2023-03-20,2023,03,20,2023-03-20,,,,,,ready_for_review,false,,,,false
2214,C:\Users\jsw58\Desktop\itda-ocr\data\002214.jpg,"[""C:\\Users\\jsw58\\Desktop\\itda-ocr\\data\\002214.jpg""]",incoming_432,incoming_432:307,1,[],[],[],[],[],[],[],[],[],[],[],[],"[{""source_record_id"": ""incoming_432:307"", ""source"": ""incoming_432"", ""source_path"": ""C:\\Users\\jsw58\\Downloads\\labelling data.csv"", ""source_row"": 307, ""image_id"": ""2214"", ""raw"": {""image_id"": ""2214"", ""year"": ""2020"", ""month"": ""10"", ""day"": ""16"", ""final_date"": ""2020-10-16""}, ""canonical"": {""year"": ""2020"", ""month"": ""10"", ""day"": ""16"", ""final_date"": ""2020-10-16""}, ""review_reason"": [], ""details"": [], ""format_changes"": []}]",2020,10,16,2020-10-16,,,,2020,10,16,2020-10-16,2020,10,16,2020-10-16,,,,,,ready_for_review,false,,,,false
2217,C:\Users\jsw58\Desktop\itda-ocr\data\002217.jpg,"[""C:\\Users\\jsw58\\Desktop\\itda-ocr\\data\\002217.jpg""]",incoming_432,incoming_432:308,1,[],[],[],[],[],[],[],[],[],[],[],[],"[{""source_record_id"": ""incoming_432:308"", ""source"": ""incoming_432"", ""source_path"": ""C:\\Users\\jsw58\\Downloads\\labelling data.csv"", ""source_row"": 308, ""image_id"": ""2217"", ""raw"": {""image_id"": ""2217"", ""year"": ""2023"", ""month"": ""5"", ""day"": ""NONE"", ""final_date"": ""2023-05-NONE""}, ""canonical"": {""year"": ""2023"", ""month"": ""05"", ""day"": ""NONE"", ""final_date"": ""2023-05-NONE""}, ""review_reason"": [""partial_none""], ""details"": [], ""format_changes"": [""month""]}]",2023,5,NONE,2023-05-NONE,,,,2023,05,NONE,2023-05-NONE,2023,05,NONE,2023-05-NONE,,,,,partial_none,pending,false,,,,false
2220,C:\Users\jsw58\Desktop\itda-ocr\data\002220.jpg,"[""C:\\Users\\jsw58\\Desktop\\itda-ocr\\data\\002220.jpg""]",incoming_432,incoming_432:309,1,[],[],[],[],[],[],[],[],[],[],[],[],"[{""source_record_id"": ""incoming_432:309"", ""source"": ""incoming_432"", ""source_path"": ""C:\\Users\\jsw58\\Downloads\\labelling data.csv"", ""source_row"": 309, ""image_id"": ""2220"", ""raw"": {""image_id"": ""2220"", ""year"": ""2019"", ""month"": ""9"", ""day"": ""30"", ""final_date"": ""2019-09-30""}, ""canonical"": {""year"": ""2019"", ""month"": ""09"", ""day"": ""30"", ""final_date"": ""2019-09-30""}, ""review_reason"": [], ""details"": [], ""format_changes"": [""month""]}]",2019,9,30,2019-09-30,,,,2019,09,30,2019-09-30,2019,09,30,2019-09-30,,,,,,ready_for_review,false,,,,false
2221,C:\Users\jsw58\Desktop\itda-ocr\data\002221.jpg,"[""C:\\Users\\jsw58\\Desktop\\itda-ocr\\data\\002221.jpg""]",existing_300,existing_300:250,1,"[{""source_record_id"": ""existing_300:250"", ""source"": ""existing_300"", ""source_path"": ""C:\\Users\\jsw58\\Desktop\\itda-ocr\\labels\\labels_300.csv"", ""source_row"": 250, ""image_id"": ""2221"", ""raw"": {""file_name"": ""002221.jpg"", ""image_id"": ""2221"", ""year"": ""2022"", ""month"": ""06"", ""day"": ""03"", ""final_date"": ""2022-06-03"", ""notes"": ""까지"", ""Unnamed: 7"": """"}, ""canonical"": {""year"": ""2022"", ""month"": ""06"", ""day"": ""03"", ""final_date"": ""2022-06-03""}, ""review_reason"": [], ""details"": [], ""format_changes"": []}]",2022,06,03,2022-06-03,002221.jpg,까지,,2022,06,03,2022-06-03,[],[],[],[],[],[],[],[],[],[],[],[],2022,06,03,2022-06-03,,,,,,ready_for_review,false,,,,false
2227,C:\Users\jsw58\Desktop\itda-ocr\data\002227.jpg,"[""C:\\Users\\jsw58\\Desktop\\itda-ocr\\data\\002227.jpg""]",incoming_432,incoming_432:310,1,[],[],[],[],[],[],[],[],[],[],[],[],"[{""source_record_id"": ""incoming_432:310"", ""source"": ""incoming_432"", ""source_path"": ""C:\\Users\\jsw58\\Downloads\\labelling data.csv"", ""source_row"": 310, ""image_id"": ""2227"", ""raw"": {""image_id"": ""2227"", ""year"": ""2023"", ""month"": ""3"", ""day"": ""3"", ""final_date"": ""2023-03-03""}, ""canonical"": {""year"": ""2023"", ""month"": ""03"", ""day"": ""03"", ""final_date"": ""2023-03-03""}, ""review_reason"": [], ""details"": [], ""format_changes"": [""month"", ""day""]}]",2023,3,3,2023-03-03,,,,2023,03,03,2023-03-03,2023,03,03,2023-03-03,,,,,,ready_for_review,false,,,,false
2233,C:\Users\jsw58\Desktop\itda-ocr\data\002233.jpg,"[""C:\\Users\\jsw58\\Desktop\\itda-ocr\\data\\002233.jpg""]",existing_300;incoming_432,existing_300:251;incoming_432:311,2,"[{""source_record_id"": ""existing_300:251"", ""source"": ""existing_300"", ""source_path"": ""C:\\Users\\jsw58\\Desktop\\itda-ocr\\labels\\labels_300.csv"", ""source_row"": 251, ""image_id"": ""2233"", ""raw"": {""file_name"": ""002233.jpg"", ""image_id"": ""2233"", ""year"": ""2023"", ""month"": ""01"", ""day"": ""21"", ""final_date"": ""2023-01-21"", ""notes"": """", ""Unnamed: 7"": """"}, ""canonical"": {""year"": ""2023"", ""month"": ""01"", ""day"": ""21"", ""final_date"": ""2023-01-21""}, ""review_reason"": [], ""details"": [], ""format_changes"": []}]",2023,01,21,2023-01-21,002233.jpg,,,2023,01,21,2023-01-21,"[{""source_record_id"": ""incoming_432:311"", ""source"": ""incoming_432"", ""source_path"": ""C:\\Users\\jsw58\\Downloads\\labelling data.csv"", ""source_row"": 311, ""image_id"": ""2233"", ""raw"": {""image_id"": ""2233"", ""year"": ""2023"", ""month"": ""1"", ""day"": ""21"", ""final_date"": ""2023-01-21""}, ""canonical"": {""year"": ""2023"", ""month"": ""01"", ""day"": ""21"", ""final_date"": ""2023-01-21""}, ""review_reason"": [], ""details"": [], ""format_changes"": [""month""]}]",2023,1,21,2023-01-21,,,,2023,01,21,2023-01-21,2023,01,21,2023-01-21,,,,,,ready_for_review,false,,,,false
2241,C:\Users\jsw58\Desktop\itda-ocr\data\002241.jpg,"[""C:\\Users\\jsw58\\Desktop\\itda-ocr\\data\\002241.jpg""]",incoming_432,incoming_432:312,1,[],[],[],[],[],[],[],[],[],[],[],[],"[{""source_record_id"": ""incoming_432:312"", ""source"": ""incoming_432"", ""source_path"": ""C:\\Users\\jsw58\\Downloads\\labelling data.csv"", ""source_row"": 312, ""image_id"": ""2241"", ""raw"": {""image_id"": ""2241"", ""year"": ""2021"", ""month"": ""5"", ""day"": ""26"", ""final_date"": ""2021-05-26""}, ""canonical"": {""year"": ""2021"", ""month"": ""05"", ""day"": ""26"", ""final_date"": ""2021-05-26""}, ""review_reason"": [], ""details"": [], ""format_changes"": [""month""]}]",2021,5,26,2021-05-26,,,,2021,05,26,2021-05-26,2021,05,26,2021-05-26,,,,,,ready_for_review,false,,,,false
2245,C:\Users\jsw58\Desktop\itda-ocr\data\002245.jpg,"[""C:\\Users\\jsw58\\Desktop\\itda-ocr\\data\\002245.jpg""]",existing_300,existing_300:252,1,"[{""source_record_id"": ""existing_300:252"", ""source"": ""existing_300"", ""source_path"": ""C:\\Users\\jsw58\\Desktop\\itda-ocr\\labels\\labels_300.csv"", ""source_row"": 252, ""image_id"": ""2245"", ""raw"": {""file_name"": ""002245.jpg"", ""image_id"": ""2245"", ""year"": ""2021"", ""month"": ""05"", ""day"": ""21"", ""final_date"": ""2021-05-21"", ""notes"": ""EXP로 표기"", ""Unnamed: 7"": """"}, ""canonical"": {""year"": ""2021"", ""month"": ""05"", ""day"": ""21"", ""final_date"": ""2021-05-21""}, ""review_reason"": [], ""details"": [], ""format_changes"": []}]",2021,05,21,2021-05-21,002245.jpg,EXP로 표기,,2021,05,21,2021-05-21,[],[],[],[],[],[],[],[],[],[],[],[],2021,05,21,2021-05-21,,,,,,ready_for_review,false,,,,false
2247,C:\Users\jsw58\Desktop\itda-ocr\data\002247.jpg,"[""C:\\Users\\jsw58\\Desktop\\itda-ocr\\data\\002247.jpg""]",existing_300,existing_300:97,1,"[{""source_record_id"": ""existing_300:97"", ""source"": ""existing_300"", ""source_path"": ""C:\\Users\\jsw58\\Desktop\\itda-ocr\\labels\\labels_300.csv"", ""source_row"": 97, ""image_id"": ""2247"", ""raw"": {""file_name"": ""002247.jpg"", ""image_id"": ""2247"", ""year"": ""2021"", ""month"": ""09"", ""day"": ""07"", ""final_date"": ""2021-09-07"", ""notes"": """", ""Unnamed: 7"": """"}, ""canonical"": {""year"": ""2021"", ""month"": ""09"", ""day"": ""07"", ""final_date"": ""2021-09-07""}, ""review_reason"": [], ""details"": [], ""format_changes"": []}]",2021,09,07,2021-09-07,002247.jpg,,,2021,09,07,2021-09-07,[],[],[],[],[],[],[],[],[],[],[],[],2021,09,07,2021-09-07,,,,,,ready_for_review,false,,,,false
2248,C:\Users\jsw58\Desktop\itda-ocr\data\002248.jpg,"[""C:\\Users\\jsw58\\Desktop\\itda-ocr\\data\\002248.jpg""]",existing_300,existing_300:98,1,"[{""source_record_id"": ""existing_300:98"", ""source"": ""existing_300"", ""source_path"": ""C:\\Users\\jsw58\\Desktop\\itda-ocr\\labels\\labels_300.csv"", ""source_row"": 98, ""image_id"": ""2248"", ""raw"": {""file_name"": ""002248.jpg"", ""image_id"": ""2248"", ""year"": ""2021"", ""month"": ""09"", ""day"": ""07"", ""final_date"": ""2021-09-07"", ""notes"": ""002247.jpg과 동일한 이미지이나 pov 차이"", ""Unnamed: 7"": """"}, ""canonical"": {""year"": ""2021"", ""month"": ""09"", ""day"": ""07"", ""final_date"": ""2021-09-07""}, ""review_reason"": [], ""details"": [], ""format_changes"": []}]",2021,09,07,2021-09-07,002248.jpg,002247.jpg과 동일한 이미지이나 pov 차이,,2021,09,07,2021-09-07,[],[],[],[],[],[],[],[],[],[],[],[],2021,09,07,2021-09-07,,,,,,ready_for_review,false,,,,false
2251,C:\Users\jsw58\Desktop\itda-ocr\data\002251.jpg,"[""C:\\Users\\jsw58\\Desktop\\itda-ocr\\data\\002251.jpg""]",existing_300,existing_300:253,1,"[{""source_record_id"": ""existing_300:253"", ""source"": ""existing_300"", ""source_path"": ""C:\\Users\\jsw58\\Desktop\\itda-ocr\\labels\\labels_300.csv"", ""source_row"": 253, ""image_id"": ""2251"", ""raw"": {""file_name"": ""002251.jpg"", ""image_id"": ""2251"", ""year"": ""2021"", ""month"": ""05"", ""day"": ""09"", ""final_date"": ""2021-05-09"", ""notes"": ""글씨도 잘 안보이는데 거꾸로에 월 영어표기"", ""Unnamed: 7"": """"}, ""canonical"": {""year"": ""2021"", ""month"": ""05"", ""day"": ""09"", ""final_date"": ""2021-05-09""}, ""review_reason"": [], ""details"": [], ""format_changes"": []}]",2021,05,09,2021-05-09,002251.jpg,글씨도 잘 안보이는데 거꾸로에 월 영어표기,,2021,05,09,2021-05-09,[],[],[],[],[],[],[],[],[],[],[],[],2021,05,09,2021-05-09,,,,,,ready_for_review,false,,,,false
2258,C:\Users\jsw58\Desktop\itda-ocr\data\002258.jpg,"[""C:\\Users\\jsw58\\Desktop\\itda-ocr\\data\\002258.jpg""]",existing_300,existing_300:254,1,"[{""source_record_id"": ""existing_300:254"", ""source"": ""existing_300"", ""source_path"": ""C:\\Users\\jsw58\\Desktop\\itda-ocr\\labels\\labels_300.csv"", ""source_row"": 254, ""image_id"": ""2258"", ""raw"": {""file_name"": ""002258.jpg"", ""image_id"": ""2258"", ""year"": ""2022"", ""month"": ""01"", ""day"": ""24"", ""final_date"": ""2022-01-24"", ""notes"": ""진한 갈색 바탕에 회색 글씨라 잘 안보임"", ""Unnamed: 7"": """"}, ""canonical"": {""year"": ""2022"", ""month"": ""01"", ""day"": ""24"", ""final_date"": ""2022-01-24""}, ""review_reason"": [], ""details"": [], ""format_changes"": []}]",2022,01,24,2022-01-24,002258.jpg,진한 갈색 바탕에 회색 글씨라 잘 안보임,,2022,01,24,2022-01-24,[],[],[],[],[],[],[],[],[],[],[],[],2022,01,24,2022-01-24,,,,,,ready_for_review,false,,,,false
2260,C:\Users\jsw58\Desktop\itda-ocr\data\002260.jpg,"[""C:\\Users\\jsw58\\Desktop\\itda-ocr\\data\\002260.jpg""]",incoming_432,incoming_432:313,1,[],[],[],[],[],[],[],[],[],[],[],[],"[{""source_record_id"": ""incoming_432:313"", ""source"": ""incoming_432"", ""source_path"": ""C:\\Users\\jsw58\\Downloads\\labelling data.csv"", ""source_row"": 313, ""image_id"": ""2260"", ""raw"": {""image_id"": ""2260"", ""year"": ""2022"", ""month"": ""12"", ""day"": ""15"", ""final_date"": ""2022-12-15""}, ""canonical"": {""year"": ""2022"", ""month"": ""12"", ""day"": ""15"", ""final_date"": ""2022-12-15""}, ""review_reason"": [], ""details"": [], ""format_changes"": []}]",2022,12,15,2022-12-15,,,,2022,12,15,2022-12-15,2022,12,15,2022-12-15,,,,,,ready_for_review,false,,,,false
2265,C:\Users\jsw58\Desktop\itda-ocr\data\002265.jpg,"[""C:\\Users\\jsw58\\Desktop\\itda-ocr\\data\\002265.jpg""]",incoming_432,incoming_432:314,1,[],[],[],[],[],[],[],[],[],[],[],[],"[{""source_record_id"": ""incoming_432:314"", ""source"": ""incoming_432"", ""source_path"": ""C:\\Users\\jsw58\\Downloads\\labelling data.csv"", ""source_row"": 314, ""image_id"": ""2265"", ""raw"": {""image_id"": ""2265"", ""year"": ""NONE"", ""month"": ""3"", ""day"": ""5"", ""final_date"": ""NONE-03-05""}, ""canonical"": {""year"": ""NONE"", ""month"": ""03"", ""day"": ""05"", ""final_date"": ""NONE-03-05""}, ""review_reason"": [""ambiguous_date_order"", ""partial_none""], ""details"": [""Unknown year; swapping month/day gives another valid date (candidate only)""], ""format_changes"": [""month"", ""day""]}]",NONE,3,5,NONE-03-05,,,,NONE,03,05,NONE-03-05,NONE,03,05,NONE-03-05,,,,,ambiguous_date_order;partial_none,pending,false,,,,false
2272,C:\Users\jsw58\Desktop\itda-ocr\data\002272.jpg,"[""C:\\Users\\jsw58\\Desktop\\itda-ocr\\data\\002272.jpg""]",incoming_432,incoming_432:315,1,[],[],[],[],[],[],[],[],[],[],[],[],"[{""source_record_id"": ""incoming_432:315"", ""source"": ""incoming_432"", ""source_path"": ""C:\\Users\\jsw58\\Downloads\\labelling data.csv"", ""source_row"": 315, ""image_id"": ""2272"", ""raw"": {""image_id"": ""2272"", ""year"": ""2021"", ""month"": ""8"", ""day"": ""2"", ""final_date"": ""2021-08-02""}, ""canonical"": {""year"": ""2021"", ""month"": ""08"", ""day"": ""02"", ""final_date"": ""2021-08-02""}, ""review_reason"": [], ""details"": [], ""format_changes"": [""month"", ""day""]}]",2021,8,2,2021-08-02,,,,2021,08,02,2021-08-02,2021,08,02,2021-08-02,,,,,,ready_for_review,false,,,,false
2276,C:\Users\jsw58\Desktop\itda-ocr\data\002276.jpg,"[""C:\\Users\\jsw58\\Desktop\\itda-ocr\\data\\002276.jpg""]",existing_300,existing_300:99,1,"[{""source_record_id"": ""existing_300:99"", ""source"": ""existing_300"", ""source_path"": ""C:\\Users\\jsw58\\Desktop\\itda-ocr\\labels\\labels_300.csv"", ""source_row"": 99, ""image_id"": ""2276"", ""raw"": {""file_name"": ""002276.jpg"", ""image_id"": ""2276"", ""year"": ""2023"", ""month"": ""12"", ""day"": ""22"", ""final_date"": ""2023-12-22"", ""notes"": """", ""Unnamed: 7"": """"}, ""canonical"": {""year"": ""2023"", ""month"": ""12"", ""day"": ""22"", ""final_date"": ""2023-12-22""}, ""review_reason"": [], ""details"": [], ""format_changes"": []}]",2023,12,22,2023-12-22,002276.jpg,,,2023,12,22,2023-12-22,[],[],[],[],[],[],[],[],[],[],[],[],2023,12,22,2023-12-22,,,,,,ready_for_review,false,,,,false
2278,C:\Users\jsw58\Desktop\itda-ocr\data\002278.jpg,"[""C:\\Users\\jsw58\\Desktop\\itda-ocr\\data\\002278.jpg""]",existing_300,existing_300:100,1,"[{""source_record_id"": ""existing_300:100"", ""source"": ""existing_300"", ""source_path"": ""C:\\Users\\jsw58\\Desktop\\itda-ocr\\labels\\labels_300.csv"", ""source_row"": 100, ""image_id"": ""2278"", ""raw"": {""file_name"": ""002278.jpg"", ""image_id"": ""2278"", ""year"": ""2023"", ""month"": ""07"", ""day"": ""NONE"", ""final_date"": ""2023-07-none"", ""notes"": ""JUL2023"", ""Unnamed: 7"": """"}, ""canonical"": {""year"": ""2023"", ""month"": ""07"", ""day"": ""NONE"", ""final_date"": ""2023-07-NONE""}, ""review_reason"": [""partial_none""], ""details"": [], ""format_changes"": [""final_date""]}]",2023,07,NONE,2023-07-none,002278.jpg,JUL2023,,2023,07,NONE,2023-07-NONE,[],[],[],[],[],[],[],[],[],[],[],[],2023,07,NONE,2023-07-NONE,,,,,partial_none,pending,false,,,,false
2281,C:\Users\jsw58\Desktop\itda-ocr\data\002281.jpg,"[""C:\\Users\\jsw58\\Desktop\\itda-ocr\\data\\002281.jpg""]",incoming_432,incoming_432:316,1,[],[],[],[],[],[],[],[],[],[],[],[],"[{""source_record_id"": ""incoming_432:316"", ""source"": ""incoming_432"", ""source_path"": ""C:\\Users\\jsw58\\Downloads\\labelling data.csv"", ""source_row"": 316, ""image_id"": ""2281"", ""raw"": {""image_id"": ""2281"", ""year"": ""2022"", ""month"": ""7"", ""day"": ""NONE"", ""final_date"": ""2022-07-NONE""}, ""canonical"": {""year"": ""2022"", ""month"": ""07"", ""day"": ""NONE"", ""final_date"": ""2022-07-NONE""}, ""review_reason"": [""partial_none""], ""details"": [], ""format_changes"": [""month""]}]",2022,7,NONE,2022-07-NONE,,,,2022,07,NONE,2022-07-NONE,2022,07,NONE,2022-07-NONE,,,,,partial_none,pending,false,,,,false
2284,C:\Users\jsw58\Desktop\itda-ocr\data\002284.jpg,"[""C:\\Users\\jsw58\\Desktop\\itda-ocr\\data\\002284.jpg""]",existing_300;incoming_432,existing_300:255;incoming_432:317,2,"[{""source_record_id"": ""existing_300:255"", ""source"": ""existing_300"", ""source_path"": ""C:\\Users\\jsw58\\Desktop\\itda-ocr\\labels\\labels_300.csv"", ""source_row"": 255, ""image_id"": ""2284"", ""raw"": {""file_name"": ""002284.jpg"", ""image_id"": ""2284"", ""year"": ""2022"", ""month"": ""01"", ""day"": ""06"", ""final_date"": ""2022-01-06"", ""notes"": ""빛 번짐 약간"", ""Unnamed: 7"": """"}, ""canonical"": {""year"": ""2022"", ""month"": ""01"", ""day"": ""06"", ""final_date"": ""2022-01-06""}, ""review_reason"": [""ocr_visual_review""], ""details"": [""Previously visually inspected; no confirmed decision supplied; retain pending""], ""format_changes"": []}]",2022,01,06,2022-01-06,002284.jpg,빛 번짐 약간,,2022,01,06,2022-01-06,"[{""source_record_id"": ""incoming_432:317"", ""source"": ""incoming_432"", ""source_path"": ""C:\\Users\\jsw58\\Downloads\\labelling data.csv"", ""source_row"": 317, ""image_id"": ""2284"", ""raw"": {""image_id"": ""2284"", ""year"": ""2021"", ""month"": ""1"", ""day"": ""7"", ""final_date"": ""2021-01-07""}, ""canonical"": {""year"": ""2021"", ""month"": ""01"", ""day"": ""07"", ""final_date"": ""2021-01-07""}, ""review_reason"": [""ocr_visual_review""], ""details"": [""Previously visually inspected; no confirmed decision supplied; retain pending""], ""format_changes"": [""month"", ""day""]}]",2021,1,7,2021-01-07,,,,2021,01,07,2021-01-07,,,,,2022,01,06,2022-01-06,label_conflict;ocr_visual_review,approved,true,이미지 표기: 21.01.07 부터 / 22.01.06 까지. 최종 정답: 2022-01-06. 기존 300장 라벨이 맞음.,user,2026-09-23 사용자 제공 기존 이미지 판독 결과 기록. 이미지 표기: 21.01.07 부터 / 22.01.06 까지. 최종 정답: 2022-01-06. 기존 300장 라벨이 맞음. 판정 확정; 기존 검수 사유는 이력으로 보존.,true
2287,C:\Users\jsw58\Desktop\itda-ocr\data\002287.jpg,"[""C:\\Users\\jsw58\\Desktop\\itda-ocr\\data\\002287.jpg""]",incoming_432,incoming_432:318,1,[],[],[],[],[],[],[],[],[],[],[],[],"[{""source_record_id"": ""incoming_432:318"", ""source"": ""incoming_432"", ""source_path"": ""C:\\Users\\jsw58\\Downloads\\labelling data.csv"", ""source_row"": 318, ""image_id"": ""2287"", ""raw"": {""image_id"": ""2287"", ""year"": ""2021"", ""month"": ""12"", ""day"": ""31"", ""final_date"": ""2021-12-31""}, ""canonical"": {""year"": ""2021"", ""month"": ""12"", ""day"": ""31"", ""final_date"": ""2021-12-31""}, ""review_reason"": [], ""details"": [], ""format_changes"": []}]",2021,12,31,2021-12-31,,,,2021,12,31,2021-12-31,2021,12,31,2021-12-31,,,,,,ready_for_review,false,,,,false
2303,C:\Users\jsw58\Desktop\itda-ocr\data\002303.jpg,"[""C:\\Users\\jsw58\\Desktop\\itda-ocr\\data\\002303.jpg""]",incoming_432,incoming_432:319,1,[],[],[],[],[],[],[],[],[],[],[],[],"[{""source_record_id"": ""incoming_432:319"", ""source"": ""incoming_432"", ""source_path"": ""C:\\Users\\jsw58\\Downloads\\labelling data.csv"", ""source_row"": 319, ""image_id"": ""2303"", ""raw"": {""image_id"": ""2303"", ""year"": ""2022"", ""month"": ""2"", ""day"": ""3"", ""final_date"": ""2022-02-03""}, ""canonical"": {""year"": ""2022"", ""month"": ""02"", ""day"": ""03"", ""final_date"": ""2022-02-03""}, ""review_reason"": [], ""details"": [], ""format_changes"": [""month"", ""day""]}]",2022,2,3,2022-02-03,,,,2022,02,03,2022-02-03,2022,02,03,2022-02-03,,,,,,ready_for_review,false,,,,false
2306,C:\Users\jsw58\Desktop\itda-ocr\data\002306.jpg,"[""C:\\Users\\jsw58\\Desktop\\itda-ocr\\data\\002306.jpg""]",existing_300,existing_300:256,1,"[{""source_record_id"": ""existing_300:256"", ""source"": ""existing_300"", ""source_path"": ""C:\\Users\\jsw58\\Desktop\\itda-ocr\\labels\\labels_300.csv"", ""source_row"": 256, ""image_id"": ""2306"", ""raw"": {""file_name"": ""002306.jpg"", ""image_id"": ""2306"", ""year"": ""2021"", ""month"": ""11"", ""day"": ""23"", ""final_date"": ""2021-11-23"", ""notes"": """", ""Unnamed: 7"": """"}, ""canonical"": {""year"": ""2021"", ""month"": ""11"", ""day"": ""23"", ""final_date"": ""2021-11-23""}, ""review_reason"": [], ""details"": [], ""format_changes"": []}]",2021,11,23,2021-11-23,002306.jpg,,,2021,11,23,2021-11-23,[],[],[],[],[],[],[],[],[],[],[],[],2021,11,23,2021-11-23,,,,,,ready_for_review,false,,,,false
2307,C:\Users\jsw58\Desktop\itda-ocr\data\002307.jpg,"[""C:\\Users\\jsw58\\Desktop\\itda-ocr\\data\\002307.jpg""]",incoming_432,incoming_432:320,1,[],[],[],[],[],[],[],[],[],[],[],[],"[{""source_record_id"": ""incoming_432:320"", ""source"": ""incoming_432"", ""source_path"": ""C:\\Users\\jsw58\\Downloads\\labelling data.csv"", ""source_row"": 320, ""image_id"": ""2307"", ""raw"": {""image_id"": ""2307"", ""year"": ""2021"", ""month"": ""11"", ""day"": ""15"", ""final_date"": ""2021-11-15""}, ""canonical"": {""year"": ""2021"", ""month"": ""11"", ""day"": ""15"", ""final_date"": ""2021-11-15""}, ""review_reason"": [], ""details"": [], ""format_changes"": []}]",2021,11,15,2021-11-15,,,,2021,11,15,2021-11-15,2021,11,15,2021-11-15,,,,,,ready_for_review,false,,,,false
2310,C:\Users\jsw58\Desktop\itda-ocr\data\002310.jpg,"[""C:\\Users\\jsw58\\Desktop\\itda-ocr\\data\\002310.jpg""]",incoming_432,incoming_432:321,1,[],[],[],[],[],[],[],[],[],[],[],[],"[{""source_record_id"": ""incoming_432:321"", ""source"": ""incoming_432"", ""source_path"": ""C:\\Users\\jsw58\\Downloads\\labelling data.csv"", ""source_row"": 321, ""image_id"": ""2310"", ""raw"": {""image_id"": ""2310"", ""year"": ""NONE"", ""month"": ""3"", ""day"": ""13"", ""final_date"": ""NONE-03-13""}, ""canonical"": {""year"": ""NONE"", ""month"": ""03"", ""day"": ""13"", ""final_date"": ""NONE-03-13""}, ""review_reason"": [""partial_none""], ""details"": [], ""format_changes"": [""month""]}]",NONE,3,13,NONE-03-13,,,,NONE,03,13,NONE-03-13,NONE,03,13,NONE-03-13,,,,,partial_none,pending,false,,,,false
2324,C:\Users\jsw58\Desktop\itda-ocr\data\002324.jpg,"[""C:\\Users\\jsw58\\Desktop\\itda-ocr\\data\\002324.jpg""]",incoming_432,incoming_432:322,1,[],[],[],[],[],[],[],[],[],[],[],[],"[{""source_record_id"": ""incoming_432:322"", ""source"": ""incoming_432"", ""source_path"": ""C:\\Users\\jsw58\\Downloads\\labelling data.csv"", ""source_row"": 322, ""image_id"": ""2324"", ""raw"": {""image_id"": ""2324"", ""year"": ""2020"", ""month"": ""9"", ""day"": ""6"", ""final_date"": ""2020-09-06""}, ""canonical"": {""year"": ""2020"", ""month"": ""09"", ""day"": ""06"", ""final_date"": ""2020-09-06""}, ""review_reason"": [], ""details"": [], ""format_changes"": [""month"", ""day""]}]",2020,9,6,2020-09-06,,,,2020,09,06,2020-09-06,2020,09,06,2020-09-06,,,,,,ready_for_review,false,,,,false
2326,C:\Users\jsw58\Desktop\itda-ocr\data\002326.jpg,"[""C:\\Users\\jsw58\\Desktop\\itda-ocr\\data\\002326.jpg""]",incoming_432,incoming_432:323,1,[],[],[],[],[],[],[],[],[],[],[],[],"[{""source_record_id"": ""incoming_432:323"", ""source"": ""incoming_432"", ""source_path"": ""C:\\Users\\jsw58\\Downloads\\labelling data.csv"", ""source_row"": 323, ""image_id"": ""2326"", ""raw"": {""image_id"": ""2326"", ""year"": ""2022"", ""month"": ""10"", ""day"": ""23"", ""final_date"": ""2022-10-23""}, ""canonical"": {""year"": ""2022"", ""month"": ""10"", ""day"": ""23"", ""final_date"": ""2022-10-23""}, ""review_reason"": [], ""details"": [], ""format_changes"": []}]",2022,10,23,2022-10-23,,,,2022,10,23,2022-10-23,2022,10,23,2022-10-23,,,,,,ready_for_review,false,,,,false
2327,C:\Users\jsw58\Desktop\itda-ocr\data\002327.jpg,"[""C:\\Users\\jsw58\\Desktop\\itda-ocr\\data\\002327.jpg""]",existing_300,existing_300:257,1,"[{""source_record_id"": ""existing_300:257"", ""source"": ""existing_300"", ""source_path"": ""C:\\Users\\jsw58\\Desktop\\itda-ocr\\labels\\labels_300.csv"", ""source_row"": 257, ""image_id"": ""2327"", ""raw"": {""file_name"": ""002327.jpg"", ""image_id"": ""2327"", ""year"": ""2022"", ""month"": ""10"", ""day"": ""23"", ""final_date"": ""2022-10-23"", ""notes"": ""까지 앞에 시간 먼저 2022.10.23.04:10"", ""Unnamed: 7"": """"}, ""canonical"": {""year"": ""2022"", ""month"": ""10"", ""day"": ""23"", ""final_date"": ""2022-10-23""}, ""review_reason"": [], ""details"": [], ""format_changes"": []}]",2022,10,23,2022-10-23,002327.jpg,까지 앞에 시간 먼저 2022.10.23.04:10,,2022,10,23,2022-10-23,[],[],[],[],[],[],[],[],[],[],[],[],2022,10,23,2022-10-23,,,,,,ready_for_review,false,,,,false
2328,C:\Users\jsw58\Desktop\itda-ocr\data\002328.jpg,"[""C:\\Users\\jsw58\\Desktop\\itda-ocr\\data\\002328.jpg""]",existing_300,existing_300:101,1,"[{""source_record_id"": ""existing_300:101"", ""source"": ""existing_300"", ""source_path"": ""C:\\Users\\jsw58\\Desktop\\itda-ocr\\labels\\labels_300.csv"", ""source_row"": 101, ""image_id"": ""2328"", ""raw"": {""file_name"": ""002328.jpg"", ""image_id"": ""2328"", ""year"": ""2021"", ""month"": ""10"", ""day"": ""20"", ""final_date"": ""2021-10-20"", ""notes"": """", ""Unnamed: 7"": """"}, ""canonical"": {""year"": ""2021"", ""month"": ""10"", ""day"": ""20"", ""final_date"": ""2021-10-20""}, ""review_reason"": [], ""details"": [], ""format_changes"": []}]",2021,10,20,2021-10-20,002328.jpg,,,2021,10,20,2021-10-20,[],[],[],[],[],[],[],[],[],[],[],[],2021,10,20,2021-10-20,,,,,,ready_for_review,false,,,,false
2336,C:\Users\jsw58\Desktop\itda-ocr\data\002336.jpg,"[""C:\\Users\\jsw58\\Desktop\\itda-ocr\\data\\002336.jpg""]",incoming_432,incoming_432:324,1,[],[],[],[],[],[],[],[],[],[],[],[],"[{""source_record_id"": ""incoming_432:324"", ""source"": ""incoming_432"", ""source_path"": ""C:\\Users\\jsw58\\Downloads\\labelling data.csv"", ""source_row"": 324, ""image_id"": ""2336"", ""raw"": {""image_id"": ""2336"", ""year"": ""2021"", ""month"": ""11"", ""day"": ""19"", ""final_date"": ""2021-11-19""}, ""canonical"": {""year"": ""2021"", ""month"": ""11"", ""day"": ""19"", ""final_date"": ""2021-11-19""}, ""review_reason"": [], ""details"": [], ""format_changes"": []}]",2021,11,19,2021-11-19,,,,2021,11,19,2021-11-19,2021,11,19,2021-11-19,,,,,,ready_for_review,false,,,,false
2345,C:\Users\jsw58\Desktop\itda-ocr\data\002345.jpg,"[""C:\\Users\\jsw58\\Desktop\\itda-ocr\\data\\002345.jpg""]",incoming_432,incoming_432:325,1,[],[],[],[],[],[],[],[],[],[],[],[],"[{""source_record_id"": ""incoming_432:325"", ""source"": ""incoming_432"", ""source_path"": ""C:\\Users\\jsw58\\Downloads\\labelling data.csv"", ""source_row"": 325, ""image_id"": ""2345"", ""raw"": {""image_id"": ""2345"", ""year"": ""NONE"", ""month"": ""2"", ""day"": ""12"", ""final_date"": ""NONE-02-12""}, ""canonical"": {""year"": ""NONE"", ""month"": ""02"", ""day"": ""12"", ""final_date"": ""NONE-02-12""}, ""review_reason"": [""ambiguous_date_order"", ""partial_none""], ""details"": [""Unknown year; swapping month/day gives another valid date (candidate only)""], ""format_changes"": [""month""]}]",NONE,2,12,NONE-02-12,,,,NONE,02,12,NONE-02-12,NONE,02,12,NONE-02-12,,,,,ambiguous_date_order;partial_none,pending,false,,,,false
2356,C:\Users\jsw58\Desktop\itda-ocr\data\002356.jpg,"[""C:\\Users\\jsw58\\Desktop\\itda-ocr\\data\\002356.jpg""]",incoming_432,incoming_432:326,1,[],[],[],[],[],[],[],[],[],[],[],[],"[{""source_record_id"": ""incoming_432:326"", ""source"": ""incoming_432"", ""source_path"": ""C:\\Users\\jsw58\\Downloads\\labelling data.csv"", ""source_row"": 326, ""image_id"": ""2356"", ""raw"": {""image_id"": ""2356"", ""year"": ""2021"", ""month"": ""2"", ""day"": ""12"", ""final_date"": ""2021-02-12""}, ""canonical"": {""year"": ""2021"", ""month"": ""02"", ""day"": ""12"", ""final_date"": ""2021-02-12""}, ""review_reason"": [], ""details"": [], ""format_changes"": [""month""]}]",2021,2,12,2021-02-12,,,,2021,02,12,2021-02-12,2021,02,12,2021-02-12,,,,,,ready_for_review,false,,,,false
2358,C:\Users\jsw58\Desktop\itda-ocr\data\002358.jpg,"[""C:\\Users\\jsw58\\Desktop\\itda-ocr\\data\\002358.jpg""]",incoming_432,incoming_432:327,1,[],[],[],[],[],[],[],[],[],[],[],[],"[{""source_record_id"": ""incoming_432:327"", ""source"": ""incoming_432"", ""source_path"": ""C:\\Users\\jsw58\\Downloads\\labelling data.csv"", ""source_row"": 327, ""image_id"": ""2358"", ""raw"": {""image_id"": ""2358"", ""year"": ""2021"", ""month"": ""10"", ""day"": ""10"", ""final_date"": ""2021-10-10""}, ""canonical"": {""year"": ""2021"", ""month"": ""10"", ""day"": ""10"", ""final_date"": ""2021-10-10""}, ""review_reason"": [], ""details"": [], ""format_changes"": []}]",2021,10,10,2021-10-10,,,,2021,10,10,2021-10-10,2021,10,10,2021-10-10,,,,,,ready_for_review,false,,,,false
2364,C:\Users\jsw58\Desktop\itda-ocr\data\002364.jpg,"[""C:\\Users\\jsw58\\Desktop\\itda-ocr\\data\\002364.jpg""]",existing_300,existing_300:102,1,"[{""source_record_id"": ""existing_300:102"", ""source"": ""existing_300"", ""source_path"": ""C:\\Users\\jsw58\\Desktop\\itda-ocr\\labels\\labels_300.csv"", ""source_row"": 102, ""image_id"": ""2364"", ""raw"": {""file_name"": ""002364.jpg"", ""image_id"": ""2364"", ""year"": ""2021"", ""month"": ""08"", ""day"": ""04"", ""final_date"": ""2021-08-04"", ""notes"": """", ""Unnamed: 7"": """"}, ""canonical"": {""year"": ""2021"", ""month"": ""08"", ""day"": ""04"", ""final_date"": ""2021-08-04""}, ""review_reason"": [], ""details"": [], ""format_changes"": []}]",2021,08,04,2021-08-04,002364.jpg,,,2021,08,04,2021-08-04,[],[],[],[],[],[],[],[],[],[],[],[],2021,08,04,2021-08-04,,,,,,ready_for_review,false,,,,false
2370,C:\Users\jsw58\Desktop\itda-ocr\data\002370.jpg,"[""C:\\Users\\jsw58\\Desktop\\itda-ocr\\data\\002370.jpg""]",existing_300,existing_300:258,1,"[{""source_record_id"": ""existing_300:258"", ""source"": ""existing_300"", ""source_path"": ""C:\\Users\\jsw58\\Desktop\\itda-ocr\\labels\\labels_300.csv"", ""source_row"": 258, ""image_id"": ""2370"", ""raw"": {""file_name"": ""002370.jpg"", ""image_id"": ""2370"", ""year"": ""2022"", ""month"": ""05"", ""day"": ""12"", ""final_date"": ""2022-05-12"", ""notes"": ""까지"", ""Unnamed: 7"": """"}, ""canonical"": {""year"": ""2022"", ""month"": ""05"", ""day"": ""12"", ""final_date"": ""2022-05-12""}, ""review_reason"": [], ""details"": [], ""format_changes"": []}]",2022,05,12,2022-05-12,002370.jpg,까지,,2022,05,12,2022-05-12,[],[],[],[],[],[],[],[],[],[],[],[],2022,05,12,2022-05-12,,,,,,ready_for_review,false,,,,false
2376,C:\Users\jsw58\Desktop\itda-ocr\data\002376.jpg,"[""C:\\Users\\jsw58\\Desktop\\itda-ocr\\data\\002376.jpg""]",existing_300;incoming_432,existing_300:259;incoming_432:328,2,"[{""source_record_id"": ""existing_300:259"", ""source"": ""existing_300"", ""source_path"": ""C:\\Users\\jsw58\\Desktop\\itda-ocr\\labels\\labels_300.csv"", ""source_row"": 259, ""image_id"": ""2376"", ""raw"": {""file_name"": ""002376.jpg"", ""image_id"": ""2376"", ""year"": ""2019"", ""month"": ""10"", ""day"": ""28"", ""final_date"": ""2019-10-28"", ""notes"": """", ""Unnamed: 7"": """"}, ""canonical"": {""year"": ""2019"", ""month"": ""10"", ""day"": ""28"", ""final_date"": ""2019-10-28""}, ""review_reason"": [], ""details"": [], ""format_changes"": []}]",2019,10,28,2019-10-28,002376.jpg,,,2019,10,28,2019-10-28,"[{""source_record_id"": ""incoming_432:328"", ""source"": ""incoming_432"", ""source_path"": ""C:\\Users\\jsw58\\Downloads\\labelling data.csv"", ""source_row"": 328, ""image_id"": ""2376"", ""raw"": {""image_id"": ""2376"", ""year"": ""2019"", ""month"": ""10"", ""day"": ""28"", ""final_date"": ""2019-10-28""}, ""canonical"": {""year"": ""2019"", ""month"": ""10"", ""day"": ""28"", ""final_date"": ""2019-10-28""}, ""review_reason"": [], ""details"": [], ""format_changes"": []}]",2019,10,28,2019-10-28,,,,2019,10,28,2019-10-28,2019,10,28,2019-10-28,,,,,,ready_for_review,false,,,,false
2382,C:\Users\jsw58\Desktop\itda-ocr\data\002382.jpg,"[""C:\\Users\\jsw58\\Desktop\\itda-ocr\\data\\002382.jpg""]",incoming_432,incoming_432:329,1,[],[],[],[],[],[],[],[],[],[],[],[],"[{""source_record_id"": ""incoming_432:329"", ""source"": ""incoming_432"", ""source_path"": ""C:\\Users\\jsw58\\Downloads\\labelling data.csv"", ""source_row"": 329, ""image_id"": ""2382"", ""raw"": {""image_id"": ""2382"", ""year"": ""2021"", ""month"": ""8"", ""day"": ""17"", ""final_date"": ""2021-08-17""}, ""canonical"": {""year"": ""2021"", ""month"": ""08"", ""day"": ""17"", ""final_date"": ""2021-08-17""}, ""review_reason"": [], ""details"": [], ""format_changes"": [""month""]}]",2021,8,17,2021-08-17,,,,2021,08,17,2021-08-17,2021,08,17,2021-08-17,,,,,,ready_for_review,false,,,,false
2386,C:\Users\jsw58\Desktop\itda-ocr\data\002386.jpg,"[""C:\\Users\\jsw58\\Desktop\\itda-ocr\\data\\002386.jpg""]",incoming_432,incoming_432:330,1,[],[],[],[],[],[],[],[],[],[],[],[],"[{""source_record_id"": ""incoming_432:330"", ""source"": ""incoming_432"", ""source_path"": ""C:\\Users\\jsw58\\Downloads\\labelling data.csv"", ""source_row"": 330, ""image_id"": ""2386"", ""raw"": {""image_id"": ""2386"", ""year"": ""2019"", ""month"": ""8"", ""day"": ""18"", ""final_date"": ""2019-08-18""}, ""canonical"": {""year"": ""2019"", ""month"": ""08"", ""day"": ""18"", ""final_date"": ""2019-08-18""}, ""review_reason"": [], ""details"": [], ""format_changes"": [""month""]}]",2019,8,18,2019-08-18,,,,2019,08,18,2019-08-18,2019,08,18,2019-08-18,,,,,,ready_for_review,false,,,,false
2387,C:\Users\jsw58\Desktop\itda-ocr\data\002387.jpg,"[""C:\\Users\\jsw58\\Desktop\\itda-ocr\\data\\002387.jpg""]",existing_300,existing_300:260,1,"[{""source_record_id"": ""existing_300:260"", ""source"": ""existing_300"", ""source_path"": ""C:\\Users\\jsw58\\Desktop\\itda-ocr\\labels\\labels_300.csv"", ""source_row"": 260, ""image_id"": ""2387"", ""raw"": {""file_name"": ""002387.jpg"", ""image_id"": ""2387"", ""year"": ""2021"", ""month"": ""01"", ""day"": ""14"", ""final_date"": ""2021-01-14"", ""notes"": ""유통기한, 글씨 약간 번짐"", ""Unnamed: 7"": """"}, ""canonical"": {""year"": ""2021"", ""month"": ""01"", ""day"": ""14"", ""final_date"": ""2021-01-14""}, ""review_reason"": [], ""details"": [], ""format_changes"": []}]",2021,01,14,2021-01-14,002387.jpg,"유통기한, 글씨 약간 번짐",,2021,01,14,2021-01-14,[],[],[],[],[],[],[],[],[],[],[],[],2021,01,14,2021-01-14,,,,,,ready_for_review,false,,,,false
2404,C:\Users\jsw58\Desktop\itda-ocr\data\002404.jpg,"[""C:\\Users\\jsw58\\Desktop\\itda-ocr\\data\\002404.jpg""]",existing_300,existing_300:261,1,"[{""source_record_id"": ""existing_300:261"", ""source"": ""existing_300"", ""source_path"": ""C:\\Users\\jsw58\\Desktop\\itda-ocr\\labels\\labels_300.csv"", ""source_row"": 261, ""image_id"": ""2404"", ""raw"": {""file_name"": ""002404.jpg"", ""image_id"": ""2404"", ""year"": ""2020"", ""month"": ""11"", ""day"": ""11"", ""final_date"": ""2020-11-11"", ""notes"": ""그냥 봐도 잘 안 보임;; 밝기 엄청 높여야 보임"", ""Unnamed: 7"": """"}, ""canonical"": {""year"": ""2020"", ""month"": ""11"", ""day"": ""11"", ""final_date"": ""2020-11-11""}, ""review_reason"": [], ""details"": [], ""format_changes"": []}]",2020,11,11,2020-11-11,002404.jpg,그냥 봐도 잘 안 보임;; 밝기 엄청 높여야 보임,,2020,11,11,2020-11-11,[],[],[],[],[],[],[],[],[],[],[],[],2020,11,11,2020-11-11,,,,,,ready_for_review,false,,,,false
2405,C:\Users\jsw58\Desktop\itda-ocr\data\002405.jpg,"[""C:\\Users\\jsw58\\Desktop\\itda-ocr\\data\\002405.jpg""]",existing_300,existing_300:103,1,"[{""source_record_id"": ""existing_300:103"", ""source"": ""existing_300"", ""source_path"": ""C:\\Users\\jsw58\\Desktop\\itda-ocr\\labels\\labels_300.csv"", ""source_row"": 103, ""image_id"": ""2405"", ""raw"": {""file_name"": ""002405.jpg"", ""image_id"": ""2405"", ""year"": ""2021"", ""month"": ""11"", ""day"": ""01"", ""final_date"": ""2021-11-01"", ""notes"": """", ""Unnamed: 7"": """"}, ""canonical"": {""year"": ""2021"", ""month"": ""11"", ""day"": ""01"", ""final_date"": ""2021-11-01""}, ""review_reason"": [], ""details"": [], ""format_changes"": []}]",2021,11,01,2021-11-01,002405.jpg,,,2021,11,01,2021-11-01,[],[],[],[],[],[],[],[],[],[],[],[],2021,11,01,2021-11-01,,,,,,ready_for_review,false,,,,false
2408,C:\Users\jsw58\Desktop\itda-ocr\data\002408.jpg,"[""C:\\Users\\jsw58\\Desktop\\itda-ocr\\data\\002408.jpg""]",incoming_432,incoming_432:331,1,[],[],[],[],[],[],[],[],[],[],[],[],"[{""source_record_id"": ""incoming_432:331"", ""source"": ""incoming_432"", ""source_path"": ""C:\\Users\\jsw58\\Downloads\\labelling data.csv"", ""source_row"": 331, ""image_id"": ""2408"", ""raw"": {""image_id"": ""2408"", ""year"": ""2022"", ""month"": ""10"", ""day"": ""29"", ""final_date"": ""2022-10-29""}, ""canonical"": {""year"": ""2022"", ""month"": ""10"", ""day"": ""29"", ""final_date"": ""2022-10-29""}, ""review_reason"": [], ""details"": [], ""format_changes"": []}]",2022,10,29,2022-10-29,,,,2022,10,29,2022-10-29,2022,10,29,2022-10-29,,,,,,ready_for_review,false,,,,false
2410,C:\Users\jsw58\Desktop\itda-ocr\data\002410.jpg,"[""C:\\Users\\jsw58\\Desktop\\itda-ocr\\data\\002410.jpg""]",incoming_432,incoming_432:332,1,[],[],[],[],[],[],[],[],[],[],[],[],"[{""source_record_id"": ""incoming_432:332"", ""source"": ""incoming_432"", ""source_path"": ""C:\\Users\\jsw58\\Downloads\\labelling data.csv"", ""source_row"": 332, ""image_id"": ""2410"", ""raw"": {""image_id"": ""2410"", ""year"": ""2022"", ""month"": ""4"", ""day"": ""NONE"", ""final_date"": ""2022-04-NONE""}, ""canonical"": {""year"": ""2022"", ""month"": ""04"", ""day"": ""NONE"", ""final_date"": ""2022-04-NONE""}, ""review_reason"": [""partial_none""], ""details"": [], ""format_changes"": [""month""]}]",2022,4,NONE,2022-04-NONE,,,,2022,04,NONE,2022-04-NONE,2022,04,NONE,2022-04-NONE,,,,,partial_none,pending,false,,,,false
2416,C:\Users\jsw58\Desktop\itda-ocr\data\002416.jpg,"[""C:\\Users\\jsw58\\Desktop\\itda-ocr\\data\\002416.jpg""]",incoming_432,incoming_432:333,1,[],[],[],[],[],[],[],[],[],[],[],[],"[{""source_record_id"": ""incoming_432:333"", ""source"": ""incoming_432"", ""source_path"": ""C:\\Users\\jsw58\\Downloads\\labelling data.csv"", ""source_row"": 333, ""image_id"": ""2416"", ""raw"": {""image_id"": ""2416"", ""year"": ""2021"", ""month"": ""12"", ""day"": ""25"", ""final_date"": ""2021-12-25""}, ""canonical"": {""year"": ""2021"", ""month"": ""12"", ""day"": ""25"", ""final_date"": ""2021-12-25""}, ""review_reason"": [], ""details"": [], ""format_changes"": []}]",2021,12,25,2021-12-25,,,,2021,12,25,2021-12-25,2021,12,25,2021-12-25,,,,,,ready_for_review,false,,,,false
2418,C:\Users\jsw58\Desktop\itda-ocr\data\002418.jpg,"[""C:\\Users\\jsw58\\Desktop\\itda-ocr\\data\\002418.jpg""]",incoming_432,incoming_432:334,1,[],[],[],[],[],[],[],[],[],[],[],[],"[{""source_record_id"": ""incoming_432:334"", ""source"": ""incoming_432"", ""source_path"": ""C:\\Users\\jsw58\\Downloads\\labelling data.csv"", ""source_row"": 334, ""image_id"": ""2418"", ""raw"": {""image_id"": ""2418"", ""year"": ""2023"", ""month"": ""5"", ""day"": ""10"", ""final_date"": ""2023-05-10""}, ""canonical"": {""year"": ""2023"", ""month"": ""05"", ""day"": ""10"", ""final_date"": ""2023-05-10""}, ""review_reason"": [], ""details"": [], ""format_changes"": [""month""]}]",2023,5,10,2023-05-10,,,,2023,05,10,2023-05-10,2023,05,10,2023-05-10,,,,,,ready_for_review,false,,,,false
2421,C:\Users\jsw58\Desktop\itda-ocr\data\002421.jpg,"[""C:\\Users\\jsw58\\Desktop\\itda-ocr\\data\\002421.jpg""]",incoming_432,incoming_432:335,1,[],[],[],[],[],[],[],[],[],[],[],[],"[{""source_record_id"": ""incoming_432:335"", ""source"": ""incoming_432"", ""source_path"": ""C:\\Users\\jsw58\\Downloads\\labelling data.csv"", ""source_row"": 335, ""image_id"": ""2421"", ""raw"": {""image_id"": ""2421"", ""year"": ""2020"", ""month"": ""10"", ""day"": ""23"", ""final_date"": ""2020-10-23""}, ""canonical"": {""year"": ""2020"", ""month"": ""10"", ""day"": ""23"", ""final_date"": ""2020-10-23""}, ""review_reason"": [], ""details"": [], ""format_changes"": []}]",2020,10,23,2020-10-23,,,,2020,10,23,2020-10-23,2020,10,23,2020-10-23,,,,,,ready_for_review,false,,,,false
2424,C:\Users\jsw58\Desktop\itda-ocr\data\002424.jpg,"[""C:\\Users\\jsw58\\Desktop\\itda-ocr\\data\\002424.jpg""]",existing_300,existing_300:104,1,"[{""source_record_id"": ""existing_300:104"", ""source"": ""existing_300"", ""source_path"": ""C:\\Users\\jsw58\\Desktop\\itda-ocr\\labels\\labels_300.csv"", ""source_row"": 104, ""image_id"": ""2424"", ""raw"": {""file_name"": ""002424.jpg"", ""image_id"": ""2424"", ""year"": ""2022"", ""month"": ""06"", ""day"": ""09"", ""final_date"": ""2022-06-09"", ""notes"": """", ""Unnamed: 7"": """"}, ""canonical"": {""year"": ""2022"", ""month"": ""06"", ""day"": ""09"", ""final_date"": ""2022-06-09""}, ""review_reason"": [], ""details"": [], ""format_changes"": []}]",2022,06,09,2022-06-09,002424.jpg,,,2022,06,09,2022-06-09,[],[],[],[],[],[],[],[],[],[],[],[],2022,06,09,2022-06-09,,,,,,ready_for_review,false,,,,false
2427,C:\Users\jsw58\Desktop\itda-ocr\data\002427.jpg,"[""C:\\Users\\jsw58\\Desktop\\itda-ocr\\data\\002427.jpg""]",incoming_432,incoming_432:336,1,[],[],[],[],[],[],[],[],[],[],[],[],"[{""source_record_id"": ""incoming_432:336"", ""source"": ""incoming_432"", ""source_path"": ""C:\\Users\\jsw58\\Downloads\\labelling data.csv"", ""source_row"": 336, ""image_id"": ""2427"", ""raw"": {""image_id"": ""2427"", ""year"": ""2021"", ""month"": ""1"", ""day"": ""18"", ""final_date"": ""2021-01-18""}, ""canonical"": {""year"": ""2021"", ""month"": ""01"", ""day"": ""18"", ""final_date"": ""2021-01-18""}, ""review_reason"": [], ""details"": [], ""format_changes"": [""month""]}]",2021,1,18,2021-01-18,,,,2021,01,18,2021-01-18,2021,01,18,2021-01-18,,,,,,ready_for_review,false,,,,false
2428,C:\Users\jsw58\Desktop\itda-ocr\data\002428.jpg,"[""C:\\Users\\jsw58\\Desktop\\itda-ocr\\data\\002428.jpg""]",existing_300;incoming_432,existing_300:262;incoming_432:337,2,"[{""source_record_id"": ""existing_300:262"", ""source"": ""existing_300"", ""source_path"": ""C:\\Users\\jsw58\\Desktop\\itda-ocr\\labels\\labels_300.csv"", ""source_row"": 262, ""image_id"": ""2428"", ""raw"": {""file_name"": ""002428.jpg"", ""image_id"": ""2428"", ""year"": ""2020"", ""month"": ""12"", ""day"": ""23"", ""final_date"": ""2020-12-23"", ""notes"": ""유통기한, 뒤에 F2E"", ""Unnamed: 7"": """"}, ""canonical"": {""year"": ""2020"", ""month"": ""12"", ""day"": ""23"", ""final_date"": ""2020-12-23""}, ""review_reason"": [], ""details"": [], ""format_changes"": []}]",2020,12,23,2020-12-23,002428.jpg,"유통기한, 뒤에 F2E",,2020,12,23,2020-12-23,"[{""source_record_id"": ""incoming_432:337"", ""source"": ""incoming_432"", ""source_path"": ""C:\\Users\\jsw58\\Downloads\\labelling data.csv"", ""source_row"": 337, ""image_id"": ""2428"", ""raw"": {""image_id"": ""2428"", ""year"": ""2020"", ""month"": ""12"", ""day"": ""23"", ""final_date"": ""2020-12-23""}, ""canonical"": {""year"": ""2020"", ""month"": ""12"", ""day"": ""23"", ""final_date"": ""2020-12-23""}, ""review_reason"": [], ""details"": [], ""format_changes"": []}]",2020,12,23,2020-12-23,,,,2020,12,23,2020-12-23,2020,12,23,2020-12-23,,,,,,ready_for_review,false,,,,false
2436,C:\Users\jsw58\Desktop\itda-ocr\data\002436.jpg,"[""C:\\Users\\jsw58\\Desktop\\itda-ocr\\data\\002436.jpg""]",existing_300,existing_300:263,1,"[{""source_record_id"": ""existing_300:263"", ""source"": ""existing_300"", ""source_path"": ""C:\\Users\\jsw58\\Desktop\\itda-ocr\\labels\\labels_300.csv"", ""source_row"": 263, ""image_id"": ""2436"", ""raw"": {""file_name"": ""002436.jpg"", ""image_id"": ""2436"", ""year"": ""2021"", ""month"": ""06"", ""day"": ""03"", ""final_date"": ""2021-06-03"", ""notes"": ""거꾸로"", ""Unnamed: 7"": """"}, ""canonical"": {""year"": ""2021"", ""month"": ""06"", ""day"": ""03"", ""final_date"": ""2021-06-03""}, ""review_reason"": [], ""details"": [], ""format_changes"": []}]",2021,06,03,2021-06-03,002436.jpg,거꾸로,,2021,06,03,2021-06-03,[],[],[],[],[],[],[],[],[],[],[],[],2021,06,03,2021-06-03,,,,,,ready_for_review,false,,,,false
2437,C:\Users\jsw58\Desktop\itda-ocr\data\002437.jpg,"[""C:\\Users\\jsw58\\Desktop\\itda-ocr\\data\\002437.jpg""]",incoming_432,incoming_432:338,1,[],[],[],[],[],[],[],[],[],[],[],[],"[{""source_record_id"": ""incoming_432:338"", ""source"": ""incoming_432"", ""source_path"": ""C:\\Users\\jsw58\\Downloads\\labelling data.csv"", ""source_row"": 338, ""image_id"": ""2437"", ""raw"": {""image_id"": ""2437"", ""year"": ""2020"", ""month"": ""9"", ""day"": ""13"", ""final_date"": ""2020-09-13""}, ""canonical"": {""year"": ""2020"", ""month"": ""09"", ""day"": ""13"", ""final_date"": ""2020-09-13""}, ""review_reason"": [], ""details"": [], ""format_changes"": [""month""]}]",2020,9,13,2020-09-13,,,,2020,09,13,2020-09-13,2020,09,13,2020-09-13,,,,,,ready_for_review,false,,,,false
2443,C:\Users\jsw58\Desktop\itda-ocr\data\002443.jpg,"[""C:\\Users\\jsw58\\Desktop\\itda-ocr\\data\\002443.jpg""]",existing_300,existing_300:105,1,"[{""source_record_id"": ""existing_300:105"", ""source"": ""existing_300"", ""source_path"": ""C:\\Users\\jsw58\\Desktop\\itda-ocr\\labels\\labels_300.csv"", ""source_row"": 105, ""image_id"": ""2443"", ""raw"": {""file_name"": ""002443.jpg"", ""image_id"": ""2443"", ""year"": ""2021"", ""month"": ""11"", ""day"": ""11"", ""final_date"": ""2021-11-11"", ""notes"": ""DD/MM/YY"", ""Unnamed: 7"": """"}, ""canonical"": {""year"": ""2021"", ""month"": ""11"", ""day"": ""11"", ""final_date"": ""2021-11-11""}, ""review_reason"": [], ""details"": [], ""format_changes"": []}]",2021,11,11,2021-11-11,002443.jpg,DD/MM/YY,,2021,11,11,2021-11-11,[],[],[],[],[],[],[],[],[],[],[],[],2021,11,11,2021-11-11,,,,,,ready_for_review,false,,,,false
2448,C:\Users\jsw58\Desktop\itda-ocr\data\002448.jpg,"[""C:\\Users\\jsw58\\Desktop\\itda-ocr\\data\\002448.jpg""]",incoming_432,incoming_432:339,1,[],[],[],[],[],[],[],[],[],[],[],[],"[{""source_record_id"": ""incoming_432:339"", ""source"": ""incoming_432"", ""source_path"": ""C:\\Users\\jsw58\\Downloads\\labelling data.csv"", ""source_row"": 339, ""image_id"": ""2448"", ""raw"": {""image_id"": ""2448"", ""year"": ""2021"", ""month"": ""2"", ""day"": ""4"", ""final_date"": ""2021-02-02""}, ""canonical"": {""year"": ""2021"", ""month"": ""02"", ""day"": ""04"", ""final_date"": ""2021-02-04""}, ""review_reason"": [""component_final_mismatch"", ""ocr_visual_review""], ""details"": [""Previously visually inspected; no confirmed decision supplied; retain pending""], ""format_changes"": [""month"", ""day"", ""final_date""]}]",2021,2,4,2021-02-02,,,,2021,02,04,2021-02-04,2021,02,04,2021-02-04,2021,02,04,2021-02-04,component_final_mismatch;ocr_visual_review,approved,true,이미지 표기: 사용기한 2021.02.04. 최종 정답: 2021-02-04. 신규 라벨의 final_date가 잘못 기록됨.,user,2026-09-23 사용자 제공 기존 이미지 판독 결과 기록. 이미지 표기: 사용기한 2021.02.04. 최종 정답: 2021-02-04. 신규 라벨의 final_date가 잘못 기록됨. 판정 확정; 기존 검수 사유는 이력으로 보존.,true
2455,C:\Users\jsw58\Desktop\itda-ocr\data\002455.jpg,"[""C:\\Users\\jsw58\\Desktop\\itda-ocr\\data\\002455.jpg""]",incoming_432,incoming_432:340,1,[],[],[],[],[],[],[],[],[],[],[],[],"[{""source_record_id"": ""incoming_432:340"", ""source"": ""incoming_432"", ""source_path"": ""C:\\Users\\jsw58\\Downloads\\labelling data.csv"", ""source_row"": 340, ""image_id"": ""2455"", ""raw"": {""image_id"": ""2455"", ""year"": ""2023"", ""month"": ""2"", ""day"": ""NONE"", ""final_date"": ""2023-02-NONE""}, ""canonical"": {""year"": ""2023"", ""month"": ""02"", ""day"": ""NONE"", ""final_date"": ""2023-02-NONE""}, ""review_reason"": [""partial_none""], ""details"": [], ""format_changes"": [""month""]}]",2023,2,NONE,2023-02-NONE,,,,2023,02,NONE,2023-02-NONE,2023,02,NONE,2023-02-NONE,,,,,partial_none,pending,false,,,,false
2458,C:\Users\jsw58\Desktop\itda-ocr\data\002458.jpg,"[""C:\\Users\\jsw58\\Desktop\\itda-ocr\\data\\002458.jpg""]",incoming_432,incoming_432:341,1,[],[],[],[],[],[],[],[],[],[],[],[],"[{""source_record_id"": ""incoming_432:341"", ""source"": ""incoming_432"", ""source_path"": ""C:\\Users\\jsw58\\Downloads\\labelling data.csv"", ""source_row"": 341, ""image_id"": ""2458"", ""raw"": {""image_id"": ""2458"", ""year"": ""2022"", ""month"": ""4"", ""day"": ""NONE"", ""final_date"": ""2022-04-NONE""}, ""canonical"": {""year"": ""2022"", ""month"": ""04"", ""day"": ""NONE"", ""final_date"": ""2022-04-NONE""}, ""review_reason"": [""partial_none""], ""details"": [], ""format_changes"": [""month""]}]",2022,4,NONE,2022-04-NONE,,,,2022,04,NONE,2022-04-NONE,2022,04,NONE,2022-04-NONE,,,,,partial_none,pending,false,,,,false
2459,C:\Users\jsw58\Desktop\itda-ocr\data\002459.jpg,"[""C:\\Users\\jsw58\\Desktop\\itda-ocr\\data\\002459.jpg""]",incoming_432,incoming_432:342,1,[],[],[],[],[],[],[],[],[],[],[],[],"[{""source_record_id"": ""incoming_432:342"", ""source"": ""incoming_432"", ""source_path"": ""C:\\Users\\jsw58\\Downloads\\labelling data.csv"", ""source_row"": 342, ""image_id"": ""2459"", ""raw"": {""image_id"": ""2459"", ""year"": ""2021"", ""month"": ""11"", ""day"": ""30"", ""final_date"": ""2021-11-30""}, ""canonical"": {""year"": ""2021"", ""month"": ""11"", ""day"": ""30"", ""final_date"": ""2021-11-30""}, ""review_reason"": [], ""details"": [], ""format_changes"": []}]",2021,11,30,2021-11-30,,,,2021,11,30,2021-11-30,2021,11,30,2021-11-30,,,,,,ready_for_review,false,,,,false
2464,C:\Users\jsw58\Desktop\itda-ocr\data\002464.jpg,"[""C:\\Users\\jsw58\\Desktop\\itda-ocr\\data\\002464.jpg""]",incoming_432,incoming_432:343,1,[],[],[],[],[],[],[],[],[],[],[],[],"[{""source_record_id"": ""incoming_432:343"", ""source"": ""incoming_432"", ""source_path"": ""C:\\Users\\jsw58\\Downloads\\labelling data.csv"", ""source_row"": 343, ""image_id"": ""2464"", ""raw"": {""image_id"": ""2464"", ""year"": ""2022"", ""month"": ""5"", ""day"": ""NONE"", ""final_date"": ""2022-05-NONE""}, ""canonical"": {""year"": ""2022"", ""month"": ""05"", ""day"": ""NONE"", ""final_date"": ""2022-05-NONE""}, ""review_reason"": [""partial_none""], ""details"": [], ""format_changes"": [""month""]}]",2022,5,NONE,2022-05-NONE,,,,2022,05,NONE,2022-05-NONE,2022,05,NONE,2022-05-NONE,,,,,partial_none,pending,false,,,,false
2466,C:\Users\jsw58\Desktop\itda-ocr\data\002466.jpg,"[""C:\\Users\\jsw58\\Desktop\\itda-ocr\\data\\002466.jpg""]",existing_300;incoming_432,existing_300:106;incoming_432:344,2,"[{""source_record_id"": ""existing_300:106"", ""source"": ""existing_300"", ""source_path"": ""C:\\Users\\jsw58\\Desktop\\itda-ocr\\labels\\labels_300.csv"", ""source_row"": 106, ""image_id"": ""2466"", ""raw"": {""file_name"": ""002466.jpg"", ""image_id"": ""2466"", ""year"": ""2022"", ""month"": ""01"", ""day"": ""20"", ""final_date"": ""2022-01-20"", ""notes"": """", ""Unnamed: 7"": """"}, ""canonical"": {""year"": ""2022"", ""month"": ""01"", ""day"": ""20"", ""final_date"": ""2022-01-20""}, ""review_reason"": [], ""details"": [], ""format_changes"": []}]",2022,01,20,2022-01-20,002466.jpg,,,2022,01,20,2022-01-20,"[{""source_record_id"": ""incoming_432:344"", ""source"": ""incoming_432"", ""source_path"": ""C:\\Users\\jsw58\\Downloads\\labelling data.csv"", ""source_row"": 344, ""image_id"": ""2466"", ""raw"": {""image_id"": ""2466"", ""year"": ""2022"", ""month"": ""1"", ""day"": ""20"", ""final_date"": ""2022-01-20""}, ""canonical"": {""year"": ""2022"", ""month"": ""01"", ""day"": ""20"", ""final_date"": ""2022-01-20""}, ""review_reason"": [], ""details"": [], ""format_changes"": [""month""]}]",2022,1,20,2022-01-20,,,,2022,01,20,2022-01-20,2022,01,20,2022-01-20,,,,,,ready_for_review,false,,,,false
2469,C:\Users\jsw58\Desktop\itda-ocr\data\002469.jpg,"[""C:\\Users\\jsw58\\Desktop\\itda-ocr\\data\\002469.jpg""]",incoming_432,incoming_432:345,1,[],[],[],[],[],[],[],[],[],[],[],[],"[{""source_record_id"": ""incoming_432:345"", ""source"": ""incoming_432"", ""source_path"": ""C:\\Users\\jsw58\\Downloads\\labelling data.csv"", ""source_row"": 345, ""image_id"": ""2469"", ""raw"": {""image_id"": ""2469"", ""year"": ""2023"", ""month"": ""6"", ""day"": ""22"", ""final_date"": ""2023-06-22""}, ""canonical"": {""year"": ""2023"", ""month"": ""06"", ""day"": ""22"", ""final_date"": ""2023-06-22""}, ""review_reason"": [], ""details"": [], ""format_changes"": [""month""]}]",2023,6,22,2023-06-22,,,,2023,06,22,2023-06-22,2023,06,22,2023-06-22,,,,,,ready_for_review,false,,,,false
2472,C:\Users\jsw58\Desktop\itda-ocr\data\002472.jpg,"[""C:\\Users\\jsw58\\Desktop\\itda-ocr\\data\\002472.jpg""]",incoming_432,incoming_432:346,1,[],[],[],[],[],[],[],[],[],[],[],[],"[{""source_record_id"": ""incoming_432:346"", ""source"": ""incoming_432"", ""source_path"": ""C:\\Users\\jsw58\\Downloads\\labelling data.csv"", ""source_row"": 346, ""image_id"": ""2472"", ""raw"": {""image_id"": ""2472"", ""year"": ""2021"", ""month"": ""3"", ""day"": ""18"", ""final_date"": ""2021-03-18""}, ""canonical"": {""year"": ""2021"", ""month"": ""03"", ""day"": ""18"", ""final_date"": ""2021-03-18""}, ""review_reason"": [], ""details"": [], ""format_changes"": [""month""]}]",2021,3,18,2021-03-18,,,,2021,03,18,2021-03-18,2021,03,18,2021-03-18,,,,,,ready_for_review,false,,,,false
2480,C:\Users\jsw58\Desktop\itda-ocr\data\002480.jpg,"[""C:\\Users\\jsw58\\Desktop\\itda-ocr\\data\\002480.jpg""]",existing_300,existing_300:107,1,"[{""source_record_id"": ""existing_300:107"", ""source"": ""existing_300"", ""source_path"": ""C:\\Users\\jsw58\\Desktop\\itda-ocr\\labels\\labels_300.csv"", ""source_row"": 107, ""image_id"": ""2480"", ""raw"": {""file_name"": ""002480.jpg"", ""image_id"": ""2480"", ""year"": ""2022"", ""month"": ""07"", ""day"": ""NONE"", ""final_date"": ""2022-07-none"", ""notes"": """", ""Unnamed: 7"": """"}, ""canonical"": {""year"": ""2022"", ""month"": ""07"", ""day"": ""NONE"", ""final_date"": ""2022-07-NONE""}, ""review_reason"": [""partial_none""], ""details"": [], ""format_changes"": [""final_date""]}]",2022,07,NONE,2022-07-none,002480.jpg,,,2022,07,NONE,2022-07-NONE,[],[],[],[],[],[],[],[],[],[],[],[],2022,07,NONE,2022-07-NONE,,,,,partial_none,pending,false,,,,false
2483,C:\Users\jsw58\Desktop\itda-ocr\data\002483.jpg,"[""C:\\Users\\jsw58\\Desktop\\itda-ocr\\data\\002483.jpg""]",incoming_432,incoming_432:347,1,[],[],[],[],[],[],[],[],[],[],[],[],"[{""source_record_id"": ""incoming_432:347"", ""source"": ""incoming_432"", ""source_path"": ""C:\\Users\\jsw58\\Downloads\\labelling data.csv"", ""source_row"": 347, ""image_id"": ""2483"", ""raw"": {""image_id"": ""2483"", ""year"": ""2021"", ""month"": ""5"", ""day"": ""5"", ""final_date"": ""2021-05-05""}, ""canonical"": {""year"": ""2021"", ""month"": ""05"", ""day"": ""05"", ""final_date"": ""2021-05-05""}, ""review_reason"": [], ""details"": [], ""format_changes"": [""month"", ""day""]}]",2021,5,5,2021-05-05,,,,2021,05,05,2021-05-05,2021,05,05,2021-05-05,,,,,,ready_for_review,false,,,,false
2492,C:\Users\jsw58\Desktop\itda-ocr\data\002492.jpg,"[""C:\\Users\\jsw58\\Desktop\\itda-ocr\\data\\002492.jpg""]",existing_300,existing_300:108,1,"[{""source_record_id"": ""existing_300:108"", ""source"": ""existing_300"", ""source_path"": ""C:\\Users\\jsw58\\Desktop\\itda-ocr\\labels\\labels_300.csv"", ""source_row"": 108, ""image_id"": ""2492"", ""raw"": {""file_name"": ""002492.jpg"", ""image_id"": ""2492"", ""year"": ""2022"", ""month"": ""08"", ""day"": ""09"", ""final_date"": ""2022-08-09"", ""notes"": ""DD.MM.YY"", ""Unnamed: 7"": """"}, ""canonical"": {""year"": ""2022"", ""month"": ""08"", ""day"": ""09"", ""final_date"": ""2022-08-09""}, ""review_reason"": [], ""details"": [], ""format_changes"": []}]",2022,08,09,2022-08-09,002492.jpg,DD.MM.YY,,2022,08,09,2022-08-09,[],[],[],[],[],[],[],[],[],[],[],[],2022,08,09,2022-08-09,,,,,,ready_for_review,false,,,,false
2498,C:\Users\jsw58\Desktop\itda-ocr\data\002498.jpg,"[""C:\\Users\\jsw58\\Desktop\\itda-ocr\\data\\002498.jpg""]",incoming_432,incoming_432:348,1,[],[],[],[],[],[],[],[],[],[],[],[],"[{""source_record_id"": ""incoming_432:348"", ""source"": ""incoming_432"", ""source_path"": ""C:\\Users\\jsw58\\Downloads\\labelling data.csv"", ""source_row"": 348, ""image_id"": ""2498"", ""raw"": {""image_id"": ""2498"", ""year"": ""2021"", ""month"": ""5"", ""day"": ""7"", ""final_date"": ""2021-05-07""}, ""canonical"": {""year"": ""2021"", ""month"": ""05"", ""day"": ""07"", ""final_date"": ""2021-05-07""}, ""review_reason"": [], ""details"": [], ""format_changes"": [""month"", ""day""]}]",2021,5,7,2021-05-07,,,,2021,05,07,2021-05-07,2021,05,07,2021-05-07,,,,,,ready_for_review,false,,,,false
2504,C:\Users\jsw58\Desktop\itda-ocr\data\002504.jpg,"[""C:\\Users\\jsw58\\Desktop\\itda-ocr\\data\\002504.jpg""]",existing_300,existing_300:264,1,"[{""source_record_id"": ""existing_300:264"", ""source"": ""existing_300"", ""source_path"": ""C:\\Users\\jsw58\\Desktop\\itda-ocr\\labels\\labels_300.csv"", ""source_row"": 264, ""image_id"": ""2504"", ""raw"": {""file_name"": ""002504.jpg"", ""image_id"": ""2504"", ""year"": ""2022"", ""month"": ""01"", ""day"": ""06"", ""final_date"": ""2022-01-06"", ""notes"": ""유통기한인데 빛번짐때문에 유통기한이라는 글씨가 잘 안보임"", ""Unnamed: 7"": """"}, ""canonical"": {""year"": ""2022"", ""month"": ""01"", ""day"": ""06"", ""final_date"": ""2022-01-06""}, ""review_reason"": [], ""details"": [], ""format_changes"": []}]",2022,01,06,2022-01-06,002504.jpg,유통기한인데 빛번짐때문에 유통기한이라는 글씨가 잘 안보임,,2022,01,06,2022-01-06,[],[],[],[],[],[],[],[],[],[],[],[],2022,01,06,2022-01-06,,,,,,ready_for_review,false,,,,false
2508,C:\Users\jsw58\Desktop\itda-ocr\data\002508.jpg,"[""C:\\Users\\jsw58\\Desktop\\itda-ocr\\data\\002508.jpg""]",incoming_432,incoming_432:349,1,[],[],[],[],[],[],[],[],[],[],[],[],"[{""source_record_id"": ""incoming_432:349"", ""source"": ""incoming_432"", ""source_path"": ""C:\\Users\\jsw58\\Downloads\\labelling data.csv"", ""source_row"": 349, ""image_id"": ""2508"", ""raw"": {""image_id"": ""2508"", ""year"": ""2021"", ""month"": ""11"", ""day"": ""9"", ""final_date"": ""2021-11-09""}, ""canonical"": {""year"": ""2021"", ""month"": ""11"", ""day"": ""09"", ""final_date"": ""2021-11-09""}, ""review_reason"": [], ""details"": [], ""format_changes"": [""day""]}]",2021,11,9,2021-11-09,,,,2021,11,09,2021-11-09,2021,11,09,2021-11-09,,,,,,ready_for_review,false,,,,false
2510,C:\Users\jsw58\Desktop\itda-ocr\data\002510.jpg,"[""C:\\Users\\jsw58\\Desktop\\itda-ocr\\data\\002510.jpg""]",existing_300,existing_300:109,1,"[{""source_record_id"": ""existing_300:109"", ""source"": ""existing_300"", ""source_path"": ""C:\\Users\\jsw58\\Desktop\\itda-ocr\\labels\\labels_300.csv"", ""source_row"": 109, ""image_id"": ""2510"", ""raw"": {""file_name"": ""002510.jpg"", ""image_id"": ""2510"", ""year"": ""2022"", ""month"": ""03"", ""day"": ""09"", ""final_date"": ""2022-03-09"", ""notes"": """", ""Unnamed: 7"": """"}, ""canonical"": {""year"": ""2022"", ""month"": ""03"", ""day"": ""09"", ""final_date"": ""2022-03-09""}, ""review_reason"": [], ""details"": [], ""format_changes"": []}]",2022,03,09,2022-03-09,002510.jpg,,,2022,03,09,2022-03-09,[],[],[],[],[],[],[],[],[],[],[],[],2022,03,09,2022-03-09,,,,,,ready_for_review,false,,,,false
2515,C:\Users\jsw58\Desktop\itda-ocr\data\002515.jpg,"[""C:\\Users\\jsw58\\Desktop\\itda-ocr\\data\\002515.jpg""]",incoming_432,incoming_432:350,1,[],[],[],[],[],[],[],[],[],[],[],[],"[{""source_record_id"": ""incoming_432:350"", ""source"": ""incoming_432"", ""source_path"": ""C:\\Users\\jsw58\\Downloads\\labelling data.csv"", ""source_row"": 350, ""image_id"": ""2515"", ""raw"": {""image_id"": ""2515"", ""year"": ""2022"", ""month"": ""2"", ""day"": ""16"", ""final_date"": ""2022-02-16""}, ""canonical"": {""year"": ""2022"", ""month"": ""02"", ""day"": ""16"", ""final_date"": ""2022-02-16""}, ""review_reason"": [], ""details"": [], ""format_changes"": [""month""]}]",2022,2,16,2022-02-16,,,,2022,02,16,2022-02-16,2022,02,16,2022-02-16,,,,,,ready_for_review,false,,,,false
2517,C:\Users\jsw58\Desktop\itda-ocr\data\002517.jpg,"[""C:\\Users\\jsw58\\Desktop\\itda-ocr\\data\\002517.jpg""]",incoming_432,incoming_432:351,1,[],[],[],[],[],[],[],[],[],[],[],[],"[{""source_record_id"": ""incoming_432:351"", ""source"": ""incoming_432"", ""source_path"": ""C:\\Users\\jsw58\\Downloads\\labelling data.csv"", ""source_row"": 351, ""image_id"": ""2517"", ""raw"": {""image_id"": ""2517"", ""year"": ""2022"", ""month"": ""7"", ""day"": ""20"", ""final_date"": ""2022-07-20""}, ""canonical"": {""year"": ""2022"", ""month"": ""07"", ""day"": ""20"", ""final_date"": ""2022-07-20""}, ""review_reason"": [], ""details"": [], ""format_changes"": [""month""]}]",2022,7,20,2022-07-20,,,,2022,07,20,2022-07-20,2022,07,20,2022-07-20,,,,,,ready_for_review,false,,,,false
2519,C:\Users\jsw58\Desktop\itda-ocr\data\002519.jpg,"[""C:\\Users\\jsw58\\Desktop\\itda-ocr\\data\\002519.jpg""]",incoming_432,incoming_432:352,1,[],[],[],[],[],[],[],[],[],[],[],[],"[{""source_record_id"": ""incoming_432:352"", ""source"": ""incoming_432"", ""source_path"": ""C:\\Users\\jsw58\\Downloads\\labelling data.csv"", ""source_row"": 352, ""image_id"": ""2519"", ""raw"": {""image_id"": ""2519"", ""year"": ""2023"", ""month"": ""1"", ""day"": ""25"", ""final_date"": ""2023-01-25""}, ""canonical"": {""year"": ""2023"", ""month"": ""01"", ""day"": ""25"", ""final_date"": ""2023-01-25""}, ""review_reason"": [], ""details"": [], ""format_changes"": [""month""]}]",2023,1,25,2023-01-25,,,,2023,01,25,2023-01-25,2023,01,25,2023-01-25,,,,,,ready_for_review,false,,,,false
2521,C:\Users\jsw58\Desktop\itda-ocr\data\002521.jpg,"[""C:\\Users\\jsw58\\Desktop\\itda-ocr\\data\\002521.jpg""]",existing_300;incoming_432,existing_300:265;incoming_432:353,2,"[{""source_record_id"": ""existing_300:265"", ""source"": ""existing_300"", ""source_path"": ""C:\\Users\\jsw58\\Desktop\\itda-ocr\\labels\\labels_300.csv"", ""source_row"": 265, ""image_id"": ""2521"", ""raw"": {""file_name"": ""002521.jpg"", ""image_id"": ""2521"", ""year"": ""2023"", ""month"": ""10"", ""day"": ""02"", ""final_date"": ""2023-10-02"", ""notes"": ""거꾸로"", ""Unnamed: 7"": """"}, ""canonical"": {""year"": ""2023"", ""month"": ""10"", ""day"": ""02"", ""final_date"": ""2023-10-02""}, ""review_reason"": [""ocr_visual_review""], ""details"": [""Previously visually inspected; no confirmed decision supplied; retain pending""], ""format_changes"": []}]",2023,10,02,2023-10-02,002521.jpg,거꾸로,,2023,10,02,2023-10-02,"[{""source_record_id"": ""incoming_432:353"", ""source"": ""incoming_432"", ""source_path"": ""C:\\Users\\jsw58\\Downloads\\labelling data.csv"", ""source_row"": 353, ""image_id"": ""2521"", ""raw"": {""image_id"": ""2521"", ""year"": ""2023"", ""month"": ""10"", ""day"": ""1"", ""final_date"": ""2023-10-01""}, ""canonical"": {""year"": ""2023"", ""month"": ""10"", ""day"": ""01"", ""final_date"": ""2023-10-01""}, ""review_reason"": [""ocr_visual_review""], ""details"": [""Previously visually inspected; no confirmed decision supplied; retain pending""], ""format_changes"": [""day""]}]",2023,10,1,2023-10-01,,,,2023,10,01,2023-10-01,,,,,,,,,label_conflict;ocr_visual_review,pending,true,이미지에서 02/10/2023 확인. 날짜순서에 대한 추가 근거가 필요함. 기존 라벨과 신규 라벨 중 하나를 임의로 선택하지 말 것.,user,2026-09-23 사용자 제공 기존 이미지 판독 결과 기록. 이미지에서 02/10/2023 확인. 날짜순서에 대한 추가 근거가 필요함. 기존 라벨과 신규 라벨 중 하나를 임의로 선택하지 말 것. 최종 정답 미확정; pending 유지.,false
2522,C:\Users\jsw58\Desktop\itda-ocr\data\002522.jpg,"[""C:\\Users\\jsw58\\Desktop\\itda-ocr\\data\\002522.jpg""]",existing_300,existing_300:266,1,"[{""source_record_id"": ""existing_300:266"", ""source"": ""existing_300"", ""source_path"": ""C:\\Users\\jsw58\\Desktop\\itda-ocr\\labels\\labels_300.csv"", ""source_row"": 266, ""image_id"": ""2522"", ""raw"": {""file_name"": ""002522.jpg"", ""image_id"": ""2522"", ""year"": ""2022"", ""month"": ""09"", ""day"": ""14"", ""final_date"": ""2022-09-14"", ""notes"": """", ""Unnamed: 7"": """"}, ""canonical"": {""year"": ""2022"", ""month"": ""09"", ""day"": ""14"", ""final_date"": ""2022-09-14""}, ""review_reason"": [], ""details"": [], ""format_changes"": []}]",2022,09,14,2022-09-14,002522.jpg,,,2022,09,14,2022-09-14,[],[],[],[],[],[],[],[],[],[],[],[],2022,09,14,2022-09-14,,,,,,ready_for_review,false,,,,false
2523,C:\Users\jsw58\Desktop\itda-ocr\data\002523.jpg,"[""C:\\Users\\jsw58\\Desktop\\itda-ocr\\data\\002523.jpg""]",incoming_432,incoming_432:354,1,[],[],[],[],[],[],[],[],[],[],[],[],"[{""source_record_id"": ""incoming_432:354"", ""source"": ""incoming_432"", ""source_path"": ""C:\\Users\\jsw58\\Downloads\\labelling data.csv"", ""source_row"": 354, ""image_id"": ""2523"", ""raw"": {""image_id"": ""2523"", ""year"": ""2022"", ""month"": ""9"", ""day"": ""14"", ""final_date"": ""2022-09-14""}, ""canonical"": {""year"": ""2022"", ""month"": ""09"", ""day"": ""14"", ""final_date"": ""2022-09-14""}, ""review_reason"": [], ""details"": [], ""format_changes"": [""month""]}]",2022,9,14,2022-09-14,,,,2022,09,14,2022-09-14,2022,09,14,2022-09-14,,,,,,ready_for_review,false,,,,false
2524,C:\Users\jsw58\Desktop\itda-ocr\data\002524.jpg,"[""C:\\Users\\jsw58\\Desktop\\itda-ocr\\data\\002524.jpg""]",incoming_432,incoming_432:355,1,[],[],[],[],[],[],[],[],[],[],[],[],"[{""source_record_id"": ""incoming_432:355"", ""source"": ""incoming_432"", ""source_path"": ""C:\\Users\\jsw58\\Downloads\\labelling data.csv"", ""source_row"": 355, ""image_id"": ""2524"", ""raw"": {""image_id"": ""2524"", ""year"": ""2023"", ""month"": ""1"", ""day"": ""15"", ""final_date"": ""2023-01-15""}, ""canonical"": {""year"": ""2023"", ""month"": ""01"", ""day"": ""15"", ""final_date"": ""2023-01-15""}, ""review_reason"": [], ""details"": [], ""format_changes"": [""month""]}]",2023,1,15,2023-01-15,,,,2023,01,15,2023-01-15,2023,01,15,2023-01-15,,,,,,ready_for_review,false,,,,false
2525,C:\Users\jsw58\Desktop\itda-ocr\data\002525.jpg,"[""C:\\Users\\jsw58\\Desktop\\itda-ocr\\data\\002525.jpg""]",incoming_432,incoming_432:356,1,[],[],[],[],[],[],[],[],[],[],[],[],"[{""source_record_id"": ""incoming_432:356"", ""source"": ""incoming_432"", ""source_path"": ""C:\\Users\\jsw58\\Downloads\\labelling data.csv"", ""source_row"": 356, ""image_id"": ""2525"", ""raw"": {""image_id"": ""2525"", ""year"": ""2023"", ""month"": ""1"", ""day"": ""25"", ""final_date"": ""2023-01-25""}, ""canonical"": {""year"": ""2023"", ""month"": ""01"", ""day"": ""25"", ""final_date"": ""2023-01-25""}, ""review_reason"": [], ""details"": [], ""format_changes"": [""month""]}]",2023,1,25,2023-01-25,,,,2023,01,25,2023-01-25,2023,01,25,2023-01-25,,,,,,ready_for_review,false,,,,false
2527,C:\Users\jsw58\Desktop\itda-ocr\data\002527.jpg,"[""C:\\Users\\jsw58\\Desktop\\itda-ocr\\data\\002527.jpg""]",incoming_432,incoming_432:357,1,[],[],[],[],[],[],[],[],[],[],[],[],"[{""source_record_id"": ""incoming_432:357"", ""source"": ""incoming_432"", ""source_path"": ""C:\\Users\\jsw58\\Downloads\\labelling data.csv"", ""source_row"": 357, ""image_id"": ""2527"", ""raw"": {""image_id"": ""2527"", ""year"": ""2023"", ""month"": ""2"", ""day"": ""15"", ""final_date"": ""2023-02-15""}, ""canonical"": {""year"": ""2023"", ""month"": ""02"", ""day"": ""15"", ""final_date"": ""2023-02-15""}, ""review_reason"": [], ""details"": [], ""format_changes"": [""month""]}]",2023,2,15,2023-02-15,,,,2023,02,15,2023-02-15,2023,02,15,2023-02-15,,,,,,ready_for_review,false,,,,false
2529,C:\Users\jsw58\Desktop\itda-ocr\data\002529.jpg,"[""C:\\Users\\jsw58\\Desktop\\itda-ocr\\data\\002529.jpg""]",existing_300,existing_300:110,1,"[{""source_record_id"": ""existing_300:110"", ""source"": ""existing_300"", ""source_path"": ""C:\\Users\\jsw58\\Desktop\\itda-ocr\\labels\\labels_300.csv"", ""source_row"": 110, ""image_id"": ""2529"", ""raw"": {""file_name"": ""002529.jpg"", ""image_id"": ""2529"", ""year"": ""2021"", ""month"": ""10"", ""day"": ""19"", ""final_date"": ""2021-10-19"", ""notes"": """", ""Unnamed: 7"": """"}, ""canonical"": {""year"": ""2021"", ""month"": ""10"", ""day"": ""19"", ""final_date"": ""2021-10-19""}, ""review_reason"": [], ""details"": [], ""format_changes"": []}]",2021,10,19,2021-10-19,002529.jpg,,,2021,10,19,2021-10-19,[],[],[],[],[],[],[],[],[],[],[],[],2021,10,19,2021-10-19,,,,,,ready_for_review,false,,,,false
2536,C:\Users\jsw58\Desktop\itda-ocr\data\002536.jpg,"[""C:\\Users\\jsw58\\Desktop\\itda-ocr\\data\\002536.jpg""]",incoming_432,incoming_432:358,1,[],[],[],[],[],[],[],[],[],[],[],[],"[{""source_record_id"": ""incoming_432:358"", ""source"": ""incoming_432"", ""source_path"": ""C:\\Users\\jsw58\\Downloads\\labelling data.csv"", ""source_row"": 358, ""image_id"": ""2536"", ""raw"": {""image_id"": ""2536"", ""year"": ""2021"", ""month"": ""9"", ""day"": ""22"", ""final_date"": ""2021-09-22""}, ""canonical"": {""year"": ""2021"", ""month"": ""09"", ""day"": ""22"", ""final_date"": ""2021-09-22""}, ""review_reason"": [], ""details"": [], ""format_changes"": [""month""]}]",2021,9,22,2021-09-22,,,,2021,09,22,2021-09-22,2021,09,22,2021-09-22,,,,,,ready_for_review,false,,,,false
2538,C:\Users\jsw58\Desktop\itda-ocr\data\002538.jpg,"[""C:\\Users\\jsw58\\Desktop\\itda-ocr\\data\\002538.jpg""]",incoming_432,incoming_432:359,1,[],[],[],[],[],[],[],[],[],[],[],[],"[{""source_record_id"": ""incoming_432:359"", ""source"": ""incoming_432"", ""source_path"": ""C:\\Users\\jsw58\\Downloads\\labelling data.csv"", ""source_row"": 359, ""image_id"": ""2538"", ""raw"": {""image_id"": ""2538"", ""year"": ""2021"", ""month"": ""8"", ""day"": ""5"", ""final_date"": ""2021-08-05""}, ""canonical"": {""year"": ""2021"", ""month"": ""08"", ""day"": ""05"", ""final_date"": ""2021-08-05""}, ""review_reason"": [], ""details"": [], ""format_changes"": [""month"", ""day""]}]",2021,8,5,2021-08-05,,,,2021,08,05,2021-08-05,2021,08,05,2021-08-05,,,,,,ready_for_review,false,,,,false
2541,C:\Users\jsw58\Desktop\itda-ocr\data\002541.jpg,"[""C:\\Users\\jsw58\\Desktop\\itda-ocr\\data\\002541.jpg""]",incoming_432,incoming_432:360,1,[],[],[],[],[],[],[],[],[],[],[],[],"[{""source_record_id"": ""incoming_432:360"", ""source"": ""incoming_432"", ""source_path"": ""C:\\Users\\jsw58\\Downloads\\labelling data.csv"", ""source_row"": 360, ""image_id"": ""2541"", ""raw"": {""image_id"": ""2541"", ""year"": ""2021"", ""month"": ""12"", ""day"": ""19"", ""final_date"": ""2021-12-19""}, ""canonical"": {""year"": ""2021"", ""month"": ""12"", ""day"": ""19"", ""final_date"": ""2021-12-19""}, ""review_reason"": [], ""details"": [], ""format_changes"": []}]",2021,12,19,2021-12-19,,,,2021,12,19,2021-12-19,2021,12,19,2021-12-19,,,,,,ready_for_review,false,,,,false
2543,C:\Users\jsw58\Desktop\itda-ocr\data\002543.jpg,"[""C:\\Users\\jsw58\\Desktop\\itda-ocr\\data\\002543.jpg""]",incoming_432,incoming_432:361,1,[],[],[],[],[],[],[],[],[],[],[],[],"[{""source_record_id"": ""incoming_432:361"", ""source"": ""incoming_432"", ""source_path"": ""C:\\Users\\jsw58\\Downloads\\labelling data.csv"", ""source_row"": 361, ""image_id"": ""2543"", ""raw"": {""image_id"": ""2543"", ""year"": ""2021"", ""month"": ""10"", ""day"": ""17"", ""final_date"": ""2021-10-17""}, ""canonical"": {""year"": ""2021"", ""month"": ""10"", ""day"": ""17"", ""final_date"": ""2021-10-17""}, ""review_reason"": [], ""details"": [], ""format_changes"": []}]",2021,10,17,2021-10-17,,,,2021,10,17,2021-10-17,2021,10,17,2021-10-17,,,,,,ready_for_review,false,,,,false
2552,C:\Users\jsw58\Desktop\itda-ocr\data\002552.jpg,"[""C:\\Users\\jsw58\\Desktop\\itda-ocr\\data\\002552.jpg""]",incoming_432,incoming_432:362,1,[],[],[],[],[],[],[],[],[],[],[],[],"[{""source_record_id"": ""incoming_432:362"", ""source"": ""incoming_432"", ""source_path"": ""C:\\Users\\jsw58\\Downloads\\labelling data.csv"", ""source_row"": 362, ""image_id"": ""2552"", ""raw"": {""image_id"": ""2552"", ""year"": ""2022"", ""month"": ""1"", ""day"": ""22"", ""final_date"": ""2022-01-22""}, ""canonical"": {""year"": ""2022"", ""month"": ""01"", ""day"": ""22"", ""final_date"": ""2022-01-22""}, ""review_reason"": [], ""details"": [], ""format_changes"": [""month""]}]",2022,1,22,2022-01-22,,,,2022,01,22,2022-01-22,2022,01,22,2022-01-22,,,,,,ready_for_review,false,,,,false
2570,C:\Users\jsw58\Desktop\itda-ocr\data\002570.jpg,"[""C:\\Users\\jsw58\\Desktop\\itda-ocr\\data\\002570.jpg""]",incoming_432,incoming_432:363,1,[],[],[],[],[],[],[],[],[],[],[],[],"[{""source_record_id"": ""incoming_432:363"", ""source"": ""incoming_432"", ""source_path"": ""C:\\Users\\jsw58\\Downloads\\labelling data.csv"", ""source_row"": 363, ""image_id"": ""2570"", ""raw"": {""image_id"": ""2570"", ""year"": ""2021"", ""month"": ""5"", ""day"": ""7"", ""final_date"": ""2021-05-07""}, ""canonical"": {""year"": ""2021"", ""month"": ""05"", ""day"": ""07"", ""final_date"": ""2021-05-07""}, ""review_reason"": [], ""details"": [], ""format_changes"": [""month"", ""day""]}]",2021,5,7,2021-05-07,,,,2021,05,07,2021-05-07,2021,05,07,2021-05-07,,,,,,ready_for_review,false,,,,false
2572,C:\Users\jsw58\Desktop\itda-ocr\data\002572.jpg,"[""C:\\Users\\jsw58\\Desktop\\itda-ocr\\data\\002572.jpg""]",incoming_432,incoming_432:364,1,[],[],[],[],[],[],[],[],[],[],[],[],"[{""source_record_id"": ""incoming_432:364"", ""source"": ""incoming_432"", ""source_path"": ""C:\\Users\\jsw58\\Downloads\\labelling data.csv"", ""source_row"": 364, ""image_id"": ""2572"", ""raw"": {""image_id"": ""2572"", ""year"": ""2021"", ""month"": ""12"", ""day"": ""29"", ""final_date"": ""2021-12-29""}, ""canonical"": {""year"": ""2021"", ""month"": ""12"", ""day"": ""29"", ""final_date"": ""2021-12-29""}, ""review_reason"": [], ""details"": [], ""format_changes"": []}]",2021,12,29,2021-12-29,,,,2021,12,29,2021-12-29,2021,12,29,2021-12-29,,,,,,ready_for_review,false,,,,false
2578,C:\Users\jsw58\Desktop\itda-ocr\data\002578.jpg,"[""C:\\Users\\jsw58\\Desktop\\itda-ocr\\data\\002578.jpg""]",incoming_432,incoming_432:365,1,[],[],[],[],[],[],[],[],[],[],[],[],"[{""source_record_id"": ""incoming_432:365"", ""source"": ""incoming_432"", ""source_path"": ""C:\\Users\\jsw58\\Downloads\\labelling data.csv"", ""source_row"": 365, ""image_id"": ""2578"", ""raw"": {""image_id"": ""2578"", ""year"": ""2024"", ""month"": ""1"", ""day"": ""14"", ""final_date"": ""2024-01-14""}, ""canonical"": {""year"": ""2024"", ""month"": ""01"", ""day"": ""14"", ""final_date"": ""2024-01-14""}, ""review_reason"": [], ""details"": [], ""format_changes"": [""month""]}]",2024,1,14,2024-01-14,,,,2024,01,14,2024-01-14,2024,01,14,2024-01-14,,,,,,ready_for_review,false,,,,false
2581,C:\Users\jsw58\Desktop\itda-ocr\data\002581.jpg,"[""C:\\Users\\jsw58\\Desktop\\itda-ocr\\data\\002581.jpg""]",incoming_432,incoming_432:366,1,[],[],[],[],[],[],[],[],[],[],[],[],"[{""source_record_id"": ""incoming_432:366"", ""source"": ""incoming_432"", ""source_path"": ""C:\\Users\\jsw58\\Downloads\\labelling data.csv"", ""source_row"": 366, ""image_id"": ""2581"", ""raw"": {""image_id"": ""2581"", ""year"": ""2021"", ""month"": ""11"", ""day"": ""17"", ""final_date"": ""2021-11-17""}, ""canonical"": {""year"": ""2021"", ""month"": ""11"", ""day"": ""17"", ""final_date"": ""2021-11-17""}, ""review_reason"": [], ""details"": [], ""format_changes"": []}]",2021,11,17,2021-11-17,,,,2021,11,17,2021-11-17,2021,11,17,2021-11-17,,,,,,ready_for_review,false,,,,false
2584,C:\Users\jsw58\Desktop\itda-ocr\data\002584.jpg,"[""C:\\Users\\jsw58\\Desktop\\itda-ocr\\data\\002584.jpg""]",incoming_432,incoming_432:367,1,[],[],[],[],[],[],[],[],[],[],[],[],"[{""source_record_id"": ""incoming_432:367"", ""source"": ""incoming_432"", ""source_path"": ""C:\\Users\\jsw58\\Downloads\\labelling data.csv"", ""source_row"": 367, ""image_id"": ""2584"", ""raw"": {""image_id"": ""2584"", ""year"": ""2023"", ""month"": ""11"", ""day"": ""4"", ""final_date"": ""2023-11-04""}, ""canonical"": {""year"": ""2023"", ""month"": ""11"", ""day"": ""04"", ""final_date"": ""2023-11-04""}, ""review_reason"": [], ""details"": [], ""format_changes"": [""day""]}]",2023,11,4,2023-11-04,,,,2023,11,04,2023-11-04,2023,11,04,2023-11-04,,,,,,ready_for_review,false,,,,false
2586,C:\Users\jsw58\Desktop\itda-ocr\data\002586.jpg,"[""C:\\Users\\jsw58\\Desktop\\itda-ocr\\data\\002586.jpg""]",existing_300;incoming_432,existing_300:267;incoming_432:368,2,"[{""source_record_id"": ""existing_300:267"", ""source"": ""existing_300"", ""source_path"": ""C:\\Users\\jsw58\\Desktop\\itda-ocr\\labels\\labels_300.csv"", ""source_row"": 267, ""image_id"": ""2586"", ""raw"": {""file_name"": ""002586.jpg"", ""image_id"": ""2586"", ""year"": ""2022"", ""month"": ""12"", ""day"": ""NONE"", ""final_date"": ""2022-12-NONE"", ""notes"": ""일 없음. 12/22 이런 식으로 적힘"", ""Unnamed: 7"": """"}, ""canonical"": {""year"": ""2022"", ""month"": ""12"", ""day"": ""NONE"", ""final_date"": ""2022-12-NONE""}, ""review_reason"": [""partial_none""], ""details"": [], ""format_changes"": []}]",2022,12,NONE,2022-12-NONE,002586.jpg,일 없음. 12/22 이런 식으로 적힘,,2022,12,NONE,2022-12-NONE,"[{""source_record_id"": ""incoming_432:368"", ""source"": ""incoming_432"", ""source_path"": ""C:\\Users\\jsw58\\Downloads\\labelling data.csv"", ""source_row"": 368, ""image_id"": ""2586"", ""raw"": {""image_id"": ""2586"", ""year"": ""2022"", ""month"": ""12"", ""day"": ""NONE"", ""final_date"": ""2022-12-NONE""}, ""canonical"": {""year"": ""2022"", ""month"": ""12"", ""day"": ""NONE"", ""final_date"": ""2022-12-NONE""}, ""review_reason"": [""partial_none""], ""details"": [], ""format_changes"": []}]",2022,12,NONE,2022-12-NONE,,,,2022,12,NONE,2022-12-NONE,2022,12,NONE,2022-12-NONE,,,,,partial_none,pending,false,,,,false
2588,C:\Users\jsw58\Desktop\itda-ocr\data\002588.jpg,"[""C:\\Users\\jsw58\\Desktop\\itda-ocr\\data\\002588.jpg""]",incoming_432,incoming_432:369,1,[],[],[],[],[],[],[],[],[],[],[],[],"[{""source_record_id"": ""incoming_432:369"", ""source"": ""incoming_432"", ""source_path"": ""C:\\Users\\jsw58\\Downloads\\labelling data.csv"", ""source_row"": 369, ""image_id"": ""2588"", ""raw"": {""image_id"": ""2588"", ""year"": ""2023"", ""month"": ""10"", ""day"": ""15"", ""final_date"": ""2023-10-15""}, ""canonical"": {""year"": ""2023"", ""month"": ""10"", ""day"": ""15"", ""final_date"": ""2023-10-15""}, ""review_reason"": [], ""details"": [], ""format_changes"": []}]",2023,10,15,2023-10-15,,,,2023,10,15,2023-10-15,2023,10,15,2023-10-15,,,,,,ready_for_review,false,,,,false
2589,C:\Users\jsw58\Desktop\itda-ocr\data\002589.jpg,"[""C:\\Users\\jsw58\\Desktop\\itda-ocr\\data\\002589.jpg""]",incoming_432,incoming_432:370,1,[],[],[],[],[],[],[],[],[],[],[],[],"[{""source_record_id"": ""incoming_432:370"", ""source"": ""incoming_432"", ""source_path"": ""C:\\Users\\jsw58\\Downloads\\labelling data.csv"", ""source_row"": 370, ""image_id"": ""2589"", ""raw"": {""image_id"": ""2589"", ""year"": ""2023"", ""month"": ""10"", ""day"": ""15"", ""final_date"": ""2023-10-15""}, ""canonical"": {""year"": ""2023"", ""month"": ""10"", ""day"": ""15"", ""final_date"": ""2023-10-15""}, ""review_reason"": [], ""details"": [], ""format_changes"": []}]",2023,10,15,2023-10-15,,,,2023,10,15,2023-10-15,2023,10,15,2023-10-15,,,,,,ready_for_review,false,,,,false
2597,C:\Users\jsw58\Desktop\itda-ocr\data\002597.jpg,"[""C:\\Users\\jsw58\\Desktop\\itda-ocr\\data\\002597.jpg""]",incoming_432,incoming_432:371,1,[],[],[],[],[],[],[],[],[],[],[],[],"[{""source_record_id"": ""incoming_432:371"", ""source"": ""incoming_432"", ""source_path"": ""C:\\Users\\jsw58\\Downloads\\labelling data.csv"", ""source_row"": 371, ""image_id"": ""2597"", ""raw"": {""image_id"": ""2597"", ""year"": ""2022"", ""month"": ""10"", ""day"": ""22"", ""final_date"": ""2022-10-22""}, ""canonical"": {""year"": ""2022"", ""month"": ""10"", ""day"": ""22"", ""final_date"": ""2022-10-22""}, ""review_reason"": [], ""details"": [], ""format_changes"": []}]",2022,10,22,2022-10-22,,,,2022,10,22,2022-10-22,2022,10,22,2022-10-22,,,,,,ready_for_review,false,,,,false
2604,C:\Users\jsw58\Desktop\itda-ocr\data\002604.jpg,"[""C:\\Users\\jsw58\\Desktop\\itda-ocr\\data\\002604.jpg""]",incoming_432,incoming_432:372,1,[],[],[],[],[],[],[],[],[],[],[],[],"[{""source_record_id"": ""incoming_432:372"", ""source"": ""incoming_432"", ""source_path"": ""C:\\Users\\jsw58\\Downloads\\labelling data.csv"", ""source_row"": 372, ""image_id"": ""2604"", ""raw"": {""image_id"": ""2604"", ""year"": ""2023"", ""month"": ""11"", ""day"": ""17"", ""final_date"": ""2023-11-17""}, ""canonical"": {""year"": ""2023"", ""month"": ""11"", ""day"": ""17"", ""final_date"": ""2023-11-17""}, ""review_reason"": [], ""details"": [], ""format_changes"": []}]",2023,11,17,2023-11-17,,,,2023,11,17,2023-11-17,2023,11,17,2023-11-17,,,,,,ready_for_review,false,,,,false
2609,C:\Users\jsw58\Desktop\itda-ocr\data\002609.jpg,"[""C:\\Users\\jsw58\\Desktop\\itda-ocr\\data\\002609.jpg""]",incoming_432,incoming_432:373,1,[],[],[],[],[],[],[],[],[],[],[],[],"[{""source_record_id"": ""incoming_432:373"", ""source"": ""incoming_432"", ""source_path"": ""C:\\Users\\jsw58\\Downloads\\labelling data.csv"", ""source_row"": 373, ""image_id"": ""2609"", ""raw"": {""image_id"": ""2609"", ""year"": ""2022"", ""month"": ""1"", ""day"": ""17"", ""final_date"": ""2022-01-17""}, ""canonical"": {""year"": ""2022"", ""month"": ""01"", ""day"": ""17"", ""final_date"": ""2022-01-17""}, ""review_reason"": [], ""details"": [], ""format_changes"": [""month""]}]",2022,1,17,2022-01-17,,,,2022,01,17,2022-01-17,2022,01,17,2022-01-17,,,,,,ready_for_review,false,,,,false
2610,C:\Users\jsw58\Desktop\itda-ocr\data\002610.jpg,"[""C:\\Users\\jsw58\\Desktop\\itda-ocr\\data\\002610.jpg""]",incoming_432,incoming_432:374,1,[],[],[],[],[],[],[],[],[],[],[],[],"[{""source_record_id"": ""incoming_432:374"", ""source"": ""incoming_432"", ""source_path"": ""C:\\Users\\jsw58\\Downloads\\labelling data.csv"", ""source_row"": 374, ""image_id"": ""2610"", ""raw"": {""image_id"": ""2610"", ""year"": ""2021"", ""month"": ""7"", ""day"": ""11"", ""final_date"": ""2021-07-11""}, ""canonical"": {""year"": ""2021"", ""month"": ""07"", ""day"": ""11"", ""final_date"": ""2021-07-11""}, ""review_reason"": [], ""details"": [], ""format_changes"": [""month""]}]",2021,7,11,2021-07-11,,,,2021,07,11,2021-07-11,2021,07,11,2021-07-11,,,,,,ready_for_review,false,,,,false
2611,C:\Users\jsw58\Desktop\itda-ocr\data\002611.jpg,"[""C:\\Users\\jsw58\\Desktop\\itda-ocr\\data\\002611.jpg""]",existing_300,existing_300:268,1,"[{""source_record_id"": ""existing_300:268"", ""source"": ""existing_300"", ""source_path"": ""C:\\Users\\jsw58\\Desktop\\itda-ocr\\labels\\labels_300.csv"", ""source_row"": 268, ""image_id"": ""2611"", ""raw"": {""file_name"": ""002611.jpg"", ""image_id"": ""2611"", ""year"": ""2021"", ""month"": ""12"", ""day"": ""01"", ""final_date"": ""2021-12-01"", ""notes"": """", ""Unnamed: 7"": """"}, ""canonical"": {""year"": ""2021"", ""month"": ""12"", ""day"": ""01"", ""final_date"": ""2021-12-01""}, ""review_reason"": [], ""details"": [], ""format_changes"": []}]",2021,12,01,2021-12-01,002611.jpg,,,2021,12,01,2021-12-01,[],[],[],[],[],[],[],[],[],[],[],[],2021,12,01,2021-12-01,,,,,,ready_for_review,false,,,,false
2613,C:\Users\jsw58\Desktop\itda-ocr\data\002613.jpg,"[""C:\\Users\\jsw58\\Desktop\\itda-ocr\\data\\002613.jpg""]",incoming_432,incoming_432:375,1,[],[],[],[],[],[],[],[],[],[],[],[],"[{""source_record_id"": ""incoming_432:375"", ""source"": ""incoming_432"", ""source_path"": ""C:\\Users\\jsw58\\Downloads\\labelling data.csv"", ""source_row"": 375, ""image_id"": ""2613"", ""raw"": {""image_id"": ""2613"", ""year"": ""2023"", ""month"": ""4"", ""day"": ""NONE"", ""final_date"": ""2023-04-NONE""}, ""canonical"": {""year"": ""2023"", ""month"": ""04"", ""day"": ""NONE"", ""final_date"": ""2023-04-NONE""}, ""review_reason"": [""partial_none""], ""details"": [], ""format_changes"": [""month""]}]",2023,4,NONE,2023-04-NONE,,,,2023,04,NONE,2023-04-NONE,2023,04,NONE,2023-04-NONE,,,,,partial_none,pending,false,,,,false
2615,C:\Users\jsw58\Desktop\itda-ocr\data\002615.jpg,"[""C:\\Users\\jsw58\\Desktop\\itda-ocr\\data\\002615.jpg""]",existing_300,existing_300:111,1,"[{""source_record_id"": ""existing_300:111"", ""source"": ""existing_300"", ""source_path"": ""C:\\Users\\jsw58\\Desktop\\itda-ocr\\labels\\labels_300.csv"", ""source_row"": 111, ""image_id"": ""2615"", ""raw"": {""file_name"": ""002615.jpg"", ""image_id"": ""2615"", ""year"": ""2022"", ""month"": ""12"", ""day"": ""21"", ""final_date"": ""2022-12-21"", ""notes"": """", ""Unnamed: 7"": """"}, ""canonical"": {""year"": ""2022"", ""month"": ""12"", ""day"": ""21"", ""final_date"": ""2022-12-21""}, ""review_reason"": [], ""details"": [], ""format_changes"": []}]",2022,12,21,2022-12-21,002615.jpg,,,2022,12,21,2022-12-21,[],[],[],[],[],[],[],[],[],[],[],[],2022,12,21,2022-12-21,,,,,,ready_for_review,false,,,,false
2620,C:\Users\jsw58\Desktop\itda-ocr\data\002620.jpg,"[""C:\\Users\\jsw58\\Desktop\\itda-ocr\\data\\002620.jpg""]",existing_300,existing_300:112,1,"[{""source_record_id"": ""existing_300:112"", ""source"": ""existing_300"", ""source_path"": ""C:\\Users\\jsw58\\Desktop\\itda-ocr\\labels\\labels_300.csv"", ""source_row"": 112, ""image_id"": ""2620"", ""raw"": {""file_name"": ""002620.jpg"", ""image_id"": ""2620"", ""year"": ""2022"", ""month"": ""03"", ""day"": ""31"", ""final_date"": ""2022-03-31"", ""notes"": ""DD-MM-YYYY, 그림자있음"", ""Unnamed: 7"": """"}, ""canonical"": {""year"": ""2022"", ""month"": ""03"", ""day"": ""31"", ""final_date"": ""2022-03-31""}, ""review_reason"": [], ""details"": [], ""format_changes"": []}]",2022,03,31,2022-03-31,002620.jpg,"DD-MM-YYYY, 그림자있음",,2022,03,31,2022-03-31,[],[],[],[],[],[],[],[],[],[],[],[],2022,03,31,2022-03-31,,,,,,ready_for_review,false,,,,false
2622,C:\Users\jsw58\Desktop\itda-ocr\data\002622.jpg,"[""C:\\Users\\jsw58\\Desktop\\itda-ocr\\data\\002622.jpg""]",existing_300,existing_300:113,1,"[{""source_record_id"": ""existing_300:113"", ""source"": ""existing_300"", ""source_path"": ""C:\\Users\\jsw58\\Desktop\\itda-ocr\\labels\\labels_300.csv"", ""source_row"": 113, ""image_id"": ""2622"", ""raw"": {""file_name"": ""002622.jpg"", ""image_id"": ""2622"", ""year"": ""2023"", ""month"": ""12"", ""day"": ""21"", ""final_date"": ""2023-12-21"", ""notes"": """", ""Unnamed: 7"": """"}, ""canonical"": {""year"": ""2023"", ""month"": ""12"", ""day"": ""21"", ""final_date"": ""2023-12-21""}, ""review_reason"": [], ""details"": [], ""format_changes"": []}]",2023,12,21,2023-12-21,002622.jpg,,,2023,12,21,2023-12-21,[],[],[],[],[],[],[],[],[],[],[],[],2023,12,21,2023-12-21,,,,,,ready_for_review,false,,,,false
2626,C:\Users\jsw58\Desktop\itda-ocr\data\002626.jpg,"[""C:\\Users\\jsw58\\Desktop\\itda-ocr\\data\\002626.jpg""]",incoming_432,incoming_432:376,1,[],[],[],[],[],[],[],[],[],[],[],[],"[{""source_record_id"": ""incoming_432:376"", ""source"": ""incoming_432"", ""source_path"": ""C:\\Users\\jsw58\\Downloads\\labelling data.csv"", ""source_row"": 376, ""image_id"": ""2626"", ""raw"": {""image_id"": ""2626"", ""year"": ""2021"", ""month"": ""6"", ""day"": ""22"", ""final_date"": ""2021-06-22""}, ""canonical"": {""year"": ""2021"", ""month"": ""06"", ""day"": ""22"", ""final_date"": ""2021-06-22""}, ""review_reason"": [], ""details"": [], ""format_changes"": [""month""]}]",2021,6,22,2021-06-22,,,,2021,06,22,2021-06-22,2021,06,22,2021-06-22,,,,,,ready_for_review,false,,,,false
2628,C:\Users\jsw58\Desktop\itda-ocr\data\002628.jpg,"[""C:\\Users\\jsw58\\Desktop\\itda-ocr\\data\\002628.jpg""]",existing_300,existing_300:114,1,"[{""source_record_id"": ""existing_300:114"", ""source"": ""existing_300"", ""source_path"": ""C:\\Users\\jsw58\\Desktop\\itda-ocr\\labels\\labels_300.csv"", ""source_row"": 114, ""image_id"": ""2628"", ""raw"": {""file_name"": ""002628.jpg"", ""image_id"": ""2628"", ""year"": ""2021"", ""month"": ""12"", ""day"": ""08"", ""final_date"": ""2021-12-08"", ""notes"": """", ""Unnamed: 7"": """"}, ""canonical"": {""year"": ""2021"", ""month"": ""12"", ""day"": ""08"", ""final_date"": ""2021-12-08""}, ""review_reason"": [], ""details"": [], ""format_changes"": []}]",2021,12,08,2021-12-08,002628.jpg,,,2021,12,08,2021-12-08,[],[],[],[],[],[],[],[],[],[],[],[],2021,12,08,2021-12-08,,,,,,ready_for_review,false,,,,false
2634,C:\Users\jsw58\Desktop\itda-ocr\data\002634.jpg,"[""C:\\Users\\jsw58\\Desktop\\itda-ocr\\data\\002634.jpg""]",existing_300,existing_300:269,1,"[{""source_record_id"": ""existing_300:269"", ""source"": ""existing_300"", ""source_path"": ""C:\\Users\\jsw58\\Desktop\\itda-ocr\\labels\\labels_300.csv"", ""source_row"": 269, ""image_id"": ""2634"", ""raw"": {""file_name"": ""002634.jpg"", ""image_id"": ""2634"", ""year"": ""2022"", ""month"": ""02"", ""day"": ""03"", ""final_date"": ""2022-02-03"", ""notes"": ""Best Before로 표기"", ""Unnamed: 7"": """"}, ""canonical"": {""year"": ""2022"", ""month"": ""02"", ""day"": ""03"", ""final_date"": ""2022-02-03""}, ""review_reason"": [], ""details"": [], ""format_changes"": []}]",2022,02,03,2022-02-03,002634.jpg,Best Before로 표기,,2022,02,03,2022-02-03,[],[],[],[],[],[],[],[],[],[],[],[],2022,02,03,2022-02-03,,,,,,ready_for_review,false,,,,false
2639,C:\Users\jsw58\Desktop\itda-ocr\data\002639.jpg,"[""C:\\Users\\jsw58\\Desktop\\itda-ocr\\data\\002639.jpg""]",incoming_432,incoming_432:377,1,[],[],[],[],[],[],[],[],[],[],[],[],"[{""source_record_id"": ""incoming_432:377"", ""source"": ""incoming_432"", ""source_path"": ""C:\\Users\\jsw58\\Downloads\\labelling data.csv"", ""source_row"": 377, ""image_id"": ""2639"", ""raw"": {""image_id"": ""2639"", ""year"": ""2021"", ""month"": ""12"", ""day"": ""4"", ""final_date"": ""2021-12-04""}, ""canonical"": {""year"": ""2021"", ""month"": ""12"", ""day"": ""04"", ""final_date"": ""2021-12-04""}, ""review_reason"": [], ""details"": [], ""format_changes"": [""day""]}]",2021,12,4,2021-12-04,,,,2021,12,04,2021-12-04,2021,12,04,2021-12-04,,,,,,ready_for_review,false,,,,false
2640,C:\Users\jsw58\Desktop\itda-ocr\data\002640.jpg,"[""C:\\Users\\jsw58\\Desktop\\itda-ocr\\data\\002640.jpg""]",incoming_432,incoming_432:378,1,[],[],[],[],[],[],[],[],[],[],[],[],"[{""source_record_id"": ""incoming_432:378"", ""source"": ""incoming_432"", ""source_path"": ""C:\\Users\\jsw58\\Downloads\\labelling data.csv"", ""source_row"": 378, ""image_id"": ""2640"", ""raw"": {""image_id"": ""2640"", ""year"": ""2021"", ""month"": ""12"", ""day"": ""4"", ""final_date"": ""2021-12-04""}, ""canonical"": {""year"": ""2021"", ""month"": ""12"", ""day"": ""04"", ""final_date"": ""2021-12-04""}, ""review_reason"": [], ""details"": [], ""format_changes"": [""day""]}]",2021,12,4,2021-12-04,,,,2021,12,04,2021-12-04,2021,12,04,2021-12-04,,,,,,ready_for_review,false,,,,false
2642,C:\Users\jsw58\Desktop\itda-ocr\data\002642.jpg,"[""C:\\Users\\jsw58\\Desktop\\itda-ocr\\data\\002642.jpg""]",existing_300,existing_300:115,1,"[{""source_record_id"": ""existing_300:115"", ""source"": ""existing_300"", ""source_path"": ""C:\\Users\\jsw58\\Desktop\\itda-ocr\\labels\\labels_300.csv"", ""source_row"": 115, ""image_id"": ""2642"", ""raw"": {""file_name"": ""002642.jpg"", ""image_id"": ""2642"", ""year"": ""2021"", ""month"": ""10"", ""day"": ""31"", ""final_date"": ""2021-10-31"", ""notes"": ""DD MM YYYY"", ""Unnamed: 7"": """"}, ""canonical"": {""year"": ""2021"", ""month"": ""10"", ""day"": ""31"", ""final_date"": ""2021-10-31""}, ""review_reason"": [], ""details"": [], ""format_changes"": []}]",2021,10,31,2021-10-31,002642.jpg,DD MM YYYY,,2021,10,31,2021-10-31,[],[],[],[],[],[],[],[],[],[],[],[],2021,10,31,2021-10-31,,,,,,ready_for_review,false,,,,false
2649,C:\Users\jsw58\Desktop\itda-ocr\data\002649.jpg,"[""C:\\Users\\jsw58\\Desktop\\itda-ocr\\data\\002649.jpg""]",incoming_432,incoming_432:379,1,[],[],[],[],[],[],[],[],[],[],[],[],"[{""source_record_id"": ""incoming_432:379"", ""source"": ""incoming_432"", ""source_path"": ""C:\\Users\\jsw58\\Downloads\\labelling data.csv"", ""source_row"": 379, ""image_id"": ""2649"", ""raw"": {""image_id"": ""2649"", ""year"": ""2021"", ""month"": ""7"", ""day"": ""1"", ""final_date"": ""2021-07-01""}, ""canonical"": {""year"": ""2021"", ""month"": ""07"", ""day"": ""01"", ""final_date"": ""2021-07-01""}, ""review_reason"": [], ""details"": [], ""format_changes"": [""month"", ""day""]}]",2021,7,1,2021-07-01,,,,2021,07,01,2021-07-01,2021,07,01,2021-07-01,,,,,,ready_for_review,false,,,,false
2651,C:\Users\jsw58\Desktop\itda-ocr\data\002651.jpg,"[""C:\\Users\\jsw58\\Desktop\\itda-ocr\\data\\002651.jpg""]",existing_300,existing_300:270,1,"[{""source_record_id"": ""existing_300:270"", ""source"": ""existing_300"", ""source_path"": ""C:\\Users\\jsw58\\Desktop\\itda-ocr\\labels\\labels_300.csv"", ""source_row"": 270, ""image_id"": ""2651"", ""raw"": {""file_name"": ""002651.jpg"", ""image_id"": ""2651"", ""year"": ""2021"", ""month"": ""08"", ""day"": ""18"", ""final_date"": ""2021-08-18"", ""notes"": """", ""Unnamed: 7"": """"}, ""canonical"": {""year"": ""2021"", ""month"": ""08"", ""day"": ""18"", ""final_date"": ""2021-08-18""}, ""review_reason"": [], ""details"": [], ""format_changes"": []}]",2021,08,18,2021-08-18,002651.jpg,,,2021,08,18,2021-08-18,[],[],[],[],[],[],[],[],[],[],[],[],2021,08,18,2021-08-18,,,,,,ready_for_review,false,,,,false
2657,C:\Users\jsw58\Desktop\itda-ocr\data\002657.jpg,"[""C:\\Users\\jsw58\\Desktop\\itda-ocr\\data\\002657.jpg""]",incoming_432,incoming_432:380,1,[],[],[],[],[],[],[],[],[],[],[],[],"[{""source_record_id"": ""incoming_432:380"", ""source"": ""incoming_432"", ""source_path"": ""C:\\Users\\jsw58\\Downloads\\labelling data.csv"", ""source_row"": 380, ""image_id"": ""2657"", ""raw"": {""image_id"": ""2657"", ""year"": ""2001"", ""month"": ""7"", ""day"": ""1"", ""final_date"": ""2001-07-01""}, ""canonical"": {""year"": ""2001"", ""month"": ""07"", ""day"": ""01"", ""final_date"": ""2001-07-01""}, ""review_reason"": [""unusual_year""], ""details"": [], ""format_changes"": [""month"", ""day""]}]",2001,7,1,2001-07-01,,,,2001,07,01,2001-07-01,2001,07,01,2001-07-01,,,,,unusual_year,pending,false,,,,false
2659,C:\Users\jsw58\Desktop\itda-ocr\data\002659.jpg,"[""C:\\Users\\jsw58\\Desktop\\itda-ocr\\data\\002659.jpg""]",existing_300,existing_300:116,1,"[{""source_record_id"": ""existing_300:116"", ""source"": ""existing_300"", ""source_path"": ""C:\\Users\\jsw58\\Desktop\\itda-ocr\\labels\\labels_300.csv"", ""source_row"": 116, ""image_id"": ""2659"", ""raw"": {""file_name"": ""002659.jpg"", ""image_id"": ""2659"", ""year"": ""2022"", ""month"": ""06"", ""day"": ""11"", ""final_date"": ""2022-06-11"", ""notes"": """", ""Unnamed: 7"": """"}, ""canonical"": {""year"": ""2022"", ""month"": ""06"", ""day"": ""11"", ""final_date"": ""2022-06-11""}, ""review_reason"": [], ""details"": [], ""format_changes"": []}]",2022,06,11,2022-06-11,002659.jpg,,,2022,06,11,2022-06-11,[],[],[],[],[],[],[],[],[],[],[],[],2022,06,11,2022-06-11,,,,,,ready_for_review,false,,,,false
2664,C:\Users\jsw58\Desktop\itda-ocr\data\002664.jpg,"[""C:\\Users\\jsw58\\Desktop\\itda-ocr\\data\\002664.jpg""]",incoming_432,incoming_432:381,1,[],[],[],[],[],[],[],[],[],[],[],[],"[{""source_record_id"": ""incoming_432:381"", ""source"": ""incoming_432"", ""source_path"": ""C:\\Users\\jsw58\\Downloads\\labelling data.csv"", ""source_row"": 381, ""image_id"": ""2664"", ""raw"": {""image_id"": ""2664"", ""year"": ""2021"", ""month"": ""8"", ""day"": ""18"", ""final_date"": ""2021-08-18""}, ""canonical"": {""year"": ""2021"", ""month"": ""08"", ""day"": ""18"", ""final_date"": ""2021-08-18""}, ""review_reason"": [], ""details"": [], ""format_changes"": [""month""]}]",2021,8,18,2021-08-18,,,,2021,08,18,2021-08-18,2021,08,18,2021-08-18,,,,,,ready_for_review,false,,,,false
2665,C:\Users\jsw58\Desktop\itda-ocr\data\002665.jpg,"[""C:\\Users\\jsw58\\Desktop\\itda-ocr\\data\\002665.jpg""]",incoming_432,incoming_432:382,1,[],[],[],[],[],[],[],[],[],[],[],[],"[{""source_record_id"": ""incoming_432:382"", ""source"": ""incoming_432"", ""source_path"": ""C:\\Users\\jsw58\\Downloads\\labelling data.csv"", ""source_row"": 382, ""image_id"": ""2665"", ""raw"": {""image_id"": ""2665"", ""year"": ""2021"", ""month"": ""3"", ""day"": ""26"", ""final_date"": ""2021-03-26""}, ""canonical"": {""year"": ""2021"", ""month"": ""03"", ""day"": ""26"", ""final_date"": ""2021-03-26""}, ""review_reason"": [], ""details"": [], ""format_changes"": [""month""]}]",2021,3,26,2021-03-26,,,,2021,03,26,2021-03-26,2021,03,26,2021-03-26,,,,,,ready_for_review,false,,,,false
2674,C:\Users\jsw58\Desktop\itda-ocr\data\002674.jpg,"[""C:\\Users\\jsw58\\Desktop\\itda-ocr\\data\\002674.jpg""]",existing_300,existing_300:117,1,"[{""source_record_id"": ""existing_300:117"", ""source"": ""existing_300"", ""source_path"": ""C:\\Users\\jsw58\\Desktop\\itda-ocr\\labels\\labels_300.csv"", ""source_row"": 117, ""image_id"": ""2674"", ""raw"": {""file_name"": ""002674.jpg"", ""image_id"": ""2674"", ""year"": ""2021"", ""month"": ""04"", ""day"": ""25"", ""final_date"": ""2021-04-25"", ""notes"": ""글자흐림"", ""Unnamed: 7"": """"}, ""canonical"": {""year"": ""2021"", ""month"": ""04"", ""day"": ""25"", ""final_date"": ""2021-04-25""}, ""review_reason"": [], ""details"": [], ""format_changes"": []}]",2021,04,25,2021-04-25,002674.jpg,글자흐림,,2021,04,25,2021-04-25,[],[],[],[],[],[],[],[],[],[],[],[],2021,04,25,2021-04-25,,,,,,ready_for_review,false,,,,false
2678,C:\Users\jsw58\Desktop\itda-ocr\data\002678.jpg,"[""C:\\Users\\jsw58\\Desktop\\itda-ocr\\data\\002678.jpg""]",incoming_432,incoming_432:383,1,[],[],[],[],[],[],[],[],[],[],[],[],"[{""source_record_id"": ""incoming_432:383"", ""source"": ""incoming_432"", ""source_path"": ""C:\\Users\\jsw58\\Downloads\\labelling data.csv"", ""source_row"": 383, ""image_id"": ""2678"", ""raw"": {""image_id"": ""2678"", ""year"": ""2021"", ""month"": ""8"", ""day"": ""4"", ""final_date"": ""2021-08-04""}, ""canonical"": {""year"": ""2021"", ""month"": ""08"", ""day"": ""04"", ""final_date"": ""2021-08-04""}, ""review_reason"": [], ""details"": [], ""format_changes"": [""month"", ""day""]}]",2021,8,4,2021-08-04,,,,2021,08,04,2021-08-04,2021,08,04,2021-08-04,,,,,,ready_for_review,false,,,,false
2683,C:\Users\jsw58\Desktop\itda-ocr\data\002683.jpg,"[""C:\\Users\\jsw58\\Desktop\\itda-ocr\\data\\002683.jpg""]",incoming_432,incoming_432:384,1,[],[],[],[],[],[],[],[],[],[],[],[],"[{""source_record_id"": ""incoming_432:384"", ""source"": ""incoming_432"", ""source_path"": ""C:\\Users\\jsw58\\Downloads\\labelling data.csv"", ""source_row"": 384, ""image_id"": ""2683"", ""raw"": {""image_id"": ""2683"", ""year"": ""2021"", ""month"": ""12"", ""day"": ""3"", ""final_date"": ""2021-12-03""}, ""canonical"": {""year"": ""2021"", ""month"": ""12"", ""day"": ""03"", ""final_date"": ""2021-12-03""}, ""review_reason"": [], ""details"": [], ""format_changes"": [""day""]}]",2021,12,3,2021-12-03,,,,2021,12,03,2021-12-03,2021,12,03,2021-12-03,,,,,,ready_for_review,false,,,,false
2691,C:\Users\jsw58\Desktop\itda-ocr\data\002691.jpg,"[""C:\\Users\\jsw58\\Desktop\\itda-ocr\\data\\002691.jpg""]",existing_300,existing_300:118,1,"[{""source_record_id"": ""existing_300:118"", ""source"": ""existing_300"", ""source_path"": ""C:\\Users\\jsw58\\Desktop\\itda-ocr\\labels\\labels_300.csv"", ""source_row"": 118, ""image_id"": ""2691"", ""raw"": {""file_name"": ""002691.jpg"", ""image_id"": ""2691"", ""year"": ""2021"", ""month"": ""03"", ""day"": ""10"", ""final_date"": ""2021-03-10"", ""notes"": """", ""Unnamed: 7"": """"}, ""canonical"": {""year"": ""2021"", ""month"": ""03"", ""day"": ""10"", ""final_date"": ""2021-03-10""}, ""review_reason"": [], ""details"": [], ""format_changes"": []}]",2021,03,10,2021-03-10,002691.jpg,,,2021,03,10,2021-03-10,[],[],[],[],[],[],[],[],[],[],[],[],2021,03,10,2021-03-10,,,,,,ready_for_review,false,,,,false
2704,C:\Users\jsw58\Desktop\itda-ocr\data\002704.jpg,"[""C:\\Users\\jsw58\\Desktop\\itda-ocr\\data\\002704.jpg""]",incoming_432,incoming_432:385,1,[],[],[],[],[],[],[],[],[],[],[],[],"[{""source_record_id"": ""incoming_432:385"", ""source"": ""incoming_432"", ""source_path"": ""C:\\Users\\jsw58\\Downloads\\labelling data.csv"", ""source_row"": 385, ""image_id"": ""2704"", ""raw"": {""image_id"": ""2704"", ""year"": ""2022"", ""month"": ""10"", ""day"": ""29"", ""final_date"": ""2022-10-29""}, ""canonical"": {""year"": ""2022"", ""month"": ""10"", ""day"": ""29"", ""final_date"": ""2022-10-29""}, ""review_reason"": [], ""details"": [], ""format_changes"": []}]",2022,10,29,2022-10-29,,,,2022,10,29,2022-10-29,2022,10,29,2022-10-29,,,,,,ready_for_review,false,,,,false
2706,C:\Users\jsw58\Desktop\itda-ocr\data\002706.jpg,"[""C:\\Users\\jsw58\\Desktop\\itda-ocr\\data\\002706.jpg""]",incoming_432,incoming_432:386,1,[],[],[],[],[],[],[],[],[],[],[],[],"[{""source_record_id"": ""incoming_432:386"", ""source"": ""incoming_432"", ""source_path"": ""C:\\Users\\jsw58\\Downloads\\labelling data.csv"", ""source_row"": 386, ""image_id"": ""2706"", ""raw"": {""image_id"": ""2706"", ""year"": ""2021"", ""month"": ""12"", ""day"": ""7"", ""final_date"": ""2021-12-07""}, ""canonical"": {""year"": ""2021"", ""month"": ""12"", ""day"": ""07"", ""final_date"": ""2021-12-07""}, ""review_reason"": [], ""details"": [], ""format_changes"": [""day""]}]",2021,12,7,2021-12-07,,,,2021,12,07,2021-12-07,2021,12,07,2021-12-07,,,,,,ready_for_review,false,,,,false
2714,C:\Users\jsw58\Desktop\itda-ocr\data\002714.jpg,"[""C:\\Users\\jsw58\\Desktop\\itda-ocr\\data\\002714.jpg""]",existing_300,existing_300:119,1,"[{""source_record_id"": ""existing_300:119"", ""source"": ""existing_300"", ""source_path"": ""C:\\Users\\jsw58\\Desktop\\itda-ocr\\labels\\labels_300.csv"", ""source_row"": 119, ""image_id"": ""2714"", ""raw"": {""file_name"": ""002714.jpg"", ""image_id"": ""2714"", ""year"": ""2021"", ""month"": ""10"", ""day"": ""22"", ""final_date"": ""2021-10-22"", ""notes"": ""DD/MM/YYYY, 기울기보정필요, 글자흐림"", ""Unnamed: 7"": """"}, ""canonical"": {""year"": ""2021"", ""month"": ""10"", ""day"": ""22"", ""final_date"": ""2021-10-22""}, ""review_reason"": [], ""details"": [], ""format_changes"": []}]",2021,10,22,2021-10-22,002714.jpg,"DD/MM/YYYY, 기울기보정필요, 글자흐림",,2021,10,22,2021-10-22,[],[],[],[],[],[],[],[],[],[],[],[],2021,10,22,2021-10-22,,,,,,ready_for_review,false,,,,false
2716,C:\Users\jsw58\Desktop\itda-ocr\data\002716.jpg,"[""C:\\Users\\jsw58\\Desktop\\itda-ocr\\data\\002716.jpg""]",incoming_432,incoming_432:387,1,[],[],[],[],[],[],[],[],[],[],[],[],"[{""source_record_id"": ""incoming_432:387"", ""source"": ""incoming_432"", ""source_path"": ""C:\\Users\\jsw58\\Downloads\\labelling data.csv"", ""source_row"": 387, ""image_id"": ""2716"", ""raw"": {""image_id"": ""2716"", ""year"": ""2021"", ""month"": ""12"", ""day"": ""15"", ""final_date"": ""2021-12-15""}, ""canonical"": {""year"": ""2021"", ""month"": ""12"", ""day"": ""15"", ""final_date"": ""2021-12-15""}, ""review_reason"": [], ""details"": [], ""format_changes"": []}]",2021,12,15,2021-12-15,,,,2021,12,15,2021-12-15,2021,12,15,2021-12-15,,,,,,ready_for_review,false,,,,false
2726,C:\Users\jsw58\Desktop\itda-ocr\data\002726.jpg,"[""C:\\Users\\jsw58\\Desktop\\itda-ocr\\data\\002726.jpg""]",existing_300,existing_300:120,1,"[{""source_record_id"": ""existing_300:120"", ""source"": ""existing_300"", ""source_path"": ""C:\\Users\\jsw58\\Desktop\\itda-ocr\\labels\\labels_300.csv"", ""source_row"": 120, ""image_id"": ""2726"", ""raw"": {""file_name"": ""002726.jpg"", ""image_id"": ""2726"", ""year"": ""2022"", ""month"": ""03"", ""day"": ""17"", ""final_date"": ""2022-03-17"", ""notes"": ""DD.MM.YY"", ""Unnamed: 7"": """"}, ""canonical"": {""year"": ""2022"", ""month"": ""03"", ""day"": ""17"", ""final_date"": ""2022-03-17""}, ""review_reason"": [], ""details"": [], ""format_changes"": []}]",2022,03,17,2022-03-17,002726.jpg,DD.MM.YY,,2022,03,17,2022-03-17,[],[],[],[],[],[],[],[],[],[],[],[],2022,03,17,2022-03-17,,,,,,ready_for_review,false,,,,false
2728,C:\Users\jsw58\Desktop\itda-ocr\data\002728.jpg,"[""C:\\Users\\jsw58\\Desktop\\itda-ocr\\data\\002728.jpg""]",existing_300,existing_300:121,1,"[{""source_record_id"": ""existing_300:121"", ""source"": ""existing_300"", ""source_path"": ""C:\\Users\\jsw58\\Desktop\\itda-ocr\\labels\\labels_300.csv"", ""source_row"": 121, ""image_id"": ""2728"", ""raw"": {""file_name"": ""002728.jpg"", ""image_id"": ""2728"", ""year"": ""2021"", ""month"": ""11"", ""day"": ""04"", ""final_date"": ""2021-11-04"", ""notes"": ""04-Nov-21"", ""Unnamed: 7"": """"}, ""canonical"": {""year"": ""2021"", ""month"": ""11"", ""day"": ""04"", ""final_date"": ""2021-11-04""}, ""review_reason"": [], ""details"": [], ""format_changes"": []}]",2021,11,04,2021-11-04,002728.jpg,04-Nov-21,,2021,11,04,2021-11-04,[],[],[],[],[],[],[],[],[],[],[],[],2021,11,04,2021-11-04,,,,,,ready_for_review,false,,,,false
2731,C:\Users\jsw58\Desktop\itda-ocr\data\002731.jpg,"[""C:\\Users\\jsw58\\Desktop\\itda-ocr\\data\\002731.jpg""]",incoming_432,incoming_432:388,1,[],[],[],[],[],[],[],[],[],[],[],[],"[{""source_record_id"": ""incoming_432:388"", ""source"": ""incoming_432"", ""source_path"": ""C:\\Users\\jsw58\\Downloads\\labelling data.csv"", ""source_row"": 388, ""image_id"": ""2731"", ""raw"": {""image_id"": ""2731"", ""year"": ""2021"", ""month"": ""4"", ""day"": ""18"", ""final_date"": ""2021-04-18""}, ""canonical"": {""year"": ""2021"", ""month"": ""04"", ""day"": ""18"", ""final_date"": ""2021-04-18""}, ""review_reason"": [], ""details"": [], ""format_changes"": [""month""]}]",2021,4,18,2021-04-18,,,,2021,04,18,2021-04-18,2021,04,18,2021-04-18,,,,,,ready_for_review,false,,,,false
2734,C:\Users\jsw58\Desktop\itda-ocr\data\002734.jpg,"[""C:\\Users\\jsw58\\Desktop\\itda-ocr\\data\\002734.jpg""]",incoming_432,incoming_432:389,1,[],[],[],[],[],[],[],[],[],[],[],[],"[{""source_record_id"": ""incoming_432:389"", ""source"": ""incoming_432"", ""source_path"": ""C:\\Users\\jsw58\\Downloads\\labelling data.csv"", ""source_row"": 389, ""image_id"": ""2734"", ""raw"": {""image_id"": ""2734"", ""year"": ""2022"", ""month"": ""2"", ""day"": ""4"", ""final_date"": ""2022-02-04""}, ""canonical"": {""year"": ""2022"", ""month"": ""02"", ""day"": ""04"", ""final_date"": ""2022-02-04""}, ""review_reason"": [], ""details"": [], ""format_changes"": [""month"", ""day""]}]",2022,2,4,2022-02-04,,,,2022,02,04,2022-02-04,2022,02,04,2022-02-04,,,,,,ready_for_review,false,,,,false
2738,C:\Users\jsw58\Desktop\itda-ocr\data\002738.jpg,"[""C:\\Users\\jsw58\\Desktop\\itda-ocr\\data\\002738.jpg""]",incoming_432,incoming_432:390,1,[],[],[],[],[],[],[],[],[],[],[],[],"[{""source_record_id"": ""incoming_432:390"", ""source"": ""incoming_432"", ""source_path"": ""C:\\Users\\jsw58\\Downloads\\labelling data.csv"", ""source_row"": 390, ""image_id"": ""2738"", ""raw"": {""image_id"": ""2738"", ""year"": ""2021"", ""month"": ""6"", ""day"": ""5"", ""final_date"": ""2021-06-05""}, ""canonical"": {""year"": ""2021"", ""month"": ""06"", ""day"": ""05"", ""final_date"": ""2021-06-05""}, ""review_reason"": [], ""details"": [], ""format_changes"": [""month"", ""day""]}]",2021,6,5,2021-06-05,,,,2021,06,05,2021-06-05,2021,06,05,2021-06-05,,,,,,ready_for_review,false,,,,false
2740,C:\Users\jsw58\Desktop\itda-ocr\data\002740.jpg,"[""C:\\Users\\jsw58\\Desktop\\itda-ocr\\data\\002740.jpg""]",existing_300,existing_300:271,1,"[{""source_record_id"": ""existing_300:271"", ""source"": ""existing_300"", ""source_path"": ""C:\\Users\\jsw58\\Desktop\\itda-ocr\\labels\\labels_300.csv"", ""source_row"": 271, ""image_id"": ""2740"", ""raw"": {""file_name"": ""002740.jpg"", ""image_id"": ""2740"", ""year"": ""2021"", ""month"": ""12"", ""day"": ""18"", ""final_date"": ""2021-12-18"", ""notes"": ""EXP, 뒤에 A"", ""Unnamed: 7"": """"}, ""canonical"": {""year"": ""2021"", ""month"": ""12"", ""day"": ""18"", ""final_date"": ""2021-12-18""}, ""review_reason"": [], ""details"": [], ""format_changes"": []}]",2021,12,18,2021-12-18,002740.jpg,"EXP, 뒤에 A",,2021,12,18,2021-12-18,[],[],[],[],[],[],[],[],[],[],[],[],2021,12,18,2021-12-18,,,,,,ready_for_review,false,,,,false
2742,C:\Users\jsw58\Desktop\itda-ocr\data\002742.jpg,"[""C:\\Users\\jsw58\\Desktop\\itda-ocr\\data\\002742.jpg""]",incoming_432,incoming_432:391,1,[],[],[],[],[],[],[],[],[],[],[],[],"[{""source_record_id"": ""incoming_432:391"", ""source"": ""incoming_432"", ""source_path"": ""C:\\Users\\jsw58\\Downloads\\labelling data.csv"", ""source_row"": 391, ""image_id"": ""2742"", ""raw"": {""image_id"": ""2742"", ""year"": ""2021"", ""month"": ""8"", ""day"": ""13"", ""final_date"": ""2021-08-13""}, ""canonical"": {""year"": ""2021"", ""month"": ""08"", ""day"": ""13"", ""final_date"": ""2021-08-13""}, ""review_reason"": [], ""details"": [], ""format_changes"": [""month""]}]",2021,8,13,2021-08-13,,,,2021,08,13,2021-08-13,2021,08,13,2021-08-13,,,,,,ready_for_review,false,,,,false
2744,C:\Users\jsw58\Desktop\itda-ocr\data\002744.jpg,"[""C:\\Users\\jsw58\\Desktop\\itda-ocr\\data\\002744.jpg""]",incoming_432,incoming_432:392,1,[],[],[],[],[],[],[],[],[],[],[],[],"[{""source_record_id"": ""incoming_432:392"", ""source"": ""incoming_432"", ""source_path"": ""C:\\Users\\jsw58\\Downloads\\labelling data.csv"", ""source_row"": 392, ""image_id"": ""2744"", ""raw"": {""image_id"": ""2744"", ""year"": ""2021"", ""month"": ""1"", ""day"": ""10"", ""final_date"": ""2021-01-10""}, ""canonical"": {""year"": ""2021"", ""month"": ""01"", ""day"": ""10"", ""final_date"": ""2021-01-10""}, ""review_reason"": [], ""details"": [], ""format_changes"": [""month""]}]",2021,1,10,2021-01-10,,,,2021,01,10,2021-01-10,2021,01,10,2021-01-10,,,,,,ready_for_review,false,,,,false
2745,C:\Users\jsw58\Desktop\itda-ocr\data\002745.jpg,"[""C:\\Users\\jsw58\\Desktop\\itda-ocr\\data\\002745.jpg""]",incoming_432,incoming_432:393,1,[],[],[],[],[],[],[],[],[],[],[],[],"[{""source_record_id"": ""incoming_432:393"", ""source"": ""incoming_432"", ""source_path"": ""C:\\Users\\jsw58\\Downloads\\labelling data.csv"", ""source_row"": 393, ""image_id"": ""2745"", ""raw"": {""image_id"": ""2745"", ""year"": ""2024"", ""month"": ""4"", ""day"": ""6"", ""final_date"": ""2024-04-06""}, ""canonical"": {""year"": ""2024"", ""month"": ""04"", ""day"": ""06"", ""final_date"": ""2024-04-06""}, ""review_reason"": [], ""details"": [], ""format_changes"": [""month"", ""day""]}]",2024,4,6,2024-04-06,,,,2024,04,06,2024-04-06,2024,04,06,2024-04-06,,,,,,ready_for_review,false,,,,false
2746,C:\Users\jsw58\Desktop\itda-ocr\data\002746.jpg,"[""C:\\Users\\jsw58\\Desktop\\itda-ocr\\data\\002746.jpg""]",incoming_432,incoming_432:394,1,[],[],[],[],[],[],[],[],[],[],[],[],"[{""source_record_id"": ""incoming_432:394"", ""source"": ""incoming_432"", ""source_path"": ""C:\\Users\\jsw58\\Downloads\\labelling data.csv"", ""source_row"": 394, ""image_id"": ""2746"", ""raw"": {""image_id"": ""2746"", ""year"": ""2022"", ""month"": ""1"", ""day"": ""8"", ""final_date"": ""2022-01-08""}, ""canonical"": {""year"": ""2022"", ""month"": ""01"", ""day"": ""08"", ""final_date"": ""2022-01-08""}, ""review_reason"": [], ""details"": [], ""format_changes"": [""month"", ""day""]}]",2022,1,8,2022-01-08,,,,2022,01,08,2022-01-08,2022,01,08,2022-01-08,,,,,,ready_for_review,false,,,,false
2747,C:\Users\jsw58\Desktop\itda-ocr\data\002747.jpg,"[""C:\\Users\\jsw58\\Desktop\\itda-ocr\\data\\002747.jpg""]",existing_300,existing_300:272,1,"[{""source_record_id"": ""existing_300:272"", ""source"": ""existing_300"", ""source_path"": ""C:\\Users\\jsw58\\Desktop\\itda-ocr\\labels\\labels_300.csv"", ""source_row"": 272, ""image_id"": ""2747"", ""raw"": {""file_name"": ""002747.jpg"", ""image_id"": ""2747"", ""year"": ""2022"", ""month"": ""01"", ""day"": ""08"", ""final_date"": ""2022-01-08"", ""notes"": ""위아래에 숫자랑 문자 많음, 사용기한"", ""Unnamed: 7"": """"}, ""canonical"": {""year"": ""2022"", ""month"": ""01"", ""day"": ""08"", ""final_date"": ""2022-01-08""}, ""review_reason"": [], ""details"": [], ""format_changes"": []}]",2022,01,08,2022-01-08,002747.jpg,"위아래에 숫자랑 문자 많음, 사용기한",,2022,01,08,2022-01-08,[],[],[],[],[],[],[],[],[],[],[],[],2022,01,08,2022-01-08,,,,,,ready_for_review,false,,,,false
2749,C:\Users\jsw58\Desktop\itda-ocr\data\002749.jpg,"[""C:\\Users\\jsw58\\Desktop\\itda-ocr\\data\\002749.jpg""]",incoming_432,incoming_432:395,1,[],[],[],[],[],[],[],[],[],[],[],[],"[{""source_record_id"": ""incoming_432:395"", ""source"": ""incoming_432"", ""source_path"": ""C:\\Users\\jsw58\\Downloads\\labelling data.csv"", ""source_row"": 395, ""image_id"": ""2749"", ""raw"": {""image_id"": ""2749"", ""year"": ""2020"", ""month"": ""12"", ""day"": ""NONE"", ""final_date"": ""2020-12-NONE""}, ""canonical"": {""year"": ""2020"", ""month"": ""12"", ""day"": ""NONE"", ""final_date"": ""2020-12-NONE""}, ""review_reason"": [""partial_none""], ""details"": [], ""format_changes"": []}]",2020,12,NONE,2020-12-NONE,,,,2020,12,NONE,2020-12-NONE,2020,12,NONE,2020-12-NONE,,,,,partial_none,pending,false,,,,false
2752,C:\Users\jsw58\Desktop\itda-ocr\data\002752.jpg,"[""C:\\Users\\jsw58\\Desktop\\itda-ocr\\data\\002752.jpg""]",existing_300,existing_300:273,1,"[{""source_record_id"": ""existing_300:273"", ""source"": ""existing_300"", ""source_path"": ""C:\\Users\\jsw58\\Desktop\\itda-ocr\\labels\\labels_300.csv"", ""source_row"": 273, ""image_id"": ""2752"", ""raw"": {""file_name"": ""002752.jpg"", ""image_id"": ""2752"", ""year"": ""2022"", ""month"": ""01"", ""day"": ""NONE"", ""final_date"": ""2022-01-NONE"", ""notes"": ""EXP: 01. 2022 -> 거꾸로, 일 없음"", ""Unnamed: 7"": """"}, ""canonical"": {""year"": ""2022"", ""month"": ""01"", ""day"": ""NONE"", ""final_date"": ""2022-01-NONE""}, ""review_reason"": [""partial_none""], ""details"": [], ""format_changes"": []}]",2022,01,NONE,2022-01-NONE,002752.jpg,"EXP: 01. 2022 -> 거꾸로, 일 없음",,2022,01,NONE,2022-01-NONE,[],[],[],[],[],[],[],[],[],[],[],[],2022,01,NONE,2022-01-NONE,,,,,partial_none,pending,false,,,,false
2765,C:\Users\jsw58\Desktop\itda-ocr\data\002765.jpg,"[""C:\\Users\\jsw58\\Desktop\\itda-ocr\\data\\002765.jpg""]",existing_300,existing_300:274,1,"[{""source_record_id"": ""existing_300:274"", ""source"": ""existing_300"", ""source_path"": ""C:\\Users\\jsw58\\Desktop\\itda-ocr\\labels\\labels_300.csv"", ""source_row"": 274, ""image_id"": ""2765"", ""raw"": {""file_name"": ""002765.jpg"", ""image_id"": ""2765"", ""year"": ""2021"", ""month"": ""03"", ""day"": ""16"", ""final_date"": ""2021-03-16"", ""notes"": """", ""Unnamed: 7"": """"}, ""canonical"": {""year"": ""2021"", ""month"": ""03"", ""day"": ""16"", ""final_date"": ""2021-03-16""}, ""review_reason"": [], ""details"": [], ""format_changes"": []}]",2021,03,16,2021-03-16,002765.jpg,,,2021,03,16,2021-03-16,[],[],[],[],[],[],[],[],[],[],[],[],2021,03,16,2021-03-16,,,,,,ready_for_review,false,,,,false
2766,C:\Users\jsw58\Desktop\itda-ocr\data\002766.jpg,"[""C:\\Users\\jsw58\\Desktop\\itda-ocr\\data\\002766.jpg""]",incoming_432,incoming_432:396,1,[],[],[],[],[],[],[],[],[],[],[],[],"[{""source_record_id"": ""incoming_432:396"", ""source"": ""incoming_432"", ""source_path"": ""C:\\Users\\jsw58\\Downloads\\labelling data.csv"", ""source_row"": 396, ""image_id"": ""2766"", ""raw"": {""image_id"": ""2766"", ""year"": ""2021"", ""month"": ""3"", ""day"": ""16"", ""final_date"": ""2021-03-16""}, ""canonical"": {""year"": ""2021"", ""month"": ""03"", ""day"": ""16"", ""final_date"": ""2021-03-16""}, ""review_reason"": [], ""details"": [], ""format_changes"": [""month""]}]",2021,3,16,2021-03-16,,,,2021,03,16,2021-03-16,2021,03,16,2021-03-16,,,,,,ready_for_review,false,,,,false
2767,C:\Users\jsw58\Desktop\itda-ocr\data\002767.jpg,"[""C:\\Users\\jsw58\\Desktop\\itda-ocr\\data\\002767.jpg""]",existing_300,existing_300:122,1,"[{""source_record_id"": ""existing_300:122"", ""source"": ""existing_300"", ""source_path"": ""C:\\Users\\jsw58\\Desktop\\itda-ocr\\labels\\labels_300.csv"", ""source_row"": 122, ""image_id"": ""2767"", ""raw"": {""file_name"": ""002767.jpg"", ""image_id"": ""2767"", ""year"": ""2021"", ""month"": ""12"", ""day"": ""01"", ""final_date"": ""2021-12-01"", ""notes"": ""DD/MM/YYYY"", ""Unnamed: 7"": """"}, ""canonical"": {""year"": ""2021"", ""month"": ""12"", ""day"": ""01"", ""final_date"": ""2021-12-01""}, ""review_reason"": [], ""details"": [], ""format_changes"": []}]",2021,12,01,2021-12-01,002767.jpg,DD/MM/YYYY,,2021,12,01,2021-12-01,[],[],[],[],[],[],[],[],[],[],[],[],2021,12,01,2021-12-01,,,,,,ready_for_review,false,,,,false
2773,C:\Users\jsw58\Desktop\itda-ocr\data\002773.jpg,"[""C:\\Users\\jsw58\\Desktop\\itda-ocr\\data\\002773.jpg""]",incoming_432,incoming_432:397,1,[],[],[],[],[],[],[],[],[],[],[],[],"[{""source_record_id"": ""incoming_432:397"", ""source"": ""incoming_432"", ""source_path"": ""C:\\Users\\jsw58\\Downloads\\labelling data.csv"", ""source_row"": 397, ""image_id"": ""2773"", ""raw"": {""image_id"": ""2773"", ""year"": ""2024"", ""month"": ""5"", ""day"": ""NONE"", ""final_date"": ""2024-05-NONE""}, ""canonical"": {""year"": ""2024"", ""month"": ""05"", ""day"": ""NONE"", ""final_date"": ""2024-05-NONE""}, ""review_reason"": [""partial_none""], ""details"": [], ""format_changes"": [""month""]}]",2024,5,NONE,2024-05-NONE,,,,2024,05,NONE,2024-05-NONE,2024,05,NONE,2024-05-NONE,,,,,partial_none,pending,false,,,,false
2790,C:\Users\jsw58\Desktop\itda-ocr\data\002790.jpg,"[""C:\\Users\\jsw58\\Desktop\\itda-ocr\\data\\002790.jpg""]",existing_300,existing_300:275,1,"[{""source_record_id"": ""existing_300:275"", ""source"": ""existing_300"", ""source_path"": ""C:\\Users\\jsw58\\Desktop\\itda-ocr\\labels\\labels_300.csv"", ""source_row"": 275, ""image_id"": ""2790"", ""raw"": {""file_name"": ""002790.jpg"", ""image_id"": ""2790"", ""year"": ""2021"", ""month"": ""12"", ""day"": ""06"", ""final_date"": ""2021-12-06"", ""notes"": ""Best before, 거꾸로"", ""Unnamed: 7"": """"}, ""canonical"": {""year"": ""2021"", ""month"": ""12"", ""day"": ""06"", ""final_date"": ""2021-12-06""}, ""review_reason"": [], ""details"": [], ""format_changes"": []}]",2021,12,06,2021-12-06,002790.jpg,"Best before, 거꾸로",,2021,12,06,2021-12-06,[],[],[],[],[],[],[],[],[],[],[],[],2021,12,06,2021-12-06,,,,,,ready_for_review,false,,,,false
2802,C:\Users\jsw58\Desktop\itda-ocr\data\002802.jpg,"[""C:\\Users\\jsw58\\Desktop\\itda-ocr\\data\\002802.jpg""]",existing_300,existing_300:123,1,"[{""source_record_id"": ""existing_300:123"", ""source"": ""existing_300"", ""source_path"": ""C:\\Users\\jsw58\\Desktop\\itda-ocr\\labels\\labels_300.csv"", ""source_row"": 123, ""image_id"": ""2802"", ""raw"": {""file_name"": ""002802.jpg"", ""image_id"": ""2802"", ""year"": ""2021"", ""month"": ""09"", ""day"": ""29"", ""final_date"": ""2021-09-29"", ""notes"": """", ""Unnamed: 7"": """"}, ""canonical"": {""year"": ""2021"", ""month"": ""09"", ""day"": ""29"", ""final_date"": ""2021-09-29""}, ""review_reason"": [], ""details"": [], ""format_changes"": []}]",2021,09,29,2021-09-29,002802.jpg,,,2021,09,29,2021-09-29,[],[],[],[],[],[],[],[],[],[],[],[],2021,09,29,2021-09-29,,,,,,ready_for_review,false,,,,false
2814,C:\Users\jsw58\Desktop\itda-ocr\data\002814.jpg,"[""C:\\Users\\jsw58\\Desktop\\itda-ocr\\data\\002814.jpg""]",existing_300,existing_300:124,1,"[{""source_record_id"": ""existing_300:124"", ""source"": ""existing_300"", ""source_path"": ""C:\\Users\\jsw58\\Desktop\\itda-ocr\\labels\\labels_300.csv"", ""source_row"": 124, ""image_id"": ""2814"", ""raw"": {""file_name"": ""002814.jpg"", ""image_id"": ""2814"", ""year"": ""2021"", ""month"": ""04"", ""day"": ""02"", ""final_date"": ""2021-04-02"", ""notes"": ""기울기보정필요"", ""Unnamed: 7"": """"}, ""canonical"": {""year"": ""2021"", ""month"": ""04"", ""day"": ""02"", ""final_date"": ""2021-04-02""}, ""review_reason"": [], ""details"": [], ""format_changes"": []}]",2021,04,02,2021-04-02,002814.jpg,기울기보정필요,,2021,04,02,2021-04-02,[],[],[],[],[],[],[],[],[],[],[],[],2021,04,02,2021-04-02,,,,,,ready_for_review,false,,,,false
2823,C:\Users\jsw58\Desktop\itda-ocr\data\002823.jpg,"[""C:\\Users\\jsw58\\Desktop\\itda-ocr\\data\\002823.jpg""]",existing_300,existing_300:276,1,"[{""source_record_id"": ""existing_300:276"", ""source"": ""existing_300"", ""source_path"": ""C:\\Users\\jsw58\\Desktop\\itda-ocr\\labels\\labels_300.csv"", ""source_row"": 276, ""image_id"": ""2823"", ""raw"": {""file_name"": ""002823.jpg"", ""image_id"": ""2823"", ""year"": ""2021"", ""month"": ""10"", ""day"": ""07"", ""final_date"": ""2021-10-07"", ""notes"": ""유통기한"", ""Unnamed: 7"": """"}, ""canonical"": {""year"": ""2021"", ""month"": ""10"", ""day"": ""07"", ""final_date"": ""2021-10-07""}, ""review_reason"": [], ""details"": [], ""format_changes"": []}]",2021,10,07,2021-10-07,002823.jpg,유통기한,,2021,10,07,2021-10-07,[],[],[],[],[],[],[],[],[],[],[],[],2021,10,07,2021-10-07,,,,,,ready_for_review,false,,,,false
2829,C:\Users\jsw58\Desktop\itda-ocr\data\002829.jpg,"[""C:\\Users\\jsw58\\Desktop\\itda-ocr\\data\\002829.jpg""]",incoming_432,incoming_432:398,1,[],[],[],[],[],[],[],[],[],[],[],[],"[{""source_record_id"": ""incoming_432:398"", ""source"": ""incoming_432"", ""source_path"": ""C:\\Users\\jsw58\\Downloads\\labelling data.csv"", ""source_row"": 398, ""image_id"": ""2829"", ""raw"": {""image_id"": ""2829"", ""year"": ""2022"", ""month"": ""2"", ""day"": ""1"", ""final_date"": ""2022-02-01""}, ""canonical"": {""year"": ""2022"", ""month"": ""02"", ""day"": ""01"", ""final_date"": ""2022-02-01""}, ""review_reason"": [], ""details"": [], ""format_changes"": [""month"", ""day""]}]",2022,2,1,2022-02-01,,,,2022,02,01,2022-02-01,2022,02,01,2022-02-01,,,,,,ready_for_review,false,,,,false
2831,C:\Users\jsw58\Desktop\itda-ocr\data\002831.jpg,"[""C:\\Users\\jsw58\\Desktop\\itda-ocr\\data\\002831.jpg""]",existing_300,existing_300:277,1,"[{""source_record_id"": ""existing_300:277"", ""source"": ""existing_300"", ""source_path"": ""C:\\Users\\jsw58\\Desktop\\itda-ocr\\labels\\labels_300.csv"", ""source_row"": 277, ""image_id"": ""2831"", ""raw"": {""file_name"": ""002831.jpg"", ""image_id"": ""2831"", ""year"": ""2022"", ""month"": ""05"", ""day"": ""21"", ""final_date"": ""2022-05-21"", ""notes"": ""주변에 문자가 많음"", ""Unnamed: 7"": """"}, ""canonical"": {""year"": ""2022"", ""month"": ""05"", ""day"": ""21"", ""final_date"": ""2022-05-21""}, ""review_reason"": [], ""details"": [], ""format_changes"": []}]",2022,05,21,2022-05-21,002831.jpg,주변에 문자가 많음,,2022,05,21,2022-05-21,[],[],[],[],[],[],[],[],[],[],[],[],2022,05,21,2022-05-21,,,,,,ready_for_review,false,,,,false
2835,C:\Users\jsw58\Desktop\itda-ocr\data\002835.jpg,"[""C:\\Users\\jsw58\\Desktop\\itda-ocr\\data\\002835.jpg""]",existing_300,existing_300:125,1,"[{""source_record_id"": ""existing_300:125"", ""source"": ""existing_300"", ""source_path"": ""C:\\Users\\jsw58\\Desktop\\itda-ocr\\labels\\labels_300.csv"", ""source_row"": 125, ""image_id"": ""2835"", ""raw"": {""file_name"": ""002835.jpg"", ""image_id"": ""2835"", ""year"": ""2021"", ""month"": ""06"", ""day"": ""30"", ""final_date"": ""2021-06-30"", ""notes"": """", ""Unnamed: 7"": """"}, ""canonical"": {""year"": ""2021"", ""month"": ""06"", ""day"": ""30"", ""final_date"": ""2021-06-30""}, ""review_reason"": [], ""details"": [], ""format_changes"": []}]",2021,06,30,2021-06-30,002835.jpg,,,2021,06,30,2021-06-30,[],[],[],[],[],[],[],[],[],[],[],[],2021,06,30,2021-06-30,,,,,,ready_for_review,false,,,,false
2846,C:\Users\jsw58\Desktop\itda-ocr\data\002846.jpg,"[""C:\\Users\\jsw58\\Desktop\\itda-ocr\\data\\002846.jpg""]",existing_300,existing_300:126,1,"[{""source_record_id"": ""existing_300:126"", ""source"": ""existing_300"", ""source_path"": ""C:\\Users\\jsw58\\Desktop\\itda-ocr\\labels\\labels_300.csv"", ""source_row"": 126, ""image_id"": ""2846"", ""raw"": {""file_name"": ""002846.jpg"", ""image_id"": ""2846"", ""year"": ""2020"", ""month"": ""03"", ""day"": ""09"", ""final_date"": ""2020-03-09"", ""notes"": ""DD.MM.YYYY"", ""Unnamed: 7"": """"}, ""canonical"": {""year"": ""2020"", ""month"": ""03"", ""day"": ""09"", ""final_date"": ""2020-03-09""}, ""review_reason"": [], ""details"": [], ""format_changes"": []}]",2020,03,09,2020-03-09,002846.jpg,DD.MM.YYYY,,2020,03,09,2020-03-09,[],[],[],[],[],[],[],[],[],[],[],[],2020,03,09,2020-03-09,,,,,,ready_for_review,false,,,,false
2847,C:\Users\jsw58\Desktop\itda-ocr\data\002847.jpg,"[""C:\\Users\\jsw58\\Desktop\\itda-ocr\\data\\002847.jpg""]",existing_300,existing_300:127,1,"[{""source_record_id"": ""existing_300:127"", ""source"": ""existing_300"", ""source_path"": ""C:\\Users\\jsw58\\Desktop\\itda-ocr\\labels\\labels_300.csv"", ""source_row"": 127, ""image_id"": ""2847"", ""raw"": {""file_name"": ""002847.jpg"", ""image_id"": ""2847"", ""year"": ""2021"", ""month"": ""12"", ""day"": ""30"", ""final_date"": ""2021-12-30"", ""notes"": ""MM.DD.YYYY"", ""Unnamed: 7"": """"}, ""canonical"": {""year"": ""2021"", ""month"": ""12"", ""day"": ""30"", ""final_date"": ""2021-12-30""}, ""review_reason"": [], ""details"": [], ""format_changes"": []}]",2021,12,30,2021-12-30,002847.jpg,MM.DD.YYYY,,2021,12,30,2021-12-30,[],[],[],[],[],[],[],[],[],[],[],[],2021,12,30,2021-12-30,,,,,,ready_for_review,false,,,,false
2857,C:\Users\jsw58\Desktop\itda-ocr\data\002857.jpg,"[""C:\\Users\\jsw58\\Desktop\\itda-ocr\\data\\002857.jpg""]",existing_300,existing_300:278,1,"[{""source_record_id"": ""existing_300:278"", ""source"": ""existing_300"", ""source_path"": ""C:\\Users\\jsw58\\Desktop\\itda-ocr\\labels\\labels_300.csv"", ""source_row"": 278, ""image_id"": ""2857"", ""raw"": {""file_name"": ""002857.jpg"", ""image_id"": ""2857"", ""year"": ""2023"", ""month"": ""06"", ""day"": ""02"", ""final_date"": ""2023-06-02"", ""notes"": ""거꾸로, Exp"", ""Unnamed: 7"": """"}, ""canonical"": {""year"": ""2023"", ""month"": ""06"", ""day"": ""02"", ""final_date"": ""2023-06-02""}, ""review_reason"": [], ""details"": [], ""format_changes"": []}]",2023,06,02,2023-06-02,002857.jpg,"거꾸로, Exp",,2023,06,02,2023-06-02,[],[],[],[],[],[],[],[],[],[],[],[],2023,06,02,2023-06-02,,,,,,ready_for_review,false,,,,false
2859,C:\Users\jsw58\Desktop\itda-ocr\data\002859.jpg,"[""C:\\Users\\jsw58\\Desktop\\itda-ocr\\data\\002859.jpg""]",existing_300,existing_300:279,1,"[{""source_record_id"": ""existing_300:279"", ""source"": ""existing_300"", ""source_path"": ""C:\\Users\\jsw58\\Desktop\\itda-ocr\\labels\\labels_300.csv"", ""source_row"": 279, ""image_id"": ""2859"", ""raw"": {""file_name"": ""002859.jpg"", ""image_id"": ""2859"", ""year"": ""2022"", ""month"": ""06"", ""day"": ""15"", ""final_date"": ""2022-06-15"", ""notes"": ""Best Before 약간 굴곡"", ""Unnamed: 7"": """"}, ""canonical"": {""year"": ""2022"", ""month"": ""06"", ""day"": ""15"", ""final_date"": ""2022-06-15""}, ""review_reason"": [], ""details"": [], ""format_changes"": []}]",2022,06,15,2022-06-15,002859.jpg,Best Before 약간 굴곡,,2022,06,15,2022-06-15,[],[],[],[],[],[],[],[],[],[],[],[],2022,06,15,2022-06-15,,,,,,ready_for_review,false,,,,false
2860,C:\Users\jsw58\Desktop\itda-ocr\data\002860.jpg,"[""C:\\Users\\jsw58\\Desktop\\itda-ocr\\data\\002860.jpg""]",existing_300,existing_300:280,1,"[{""source_record_id"": ""existing_300:280"", ""source"": ""existing_300"", ""source_path"": ""C:\\Users\\jsw58\\Desktop\\itda-ocr\\labels\\labels_300.csv"", ""source_row"": 280, ""image_id"": ""2860"", ""raw"": {""file_name"": ""002860.jpg"", ""image_id"": ""2860"", ""year"": ""2022"", ""month"": ""06"", ""day"": ""15"", ""final_date"": ""2022-06-15"", ""notes"": ""같은 사진인데 가로로 넓어져서 크기가 커짐"", ""Unnamed: 7"": """"}, ""canonical"": {""year"": ""2022"", ""month"": ""06"", ""day"": ""15"", ""final_date"": ""2022-06-15""}, ""review_reason"": [], ""details"": [], ""format_changes"": []}]",2022,06,15,2022-06-15,002860.jpg,같은 사진인데 가로로 넓어져서 크기가 커짐,,2022,06,15,2022-06-15,[],[],[],[],[],[],[],[],[],[],[],[],2022,06,15,2022-06-15,,,,,,ready_for_review,false,,,,false
2870,C:\Users\jsw58\Desktop\itda-ocr\data\002870.jpg,"[""C:\\Users\\jsw58\\Desktop\\itda-ocr\\data\\002870.jpg""]",existing_300,existing_300:281,1,"[{""source_record_id"": ""existing_300:281"", ""source"": ""existing_300"", ""source_path"": ""C:\\Users\\jsw58\\Desktop\\itda-ocr\\labels\\labels_300.csv"", ""source_row"": 281, ""image_id"": ""2870"", ""raw"": {""file_name"": ""002870.jpg"", ""image_id"": ""2870"", ""year"": ""2021"", ""month"": ""02"", ""day"": ""25"", ""final_date"": ""2021-02-25"", ""notes"": ""글씨 살짝 번짐"", ""Unnamed: 7"": """"}, ""canonical"": {""year"": ""2021"", ""month"": ""02"", ""day"": ""25"", ""final_date"": ""2021-02-25""}, ""review_reason"": [], ""details"": [], ""format_changes"": []}]",2021,02,25,2021-02-25,002870.jpg,글씨 살짝 번짐,,2021,02,25,2021-02-25,[],[],[],[],[],[],[],[],[],[],[],[],2021,02,25,2021-02-25,,,,,,ready_for_review,false,,,,false
2877,C:\Users\jsw58\Desktop\itda-ocr\data\002877.jpg,"[""C:\\Users\\jsw58\\Desktop\\itda-ocr\\data\\002877.jpg""]",existing_300,existing_300:282,1,"[{""source_record_id"": ""existing_300:282"", ""source"": ""existing_300"", ""source_path"": ""C:\\Users\\jsw58\\Desktop\\itda-ocr\\labels\\labels_300.csv"", ""source_row"": 282, ""image_id"": ""2877"", ""raw"": {""file_name"": ""002877.jpg"", ""image_id"": ""2877"", ""year"": ""2022"", ""month"": ""12"", ""day"": ""04"", ""final_date"": ""2022-12-04"", ""notes"": ""뒤에 HB"", ""Unnamed: 7"": """"}, ""canonical"": {""year"": ""2022"", ""month"": ""12"", ""day"": ""04"", ""final_date"": ""2022-12-04""}, ""review_reason"": [], ""details"": [], ""format_changes"": []}]",2022,12,04,2022-12-04,002877.jpg,뒤에 HB,,2022,12,04,2022-12-04,[],[],[],[],[],[],[],[],[],[],[],[],2022,12,04,2022-12-04,,,,,,ready_for_review,false,,,,false
2883,C:\Users\jsw58\Desktop\itda-ocr\data\002883.jpg,"[""C:\\Users\\jsw58\\Desktop\\itda-ocr\\data\\002883.jpg""]",incoming_432,incoming_432:399,1,[],[],[],[],[],[],[],[],[],[],[],[],"[{""source_record_id"": ""incoming_432:399"", ""source"": ""incoming_432"", ""source_path"": ""C:\\Users\\jsw58\\Downloads\\labelling data.csv"", ""source_row"": 399, ""image_id"": ""2883"", ""raw"": {""image_id"": ""2883"", ""year"": ""2023"", ""month"": ""12"", ""day"": ""8"", ""final_date"": ""2023-12-08""}, ""canonical"": {""year"": ""2023"", ""month"": ""12"", ""day"": ""08"", ""final_date"": ""2023-12-08""}, ""review_reason"": [], ""details"": [], ""format_changes"": [""day""]}]",2023,12,8,2023-12-08,,,,2023,12,08,2023-12-08,2023,12,08,2023-12-08,,,,,,ready_for_review,false,,,,false
2887,C:\Users\jsw58\Desktop\itda-ocr\data\002887.jpg,"[""C:\\Users\\jsw58\\Desktop\\itda-ocr\\data\\002887.jpg""]",incoming_432,incoming_432:400,1,[],[],[],[],[],[],[],[],[],[],[],[],"[{""source_record_id"": ""incoming_432:400"", ""source"": ""incoming_432"", ""source_path"": ""C:\\Users\\jsw58\\Downloads\\labelling data.csv"", ""source_row"": 400, ""image_id"": ""2887"", ""raw"": {""image_id"": ""2887"", ""year"": ""2022"", ""month"": ""1"", ""day"": ""4"", ""final_date"": ""2022-01-04""}, ""canonical"": {""year"": ""2022"", ""month"": ""01"", ""day"": ""04"", ""final_date"": ""2022-01-04""}, ""review_reason"": [], ""details"": [], ""format_changes"": [""month"", ""day""]}]",2022,1,4,2022-01-04,,,,2022,01,04,2022-01-04,2022,01,04,2022-01-04,,,,,,ready_for_review,false,,,,false
2892,C:\Users\jsw58\Desktop\itda-ocr\data\002892.jpg,"[""C:\\Users\\jsw58\\Desktop\\itda-ocr\\data\\002892.jpg""]",existing_300,existing_300:128,1,"[{""source_record_id"": ""existing_300:128"", ""source"": ""existing_300"", ""source_path"": ""C:\\Users\\jsw58\\Desktop\\itda-ocr\\labels\\labels_300.csv"", ""source_row"": 128, ""image_id"": ""2892"", ""raw"": {""file_name"": ""002892.jpg"", ""image_id"": ""2892"", ""year"": ""2021"", ""month"": ""03"", ""day"": ""31"", ""final_date"": ""2021-03-31"", ""notes"": """", ""Unnamed: 7"": """"}, ""canonical"": {""year"": ""2021"", ""month"": ""03"", ""day"": ""31"", ""final_date"": ""2021-03-31""}, ""review_reason"": [], ""details"": [], ""format_changes"": []}]",2021,03,31,2021-03-31,002892.jpg,,,2021,03,31,2021-03-31,[],[],[],[],[],[],[],[],[],[],[],[],2021,03,31,2021-03-31,,,,,,ready_for_review,false,,,,false
2899,C:\Users\jsw58\Desktop\itda-ocr\data\002899.jpg,"[""C:\\Users\\jsw58\\Desktop\\itda-ocr\\data\\002899.jpg""]",existing_300,existing_300:129,1,"[{""source_record_id"": ""existing_300:129"", ""source"": ""existing_300"", ""source_path"": ""C:\\Users\\jsw58\\Desktop\\itda-ocr\\labels\\labels_300.csv"", ""source_row"": 129, ""image_id"": ""2899"", ""raw"": {""file_name"": ""002899.jpg"", ""image_id"": ""2899"", ""year"": ""2021"", ""month"": ""11"", ""day"": ""09"", ""final_date"": ""2021-11-09"", ""notes"": """", ""Unnamed: 7"": """"}, ""canonical"": {""year"": ""2021"", ""month"": ""11"", ""day"": ""09"", ""final_date"": ""2021-11-09""}, ""review_reason"": [], ""details"": [], ""format_changes"": []}]",2021,11,09,2021-11-09,002899.jpg,,,2021,11,09,2021-11-09,[],[],[],[],[],[],[],[],[],[],[],[],2021,11,09,2021-11-09,,,,,,ready_for_review,false,,,,false
2900,C:\Users\jsw58\Desktop\itda-ocr\data\002900.jpg,"[""C:\\Users\\jsw58\\Desktop\\itda-ocr\\data\\002900.jpg""]",existing_300,existing_300:130,1,"[{""source_record_id"": ""existing_300:130"", ""source"": ""existing_300"", ""source_path"": ""C:\\Users\\jsw58\\Desktop\\itda-ocr\\labels\\labels_300.csv"", ""source_row"": 130, ""image_id"": ""2900"", ""raw"": {""file_name"": ""002900.jpg"", ""image_id"": ""2900"", ""year"": ""2022"", ""month"": ""08"", ""day"": ""03"", ""final_date"": ""2022-08-03"", ""notes"": """", ""Unnamed: 7"": """"}, ""canonical"": {""year"": ""2022"", ""month"": ""08"", ""day"": ""03"", ""final_date"": ""2022-08-03""}, ""review_reason"": [], ""details"": [], ""format_changes"": []}]",2022,08,03,2022-08-03,002900.jpg,,,2022,08,03,2022-08-03,[],[],[],[],[],[],[],[],[],[],[],[],2022,08,03,2022-08-03,,,,,,ready_for_review,false,,,,false
2917,C:\Users\jsw58\Desktop\itda-ocr\data\002917.jpg,"[""C:\\Users\\jsw58\\Desktop\\itda-ocr\\data\\002917.jpg""]",existing_300,existing_300:283,1,"[{""source_record_id"": ""existing_300:283"", ""source"": ""existing_300"", ""source_path"": ""C:\\Users\\jsw58\\Desktop\\itda-ocr\\labels\\labels_300.csv"", ""source_row"": 283, ""image_id"": ""2917"", ""raw"": {""file_name"": ""002917.jpg"", ""image_id"": ""2917"", ""year"": ""2021"", ""month"": ""04"", ""day"": ""30"", ""final_date"": ""2021-04-30"", ""notes"": ""거꾸로"", ""Unnamed: 7"": """"}, ""canonical"": {""year"": ""2021"", ""month"": ""04"", ""day"": ""30"", ""final_date"": ""2021-04-30""}, ""review_reason"": [""ambiguous_date_order""], ""details"": [""Existing date_parser README documents order ambiguity""], ""format_changes"": []}]",2021,04,30,2021-04-30,002917.jpg,거꾸로,,2021,04,30,2021-04-30,[],[],[],[],[],[],[],[],[],[],[],[],2021,04,30,2021-04-30,,,,,ambiguous_date_order,pending,false,,,,false
2927,C:\Users\jsw58\Desktop\itda-ocr\data\002927.jpg,"[""C:\\Users\\jsw58\\Desktop\\itda-ocr\\data\\002927.jpg""]",existing_300,existing_300:284,1,"[{""source_record_id"": ""existing_300:284"", ""source"": ""existing_300"", ""source_path"": ""C:\\Users\\jsw58\\Desktop\\itda-ocr\\labels\\labels_300.csv"", ""source_row"": 284, ""image_id"": ""2927"", ""raw"": {""file_name"": ""002927.jpg"", ""image_id"": ""2927"", ""year"": ""NONE"", ""month"": ""04"", ""day"": ""08"", ""final_date"": ""NONE-04-08"", ""notes"": ""연 없음. 04.08로 적혀있어서 쉽게 식별 어려울 듯"", ""Unnamed: 7"": """"}, ""canonical"": {""year"": ""NONE"", ""month"": ""04"", ""day"": ""08"", ""final_date"": ""NONE-04-08""}, ""review_reason"": [""ambiguous_date_order"", ""partial_none""], ""details"": [""Unknown year; swapping month/day gives another valid date (candidate only)""], ""format_changes"": []}]",NONE,04,08,NONE-04-08,002927.jpg,연 없음. 04.08로 적혀있어서 쉽게 식별 어려울 듯,,NONE,04,08,NONE-04-08,[],[],[],[],[],[],[],[],[],[],[],[],NONE,04,08,NONE-04-08,,,,,ambiguous_date_order;partial_none,pending,false,,,,false
2928,C:\Users\jsw58\Desktop\itda-ocr\data\002928.jpg,"[""C:\\Users\\jsw58\\Desktop\\itda-ocr\\data\\002928.jpg""]",incoming_432,incoming_432:401,1,[],[],[],[],[],[],[],[],[],[],[],[],"[{""source_record_id"": ""incoming_432:401"", ""source"": ""incoming_432"", ""source_path"": ""C:\\Users\\jsw58\\Downloads\\labelling data.csv"", ""source_row"": 401, ""image_id"": ""2928"", ""raw"": {""image_id"": ""2928"", ""year"": ""NONE"", ""month"": ""4"", ""day"": ""8"", ""final_date"": ""NONE-04-08""}, ""canonical"": {""year"": ""NONE"", ""month"": ""04"", ""day"": ""08"", ""final_date"": ""NONE-04-08""}, ""review_reason"": [""ambiguous_date_order"", ""partial_none""], ""details"": [""Unknown year; swapping month/day gives another valid date (candidate only)""], ""format_changes"": [""month"", ""day""]}]",NONE,4,8,NONE-04-08,,,,NONE,04,08,NONE-04-08,NONE,04,08,NONE-04-08,,,,,ambiguous_date_order;partial_none,pending,false,,,,false
2944,C:\Users\jsw58\Desktop\itda-ocr\data\002944.jpg,"[""C:\\Users\\jsw58\\Desktop\\itda-ocr\\data\\002944.jpg""]",existing_300,existing_300:131,1,"[{""source_record_id"": ""existing_300:131"", ""source"": ""existing_300"", ""source_path"": ""C:\\Users\\jsw58\\Desktop\\itda-ocr\\labels\\labels_300.csv"", ""source_row"": 131, ""image_id"": ""2944"", ""raw"": {""file_name"": ""002944.jpg"", ""image_id"": ""2944"", ""year"": ""2020"", ""month"": ""06"", ""day"": ""23"", ""final_date"": ""2020-06-23"", ""notes"": """", ""Unnamed: 7"": """"}, ""canonical"": {""year"": ""2020"", ""month"": ""06"", ""day"": ""23"", ""final_date"": ""2020-06-23""}, ""review_reason"": [], ""details"": [], ""format_changes"": []}]",2020,06,23,2020-06-23,002944.jpg,,,2020,06,23,2020-06-23,[],[],[],[],[],[],[],[],[],[],[],[],2020,06,23,2020-06-23,,,,,,ready_for_review,false,,,,false
2956,C:\Users\jsw58\Desktop\itda-ocr\data\002956.jpg,"[""C:\\Users\\jsw58\\Desktop\\itda-ocr\\data\\002956.jpg""]",incoming_432,incoming_432:402,1,[],[],[],[],[],[],[],[],[],[],[],[],"[{""source_record_id"": ""incoming_432:402"", ""source"": ""incoming_432"", ""source_path"": ""C:\\Users\\jsw58\\Downloads\\labelling data.csv"", ""source_row"": 402, ""image_id"": ""2956"", ""raw"": {""image_id"": ""2956"", ""year"": ""2021"", ""month"": ""1"", ""day"": ""2"", ""final_date"": ""2021-01-02""}, ""canonical"": {""year"": ""2021"", ""month"": ""01"", ""day"": ""02"", ""final_date"": ""2021-01-02""}, ""review_reason"": [], ""details"": [], ""format_changes"": [""month"", ""day""]}]",2021,1,2,2021-01-02,,,,2021,01,02,2021-01-02,2021,01,02,2021-01-02,,,,,,ready_for_review,false,,,,false
2963,C:\Users\jsw58\Desktop\itda-ocr\data\002963.jpg,"[""C:\\Users\\jsw58\\Desktop\\itda-ocr\\data\\002963.jpg""]",existing_300,existing_300:285,1,"[{""source_record_id"": ""existing_300:285"", ""source"": ""existing_300"", ""source_path"": ""C:\\Users\\jsw58\\Desktop\\itda-ocr\\labels\\labels_300.csv"", ""source_row"": 285, ""image_id"": ""2963"", ""raw"": {""file_name"": ""002963.jpg"", ""image_id"": ""2963"", ""year"": ""2020"", ""month"": ""11"", ""day"": ""06"", ""final_date"": ""2020-11-06"", ""notes"": ""뒤 F2"", ""Unnamed: 7"": """"}, ""canonical"": {""year"": ""2020"", ""month"": ""11"", ""day"": ""06"", ""final_date"": ""2020-11-06""}, ""review_reason"": [], ""details"": [], ""format_changes"": []}]",2020,11,06,2020-11-06,002963.jpg,뒤 F2,,2020,11,06,2020-11-06,[],[],[],[],[],[],[],[],[],[],[],[],2020,11,06,2020-11-06,,,,,,ready_for_review,false,,,,false
2981,C:\Users\jsw58\Desktop\itda-ocr\data\002981.jpg,"[""C:\\Users\\jsw58\\Desktop\\itda-ocr\\data\\002981.jpg""]",existing_300,existing_300:132,1,"[{""source_record_id"": ""existing_300:132"", ""source"": ""existing_300"", ""source_path"": ""C:\\Users\\jsw58\\Desktop\\itda-ocr\\labels\\labels_300.csv"", ""source_row"": 132, ""image_id"": ""2981"", ""raw"": {""file_name"": ""002981.jpg"", ""image_id"": ""2981"", ""year"": ""2021"", ""month"": ""12"", ""day"": ""17"", ""final_date"": ""2021-12-17"", ""notes"": """", ""Unnamed: 7"": """"}, ""canonical"": {""year"": ""2021"", ""month"": ""12"", ""day"": ""17"", ""final_date"": ""2021-12-17""}, ""review_reason"": [], ""details"": [], ""format_changes"": []}]",2021,12,17,2021-12-17,002981.jpg,,,2021,12,17,2021-12-17,[],[],[],[],[],[],[],[],[],[],[],[],2021,12,17,2021-12-17,,,,,,ready_for_review,false,,,,false
2990,C:\Users\jsw58\Desktop\itda-ocr\data\002990.jpg,"[""C:\\Users\\jsw58\\Desktop\\itda-ocr\\data\\002990.jpg""]",existing_300,existing_300:286,1,"[{""source_record_id"": ""existing_300:286"", ""source"": ""existing_300"", ""source_path"": ""C:\\Users\\jsw58\\Desktop\\itda-ocr\\labels\\labels_300.csv"", ""source_row"": 286, ""image_id"": ""2990"", ""raw"": {""file_name"": ""002990.jpg"", ""image_id"": ""2990"", ""year"": ""2021"", ""month"": ""03"", ""day"": ""20"", ""final_date"": ""2021-03-20"", ""notes"": ""유통기한, 까지"", ""Unnamed: 7"": """"}, ""canonical"": {""year"": ""2021"", ""month"": ""03"", ""day"": ""20"", ""final_date"": ""2021-03-20""}, ""review_reason"": [], ""details"": [], ""format_changes"": []}]",2021,03,20,2021-03-20,002990.jpg,"유통기한, 까지",,2021,03,20,2021-03-20,[],[],[],[],[],[],[],[],[],[],[],[],2021,03,20,2021-03-20,,,,,,ready_for_review,false,,,,false
2994,C:\Users\jsw58\Desktop\itda-ocr\data\002994.jpg,"[""C:\\Users\\jsw58\\Desktop\\itda-ocr\\data\\002994.jpg""]",existing_300,existing_300:287,1,"[{""source_record_id"": ""existing_300:287"", ""source"": ""existing_300"", ""source_path"": ""C:\\Users\\jsw58\\Desktop\\itda-ocr\\labels\\labels_300.csv"", ""source_row"": 287, ""image_id"": ""2994"", ""raw"": {""file_name"": ""002994.jpg"", ""image_id"": ""2994"", ""year"": ""2022"", ""month"": ""07"", ""day"": ""13"", ""final_date"": ""2022-07-13"", ""notes"": ""뒤 A"", ""Unnamed: 7"": """"}, ""canonical"": {""year"": ""2022"", ""month"": ""07"", ""day"": ""13"", ""final_date"": ""2022-07-13""}, ""review_reason"": [], ""details"": [], ""format_changes"": []}]",2022,07,13,2022-07-13,002994.jpg,뒤 A,,2022,07,13,2022-07-13,[],[],[],[],[],[],[],[],[],[],[],[],2022,07,13,2022-07-13,,,,,,ready_for_review,false,,,,false
2999,C:\Users\jsw58\Desktop\itda-ocr\data\002999.jpg,"[""C:\\Users\\jsw58\\Desktop\\itda-ocr\\data\\002999.jpg""]",incoming_432,incoming_432:403,1,[],[],[],[],[],[],[],[],[],[],[],[],"[{""source_record_id"": ""incoming_432:403"", ""source"": ""incoming_432"", ""source_path"": ""C:\\Users\\jsw58\\Downloads\\labelling data.csv"", ""source_row"": 403, ""image_id"": ""2999"", ""raw"": {""image_id"": ""2999"", ""year"": ""2021"", ""month"": ""10"", ""day"": ""7"", ""final_date"": ""2021-10-07""}, ""canonical"": {""year"": ""2021"", ""month"": ""10"", ""day"": ""07"", ""final_date"": ""2021-10-07""}, ""review_reason"": [], ""details"": [], ""format_changes"": [""day""]}]",2021,10,7,2021-10-07,,,,2021,10,07,2021-10-07,2021,10,07,2021-10-07,,,,,,ready_for_review,false,,,,false
3004,C:\Users\jsw58\Desktop\itda-ocr\data\003004.jpg,"[""C:\\Users\\jsw58\\Desktop\\itda-ocr\\data\\003004.jpg""]",existing_300,existing_300:133,1,"[{""source_record_id"": ""existing_300:133"", ""source"": ""existing_300"", ""source_path"": ""C:\\Users\\jsw58\\Desktop\\itda-ocr\\labels\\labels_300.csv"", ""source_row"": 133, ""image_id"": ""3004"", ""raw"": {""file_name"": ""003004.jpg"", ""image_id"": ""3004"", ""year"": ""2023"", ""month"": ""05"", ""day"": ""NONE"", ""final_date"": ""2023-05-NONE"", ""notes"": """", ""Unnamed: 7"": """"}, ""canonical"": {""year"": ""2023"", ""month"": ""05"", ""day"": ""NONE"", ""final_date"": ""2023-05-NONE""}, ""review_reason"": [""partial_none""], ""details"": [], ""format_changes"": []}]",2023,05,NONE,2023-05-NONE,003004.jpg,,,2023,05,NONE,2023-05-NONE,[],[],[],[],[],[],[],[],[],[],[],[],2023,05,NONE,2023-05-NONE,,,,,partial_none,pending,false,,,,false
3006,C:\Users\jsw58\Desktop\itda-ocr\data\003006.jpg,"[""C:\\Users\\jsw58\\Desktop\\itda-ocr\\data\\003006.jpg""]",existing_300,existing_300:134,1,"[{""source_record_id"": ""existing_300:134"", ""source"": ""existing_300"", ""source_path"": ""C:\\Users\\jsw58\\Desktop\\itda-ocr\\labels\\labels_300.csv"", ""source_row"": 134, ""image_id"": ""3006"", ""raw"": {""file_name"": ""003006.jpg"", ""image_id"": ""3006"", ""year"": ""2022"", ""month"": ""05"", ""day"": ""26"", ""final_date"": ""2022-05-26"", ""notes"": """", ""Unnamed: 7"": """"}, ""canonical"": {""year"": ""2022"", ""month"": ""05"", ""day"": ""26"", ""final_date"": ""2022-05-26""}, ""review_reason"": [], ""details"": [], ""format_changes"": []}]",2022,05,26,2022-05-26,003006.jpg,,,2022,05,26,2022-05-26,[],[],[],[],[],[],[],[],[],[],[],[],2022,05,26,2022-05-26,,,,,,ready_for_review,false,,,,false
3010,C:\Users\jsw58\Desktop\itda-ocr\data\003010.jpg,"[""C:\\Users\\jsw58\\Desktop\\itda-ocr\\data\\003010.jpg""]",existing_300,existing_300:288,1,"[{""source_record_id"": ""existing_300:288"", ""source"": ""existing_300"", ""source_path"": ""C:\\Users\\jsw58\\Desktop\\itda-ocr\\labels\\labels_300.csv"", ""source_row"": 288, ""image_id"": ""3010"", ""raw"": {""file_name"": ""003010.jpg"", ""image_id"": ""3010"", ""year"": ""2021"", ""month"": ""12"", ""day"": ""11"", ""final_date"": ""2021-12-11"", ""notes"": ""거꾸로"", ""Unnamed: 7"": """"}, ""canonical"": {""year"": ""2021"", ""month"": ""12"", ""day"": ""11"", ""final_date"": ""2021-12-11""}, ""review_reason"": [], ""details"": [], ""format_changes"": []}]",2021,12,11,2021-12-11,003010.jpg,거꾸로,,2021,12,11,2021-12-11,[],[],[],[],[],[],[],[],[],[],[],[],2021,12,11,2021-12-11,,,,,,ready_for_review,false,,,,false
3011,C:\Users\jsw58\Desktop\itda-ocr\data\003011.jpg,"[""C:\\Users\\jsw58\\Desktop\\itda-ocr\\data\\003011.jpg""]",incoming_432,incoming_432:404,1,[],[],[],[],[],[],[],[],[],[],[],[],"[{""source_record_id"": ""incoming_432:404"", ""source"": ""incoming_432"", ""source_path"": ""C:\\Users\\jsw58\\Downloads\\labelling data.csv"", ""source_row"": 404, ""image_id"": ""3011"", ""raw"": {""image_id"": ""3011"", ""year"": ""2021"", ""month"": ""12"", ""day"": ""11"", ""final_date"": ""2021-12-11""}, ""canonical"": {""year"": ""2021"", ""month"": ""12"", ""day"": ""11"", ""final_date"": ""2021-12-11""}, ""review_reason"": [], ""details"": [], ""format_changes"": []}]",2021,12,11,2021-12-11,,,,2021,12,11,2021-12-11,2021,12,11,2021-12-11,,,,,,ready_for_review,false,,,,false
3014,C:\Users\jsw58\Desktop\itda-ocr\data\003014.jpg,"[""C:\\Users\\jsw58\\Desktop\\itda-ocr\\data\\003014.jpg""]",existing_300,existing_300:135,1,"[{""source_record_id"": ""existing_300:135"", ""source"": ""existing_300"", ""source_path"": ""C:\\Users\\jsw58\\Desktop\\itda-ocr\\labels\\labels_300.csv"", ""source_row"": 135, ""image_id"": ""3014"", ""raw"": {""file_name"": ""003014.jpg"", ""image_id"": ""3014"", ""year"": ""2021"", ""month"": ""06"", ""day"": ""12"", ""final_date"": ""2021-06-12"", ""notes"": ""2021 JUN 12"", ""Unnamed: 7"": """"}, ""canonical"": {""year"": ""2021"", ""month"": ""06"", ""day"": ""12"", ""final_date"": ""2021-06-12""}, ""review_reason"": [], ""details"": [], ""format_changes"": []}]",2021,06,12,2021-06-12,003014.jpg,2021 JUN 12,,2021,06,12,2021-06-12,[],[],[],[],[],[],[],[],[],[],[],[],2021,06,12,2021-06-12,,,,,,ready_for_review,false,,,,false
3016,C:\Users\jsw58\Desktop\itda-ocr\data\003016.jpg,"[""C:\\Users\\jsw58\\Desktop\\itda-ocr\\data\\003016.jpg""]",incoming_432,incoming_432:405,1,[],[],[],[],[],[],[],[],[],[],[],[],"[{""source_record_id"": ""incoming_432:405"", ""source"": ""incoming_432"", ""source_path"": ""C:\\Users\\jsw58\\Downloads\\labelling data.csv"", ""source_row"": 405, ""image_id"": ""3016"", ""raw"": {""image_id"": ""3016"", ""year"": ""2022"", ""month"": ""7"", ""day"": ""1"", ""final_date"": ""2022-07-01""}, ""canonical"": {""year"": ""2022"", ""month"": ""07"", ""day"": ""01"", ""final_date"": ""2022-07-01""}, ""review_reason"": [], ""details"": [], ""format_changes"": [""month"", ""day""]}]",2022,7,1,2022-07-01,,,,2022,07,01,2022-07-01,2022,07,01,2022-07-01,,,,,,ready_for_review,false,,,,false
3017,C:\Users\jsw58\Desktop\itda-ocr\data\003017.jpg,"[""C:\\Users\\jsw58\\Desktop\\itda-ocr\\data\\003017.jpg""]",existing_300,existing_300:136,1,"[{""source_record_id"": ""existing_300:136"", ""source"": ""existing_300"", ""source_path"": ""C:\\Users\\jsw58\\Desktop\\itda-ocr\\labels\\labels_300.csv"", ""source_row"": 136, ""image_id"": ""3017"", ""raw"": {""file_name"": ""003017.jpg"", ""image_id"": ""3017"", ""year"": ""2022"", ""month"": ""02"", ""day"": ""23"", ""final_date"": ""2022-02-23"", ""notes"": """", ""Unnamed: 7"": """"}, ""canonical"": {""year"": ""2022"", ""month"": ""02"", ""day"": ""23"", ""final_date"": ""2022-02-23""}, ""review_reason"": [], ""details"": [], ""format_changes"": []}]",2022,02,23,2022-02-23,003017.jpg,,,2022,02,23,2022-02-23,[],[],[],[],[],[],[],[],[],[],[],[],2022,02,23,2022-02-23,,,,,,ready_for_review,false,,,,false
3019,C:\Users\jsw58\Desktop\itda-ocr\data\003019.jpg,"[""C:\\Users\\jsw58\\Desktop\\itda-ocr\\data\\003019.jpg""]",incoming_432,incoming_432:406,1,[],[],[],[],[],[],[],[],[],[],[],[],"[{""source_record_id"": ""incoming_432:406"", ""source"": ""incoming_432"", ""source_path"": ""C:\\Users\\jsw58\\Downloads\\labelling data.csv"", ""source_row"": 406, ""image_id"": ""3019"", ""raw"": {""image_id"": ""3019"", ""year"": ""2021"", ""month"": ""11"", ""day"": ""13"", ""final_date"": ""2021-11-13""}, ""canonical"": {""year"": ""2021"", ""month"": ""11"", ""day"": ""13"", ""final_date"": ""2021-11-13""}, ""review_reason"": [], ""details"": [], ""format_changes"": []}]",2021,11,13,2021-11-13,,,,2021,11,13,2021-11-13,2021,11,13,2021-11-13,,,,,,ready_for_review,false,,,,false
3020,C:\Users\jsw58\Desktop\itda-ocr\data\003020.jpg,"[""C:\\Users\\jsw58\\Desktop\\itda-ocr\\data\\003020.jpg""]",existing_300,existing_300:289,1,"[{""source_record_id"": ""existing_300:289"", ""source"": ""existing_300"", ""source_path"": ""C:\\Users\\jsw58\\Desktop\\itda-ocr\\labels\\labels_300.csv"", ""source_row"": 289, ""image_id"": ""3020"", ""raw"": {""file_name"": ""003020.jpg"", ""image_id"": ""3020"", ""year"": ""2021"", ""month"": ""03"", ""day"": ""23"", ""final_date"": ""2021-03-23"", ""notes"": """", ""Unnamed: 7"": """"}, ""canonical"": {""year"": ""2021"", ""month"": ""03"", ""day"": ""23"", ""final_date"": ""2021-03-23""}, ""review_reason"": [], ""details"": [], ""format_changes"": []}]",2021,03,23,2021-03-23,003020.jpg,,,2021,03,23,2021-03-23,[],[],[],[],[],[],[],[],[],[],[],[],2021,03,23,2021-03-23,,,,,,ready_for_review,false,,,,false
3043,C:\Users\jsw58\Desktop\itda-ocr\data\003043.jpg,"[""C:\\Users\\jsw58\\Desktop\\itda-ocr\\data\\003043.jpg""]",existing_300,existing_300:290,1,"[{""source_record_id"": ""existing_300:290"", ""source"": ""existing_300"", ""source_path"": ""C:\\Users\\jsw58\\Desktop\\itda-ocr\\labels\\labels_300.csv"", ""source_row"": 290, ""image_id"": ""3043"", ""raw"": {""file_name"": ""003043.jpg"", ""image_id"": ""3043"", ""year"": ""2020"", ""month"": ""07"", ""day"": ""13"", ""final_date"": ""2020-07-13"", ""notes"": """", ""Unnamed: 7"": """"}, ""canonical"": {""year"": ""2020"", ""month"": ""07"", ""day"": ""13"", ""final_date"": ""2020-07-13""}, ""review_reason"": [], ""details"": [], ""format_changes"": []}]",2020,07,13,2020-07-13,003043.jpg,,,2020,07,13,2020-07-13,[],[],[],[],[],[],[],[],[],[],[],[],2020,07,13,2020-07-13,,,,,,ready_for_review,false,,,,false
3060,C:\Users\jsw58\Desktop\itda-ocr\data\003060.jpg,"[""C:\\Users\\jsw58\\Desktop\\itda-ocr\\data\\003060.jpg""]",incoming_432,incoming_432:407,1,[],[],[],[],[],[],[],[],[],[],[],[],"[{""source_record_id"": ""incoming_432:407"", ""source"": ""incoming_432"", ""source_path"": ""C:\\Users\\jsw58\\Downloads\\labelling data.csv"", ""source_row"": 407, ""image_id"": ""3060"", ""raw"": {""image_id"": ""3060"", ""year"": ""2021"", ""month"": ""10"", ""day"": ""4"", ""final_date"": ""2021-10-04""}, ""canonical"": {""year"": ""2021"", ""month"": ""10"", ""day"": ""04"", ""final_date"": ""2021-10-04""}, ""review_reason"": [], ""details"": [], ""format_changes"": [""day""]}]",2021,10,4,2021-10-04,,,,2021,10,04,2021-10-04,2021,10,04,2021-10-04,,,,,,ready_for_review,false,,,,false
3070,C:\Users\jsw58\Desktop\itda-ocr\data\003070.jpg,"[""C:\\Users\\jsw58\\Desktop\\itda-ocr\\data\\003070.jpg""]",incoming_432,incoming_432:408,1,[],[],[],[],[],[],[],[],[],[],[],[],"[{""source_record_id"": ""incoming_432:408"", ""source"": ""incoming_432"", ""source_path"": ""C:\\Users\\jsw58\\Downloads\\labelling data.csv"", ""source_row"": 408, ""image_id"": ""3070"", ""raw"": {""image_id"": ""3070"", ""year"": ""2020"", ""month"": ""8"", ""day"": ""9"", ""final_date"": ""2020-08-09""}, ""canonical"": {""year"": ""2020"", ""month"": ""08"", ""day"": ""09"", ""final_date"": ""2020-08-09""}, ""review_reason"": [], ""details"": [], ""format_changes"": [""month"", ""day""]}]",2020,8,9,2020-08-09,,,,2020,08,09,2020-08-09,2020,08,09,2020-08-09,,,,,,ready_for_review,false,,,,false
3078,C:\Users\jsw58\Desktop\itda-ocr\data\003078.jpg,"[""C:\\Users\\jsw58\\Desktop\\itda-ocr\\data\\003078.jpg""]",existing_300,existing_300:291,1,"[{""source_record_id"": ""existing_300:291"", ""source"": ""existing_300"", ""source_path"": ""C:\\Users\\jsw58\\Desktop\\itda-ocr\\labels\\labels_300.csv"", ""source_row"": 291, ""image_id"": ""3078"", ""raw"": {""file_name"": ""003078.jpg"", ""image_id"": ""3078"", ""year"": ""2021"", ""month"": ""12"", ""day"": ""13"", ""final_date"": ""2021-12-13"", ""notes"": ""까지"", ""Unnamed: 7"": """"}, ""canonical"": {""year"": ""2021"", ""month"": ""12"", ""day"": ""13"", ""final_date"": ""2021-12-13""}, ""review_reason"": [], ""details"": [], ""format_changes"": []}]",2021,12,13,2021-12-13,003078.jpg,까지,,2021,12,13,2021-12-13,[],[],[],[],[],[],[],[],[],[],[],[],2021,12,13,2021-12-13,,,,,,ready_for_review,false,,,,false
3087,C:\Users\jsw58\Desktop\itda-ocr\data\003087.jpg,"[""C:\\Users\\jsw58\\Desktop\\itda-ocr\\data\\003087.jpg""]",existing_300,existing_300:292,1,"[{""source_record_id"": ""existing_300:292"", ""source"": ""existing_300"", ""source_path"": ""C:\\Users\\jsw58\\Desktop\\itda-ocr\\labels\\labels_300.csv"", ""source_row"": 292, ""image_id"": ""3087"", ""raw"": {""file_name"": ""003087.jpg"", ""image_id"": ""3087"", ""year"": ""2021"", ""month"": ""06"", ""day"": ""30"", ""final_date"": ""2021-06-30"", ""notes"": ""거꾸로"", ""Unnamed: 7"": """"}, ""canonical"": {""year"": ""2021"", ""month"": ""06"", ""day"": ""30"", ""final_date"": ""2021-06-30""}, ""review_reason"": [], ""details"": [], ""format_changes"": []}]",2021,06,30,2021-06-30,003087.jpg,거꾸로,,2021,06,30,2021-06-30,[],[],[],[],[],[],[],[],[],[],[],[],2021,06,30,2021-06-30,,,,,,ready_for_review,false,,,,false
3090,C:\Users\jsw58\Desktop\itda-ocr\data\003090.jpg,"[""C:\\Users\\jsw58\\Desktop\\itda-ocr\\data\\003090.jpg""]",existing_300,existing_300:137,1,"[{""source_record_id"": ""existing_300:137"", ""source"": ""existing_300"", ""source_path"": ""C:\\Users\\jsw58\\Desktop\\itda-ocr\\labels\\labels_300.csv"", ""source_row"": 137, ""image_id"": ""3090"", ""raw"": {""file_name"": ""003090.jpg"", ""image_id"": ""3090"", ""year"": ""2021"", ""month"": ""09"", ""day"": ""15"", ""final_date"": ""2021-09-15"", ""notes"": ""DD-MM-YYYY"", ""Unnamed: 7"": """"}, ""canonical"": {""year"": ""2021"", ""month"": ""09"", ""day"": ""15"", ""final_date"": ""2021-09-15""}, ""review_reason"": [], ""details"": [], ""format_changes"": []}]",2021,09,15,2021-09-15,003090.jpg,DD-MM-YYYY,,2021,09,15,2021-09-15,[],[],[],[],[],[],[],[],[],[],[],[],2021,09,15,2021-09-15,,,,,,ready_for_review,false,,,,false
3103,C:\Users\jsw58\Desktop\itda-ocr\data\003103.jpg,"[""C:\\Users\\jsw58\\Desktop\\itda-ocr\\data\\003103.jpg""]",incoming_432,incoming_432:409,1,[],[],[],[],[],[],[],[],[],[],[],[],"[{""source_record_id"": ""incoming_432:409"", ""source"": ""incoming_432"", ""source_path"": ""C:\\Users\\jsw58\\Downloads\\labelling data.csv"", ""source_row"": 409, ""image_id"": ""3103"", ""raw"": {""image_id"": ""3103"", ""year"": ""2022"", ""month"": ""3"", ""day"": ""29"", ""final_date"": ""2022-03-29""}, ""canonical"": {""year"": ""2022"", ""month"": ""03"", ""day"": ""29"", ""final_date"": ""2022-03-29""}, ""review_reason"": [], ""details"": [], ""format_changes"": [""month""]}]",2022,3,29,2022-03-29,,,,2022,03,29,2022-03-29,2022,03,29,2022-03-29,,,,,,ready_for_review,false,,,,false
3110,C:\Users\jsw58\Desktop\itda-ocr\data\003110.jpg,"[""C:\\Users\\jsw58\\Desktop\\itda-ocr\\data\\003110.jpg""]",incoming_432,incoming_432:410,1,[],[],[],[],[],[],[],[],[],[],[],[],"[{""source_record_id"": ""incoming_432:410"", ""source"": ""incoming_432"", ""source_path"": ""C:\\Users\\jsw58\\Downloads\\labelling data.csv"", ""source_row"": 410, ""image_id"": ""3110"", ""raw"": {""image_id"": ""3110"", ""year"": ""2021"", ""month"": ""6"", ""day"": ""9"", ""final_date"": ""2021-06-09""}, ""canonical"": {""year"": ""2021"", ""month"": ""06"", ""day"": ""09"", ""final_date"": ""2021-06-09""}, ""review_reason"": [], ""details"": [], ""format_changes"": [""month"", ""day""]}]",2021,6,9,2021-06-09,,,,2021,06,09,2021-06-09,2021,06,09,2021-06-09,,,,,,ready_for_review,false,,,,false
3115,C:\Users\jsw58\Desktop\itda-ocr\data\003115.jpg,"[""C:\\Users\\jsw58\\Desktop\\itda-ocr\\data\\003115.jpg""]",incoming_432,incoming_432:411,1,[],[],[],[],[],[],[],[],[],[],[],[],"[{""source_record_id"": ""incoming_432:411"", ""source"": ""incoming_432"", ""source_path"": ""C:\\Users\\jsw58\\Downloads\\labelling data.csv"", ""source_row"": 411, ""image_id"": ""3115"", ""raw"": {""image_id"": ""3115"", ""year"": ""2021"", ""month"": ""9"", ""day"": ""25"", ""final_date"": ""2021-09-25""}, ""canonical"": {""year"": ""2021"", ""month"": ""09"", ""day"": ""25"", ""final_date"": ""2021-09-25""}, ""review_reason"": [], ""details"": [], ""format_changes"": [""month""]}]",2021,9,25,2021-09-25,,,,2021,09,25,2021-09-25,2021,09,25,2021-09-25,,,,,,ready_for_review,false,,,,false
3125,C:\Users\jsw58\Desktop\itda-ocr\data\003125.jpg,"[""C:\\Users\\jsw58\\Desktop\\itda-ocr\\data\\003125.jpg""]",incoming_432,incoming_432:412,1,[],[],[],[],[],[],[],[],[],[],[],[],"[{""source_record_id"": ""incoming_432:412"", ""source"": ""incoming_432"", ""source_path"": ""C:\\Users\\jsw58\\Downloads\\labelling data.csv"", ""source_row"": 412, ""image_id"": ""3125"", ""raw"": {""image_id"": ""3125"", ""year"": ""2021"", ""month"": ""3"", ""day"": ""7"", ""final_date"": ""2021-03-07""}, ""canonical"": {""year"": ""2021"", ""month"": ""03"", ""day"": ""07"", ""final_date"": ""2021-03-07""}, ""review_reason"": [], ""details"": [], ""format_changes"": [""month"", ""day""]}]",2021,3,7,2021-03-07,,,,2021,03,07,2021-03-07,2021,03,07,2021-03-07,,,,,,ready_for_review,false,,,,false
3127,C:\Users\jsw58\Desktop\itda-ocr\data\003127.jpg,"[""C:\\Users\\jsw58\\Desktop\\itda-ocr\\data\\003127.jpg""]",incoming_432,incoming_432:413,1,[],[],[],[],[],[],[],[],[],[],[],[],"[{""source_record_id"": ""incoming_432:413"", ""source"": ""incoming_432"", ""source_path"": ""C:\\Users\\jsw58\\Downloads\\labelling data.csv"", ""source_row"": 413, ""image_id"": ""3127"", ""raw"": {""image_id"": ""3127"", ""year"": ""2021"", ""month"": ""2"", ""day"": ""16"", ""final_date"": ""2021-02-16""}, ""canonical"": {""year"": ""2021"", ""month"": ""02"", ""day"": ""16"", ""final_date"": ""2021-02-16""}, ""review_reason"": [], ""details"": [], ""format_changes"": [""month""]}]",2021,2,16,2021-02-16,,,,2021,02,16,2021-02-16,2021,02,16,2021-02-16,,,,,,ready_for_review,false,,,,false
3129,C:\Users\jsw58\Desktop\itda-ocr\data\003129.jpg,"[""C:\\Users\\jsw58\\Desktop\\itda-ocr\\data\\003129.jpg""]",existing_300,existing_300:293,1,"[{""source_record_id"": ""existing_300:293"", ""source"": ""existing_300"", ""source_path"": ""C:\\Users\\jsw58\\Desktop\\itda-ocr\\labels\\labels_300.csv"", ""source_row"": 293, ""image_id"": ""3129"", ""raw"": {""file_name"": ""003129.jpg"", ""image_id"": ""3129"", ""year"": ""2022"", ""month"": ""08"", ""day"": ""25"", ""final_date"": ""2022-08-25"", ""notes"": """", ""Unnamed: 7"": """"}, ""canonical"": {""year"": ""2022"", ""month"": ""08"", ""day"": ""25"", ""final_date"": ""2022-08-25""}, ""review_reason"": [], ""details"": [], ""format_changes"": []}]",2022,08,25,2022-08-25,003129.jpg,,,2022,08,25,2022-08-25,[],[],[],[],[],[],[],[],[],[],[],[],2022,08,25,2022-08-25,,,,,,ready_for_review,false,,,,false
3131,C:\Users\jsw58\Desktop\itda-ocr\data\003131.jpg,"[""C:\\Users\\jsw58\\Desktop\\itda-ocr\\data\\003131.jpg""]",incoming_432,incoming_432:414,1,[],[],[],[],[],[],[],[],[],[],[],[],"[{""source_record_id"": ""incoming_432:414"", ""source"": ""incoming_432"", ""source_path"": ""C:\\Users\\jsw58\\Downloads\\labelling data.csv"", ""source_row"": 414, ""image_id"": ""3131"", ""raw"": {""image_id"": ""3131"", ""year"": ""2022"", ""month"": ""3"", ""day"": ""30"", ""final_date"": ""2022-03-30""}, ""canonical"": {""year"": ""2022"", ""month"": ""03"", ""day"": ""30"", ""final_date"": ""2022-03-30""}, ""review_reason"": [], ""details"": [], ""format_changes"": [""month""]}]",2022,3,30,2022-03-30,,,,2022,03,30,2022-03-30,2022,03,30,2022-03-30,,,,,,ready_for_review,false,,,,false
3132,C:\Users\jsw58\Desktop\itda-ocr\data\003132.jpg,"[""C:\\Users\\jsw58\\Desktop\\itda-ocr\\data\\003132.jpg""]",existing_300,existing_300:138,1,"[{""source_record_id"": ""existing_300:138"", ""source"": ""existing_300"", ""source_path"": ""C:\\Users\\jsw58\\Desktop\\itda-ocr\\labels\\labels_300.csv"", ""source_row"": 138, ""image_id"": ""3132"", ""raw"": {""file_name"": ""003132.jpg"", ""image_id"": ""3132"", ""year"": ""2021"", ""month"": ""05"", ""day"": ""22"", ""final_date"": ""2021-05-22"", ""notes"": """", ""Unnamed: 7"": """"}, ""canonical"": {""year"": ""2021"", ""month"": ""05"", ""day"": ""22"", ""final_date"": ""2021-05-22""}, ""review_reason"": [], ""details"": [], ""format_changes"": []}]",2021,05,22,2021-05-22,003132.jpg,,,2021,05,22,2021-05-22,[],[],[],[],[],[],[],[],[],[],[],[],2021,05,22,2021-05-22,,,,,,ready_for_review,false,,,,false
3136,C:\Users\jsw58\Desktop\itda-ocr\data\003136.jpg,"[""C:\\Users\\jsw58\\Desktop\\itda-ocr\\data\\003136.jpg""]",existing_300,existing_300:139,1,"[{""source_record_id"": ""existing_300:139"", ""source"": ""existing_300"", ""source_path"": ""C:\\Users\\jsw58\\Desktop\\itda-ocr\\labels\\labels_300.csv"", ""source_row"": 139, ""image_id"": ""3136"", ""raw"": {""file_name"": ""003136.jpg"", ""image_id"": ""3136"", ""year"": ""2022"", ""month"": ""11"", ""day"": ""09"", ""final_date"": ""2022-11-09"", ""notes"": """", ""Unnamed: 7"": """"}, ""canonical"": {""year"": ""2022"", ""month"": ""11"", ""day"": ""09"", ""final_date"": ""2022-11-09""}, ""review_reason"": [], ""details"": [], ""format_changes"": []}]",2022,11,09,2022-11-09,003136.jpg,,,2022,11,09,2022-11-09,[],[],[],[],[],[],[],[],[],[],[],[],2022,11,09,2022-11-09,,,,,,ready_for_review,false,,,,false
3138,C:\Users\jsw58\Desktop\itda-ocr\data\003138.jpg,"[""C:\\Users\\jsw58\\Desktop\\itda-ocr\\data\\003138.jpg""]",incoming_432,incoming_432:415,1,[],[],[],[],[],[],[],[],[],[],[],[],"[{""source_record_id"": ""incoming_432:415"", ""source"": ""incoming_432"", ""source_path"": ""C:\\Users\\jsw58\\Downloads\\labelling data.csv"", ""source_row"": 415, ""image_id"": ""3138"", ""raw"": {""image_id"": ""3138"", ""year"": ""2022"", ""month"": ""1"", ""day"": ""9"", ""final_date"": ""2022-01-09""}, ""canonical"": {""year"": ""2022"", ""month"": ""01"", ""day"": ""09"", ""final_date"": ""2022-01-09""}, ""review_reason"": [], ""details"": [], ""format_changes"": [""month"", ""day""]}]",2022,1,9,2022-01-09,,,,2022,01,09,2022-01-09,2022,01,09,2022-01-09,,,,,,ready_for_review,false,,,,false
3142,C:\Users\jsw58\Desktop\itda-ocr\data\003142.jpg,"[""C:\\Users\\jsw58\\Desktop\\itda-ocr\\data\\003142.jpg""]",incoming_432,incoming_432:416,1,[],[],[],[],[],[],[],[],[],[],[],[],"[{""source_record_id"": ""incoming_432:416"", ""source"": ""incoming_432"", ""source_path"": ""C:\\Users\\jsw58\\Downloads\\labelling data.csv"", ""source_row"": 416, ""image_id"": ""3142"", ""raw"": {""image_id"": ""3142"", ""year"": ""2021"", ""month"": ""12"", ""day"": ""11"", ""final_date"": ""2021-12-11""}, ""canonical"": {""year"": ""2021"", ""month"": ""12"", ""day"": ""11"", ""final_date"": ""2021-12-11""}, ""review_reason"": [], ""details"": [], ""format_changes"": []}]",2021,12,11,2021-12-11,,,,2021,12,11,2021-12-11,2021,12,11,2021-12-11,,,,,,ready_for_review,false,,,,false
3147,C:\Users\jsw58\Desktop\itda-ocr\data\003147.jpg,"[""C:\\Users\\jsw58\\Desktop\\itda-ocr\\data\\003147.jpg""]",incoming_432,incoming_432:417,1,[],[],[],[],[],[],[],[],[],[],[],[],"[{""source_record_id"": ""incoming_432:417"", ""source"": ""incoming_432"", ""source_path"": ""C:\\Users\\jsw58\\Downloads\\labelling data.csv"", ""source_row"": 417, ""image_id"": ""3147"", ""raw"": {""image_id"": ""3147"", ""year"": ""2021"", ""month"": ""4"", ""day"": ""22"", ""final_date"": ""2021-04-22""}, ""canonical"": {""year"": ""2021"", ""month"": ""04"", ""day"": ""22"", ""final_date"": ""2021-04-22""}, ""review_reason"": [], ""details"": [], ""format_changes"": [""month""]}]",2021,4,22,2021-04-22,,,,2021,04,22,2021-04-22,2021,04,22,2021-04-22,,,,,,ready_for_review,false,,,,false
3148,C:\Users\jsw58\Desktop\itda-ocr\data\003148.jpg,"[""C:\\Users\\jsw58\\Desktop\\itda-ocr\\data\\003148.jpg""]",existing_300,existing_300:294,1,"[{""source_record_id"": ""existing_300:294"", ""source"": ""existing_300"", ""source_path"": ""C:\\Users\\jsw58\\Desktop\\itda-ocr\\labels\\labels_300.csv"", ""source_row"": 294, ""image_id"": ""3148"", ""raw"": {""file_name"": ""003148.jpg"", ""image_id"": ""3148"", ""year"": ""2022"", ""month"": ""01"", ""day"": ""14"", ""final_date"": ""2022-01-14"", ""notes"": """", ""Unnamed: 7"": """"}, ""canonical"": {""year"": ""2022"", ""month"": ""01"", ""day"": ""14"", ""final_date"": ""2022-01-14""}, ""review_reason"": [], ""details"": [], ""format_changes"": []}]",2022,01,14,2022-01-14,003148.jpg,,,2022,01,14,2022-01-14,[],[],[],[],[],[],[],[],[],[],[],[],2022,01,14,2022-01-14,,,,,,ready_for_review,false,,,,false
3158,C:\Users\jsw58\Desktop\itda-ocr\data\003158.jpg,"[""C:\\Users\\jsw58\\Desktop\\itda-ocr\\data\\003158.jpg""]",existing_300,existing_300:140,1,"[{""source_record_id"": ""existing_300:140"", ""source"": ""existing_300"", ""source_path"": ""C:\\Users\\jsw58\\Desktop\\itda-ocr\\labels\\labels_300.csv"", ""source_row"": 140, ""image_id"": ""3158"", ""raw"": {""file_name"": ""003158.jpg"", ""image_id"": ""3158"", ""year"": ""2021"", ""month"": ""04"", ""day"": ""25"", ""final_date"": ""2021-04-25"", ""notes"": """", ""Unnamed: 7"": """"}, ""canonical"": {""year"": ""2021"", ""month"": ""04"", ""day"": ""25"", ""final_date"": ""2021-04-25""}, ""review_reason"": [], ""details"": [], ""format_changes"": []}]",2021,04,25,2021-04-25,003158.jpg,,,2021,04,25,2021-04-25,[],[],[],[],[],[],[],[],[],[],[],[],2021,04,25,2021-04-25,,,,,,ready_for_review,false,,,,false
3171,C:\Users\jsw58\Desktop\itda-ocr\data\003171.jpg,"[""C:\\Users\\jsw58\\Desktop\\itda-ocr\\data\\003171.jpg""]",incoming_432,incoming_432:418,1,[],[],[],[],[],[],[],[],[],[],[],[],"[{""source_record_id"": ""incoming_432:418"", ""source"": ""incoming_432"", ""source_path"": ""C:\\Users\\jsw58\\Downloads\\labelling data.csv"", ""source_row"": 418, ""image_id"": ""3171"", ""raw"": {""image_id"": ""3171"", ""year"": ""2021"", ""month"": ""11"", ""day"": ""11"", ""final_date"": ""2021-11-11""}, ""canonical"": {""year"": ""2021"", ""month"": ""11"", ""day"": ""11"", ""final_date"": ""2021-11-11""}, ""review_reason"": [], ""details"": [], ""format_changes"": []}]",2021,11,11,2021-11-11,,,,2021,11,11,2021-11-11,2021,11,11,2021-11-11,,,,,,ready_for_review,false,,,,false
3174,C:\Users\jsw58\Desktop\itda-ocr\data\003174.jpg,"[""C:\\Users\\jsw58\\Desktop\\itda-ocr\\data\\003174.jpg""]",incoming_432,incoming_432:419,1,[],[],[],[],[],[],[],[],[],[],[],[],"[{""source_record_id"": ""incoming_432:419"", ""source"": ""incoming_432"", ""source_path"": ""C:\\Users\\jsw58\\Downloads\\labelling data.csv"", ""source_row"": 419, ""image_id"": ""3174"", ""raw"": {""image_id"": ""3174"", ""year"": ""2022"", ""month"": ""8"", ""day"": ""13"", ""final_date"": ""2022-08-13""}, ""canonical"": {""year"": ""2022"", ""month"": ""08"", ""day"": ""13"", ""final_date"": ""2022-08-13""}, ""review_reason"": [], ""details"": [], ""format_changes"": [""month""]}]",2022,8,13,2022-08-13,,,,2022,08,13,2022-08-13,2022,08,13,2022-08-13,,,,,,ready_for_review,false,,,,false
3185,C:\Users\jsw58\Desktop\itda-ocr\data\003185.jpg,"[""C:\\Users\\jsw58\\Desktop\\itda-ocr\\data\\003185.jpg""]",existing_300,existing_300:141,1,"[{""source_record_id"": ""existing_300:141"", ""source"": ""existing_300"", ""source_path"": ""C:\\Users\\jsw58\\Desktop\\itda-ocr\\labels\\labels_300.csv"", ""source_row"": 141, ""image_id"": ""3185"", ""raw"": {""file_name"": ""003185.jpg"", ""image_id"": ""3185"", ""year"": ""2021"", ""month"": ""06"", ""day"": ""28"", ""final_date"": ""2021-06-28"", ""notes"": ""JUN 28 2021"", ""Unnamed: 7"": """"}, ""canonical"": {""year"": ""2021"", ""month"": ""06"", ""day"": ""28"", ""final_date"": ""2021-06-28""}, ""review_reason"": [], ""details"": [], ""format_changes"": []}]",2021,06,28,2021-06-28,003185.jpg,JUN 28 2021,,2021,06,28,2021-06-28,[],[],[],[],[],[],[],[],[],[],[],[],2021,06,28,2021-06-28,,,,,,ready_for_review,false,,,,false
3186,C:\Users\jsw58\Desktop\itda-ocr\data\003186.jpg,"[""C:\\Users\\jsw58\\Desktop\\itda-ocr\\data\\003186.jpg""]",incoming_432,incoming_432:420,1,[],[],[],[],[],[],[],[],[],[],[],[],"[{""source_record_id"": ""incoming_432:420"", ""source"": ""incoming_432"", ""source_path"": ""C:\\Users\\jsw58\\Downloads\\labelling data.csv"", ""source_row"": 420, ""image_id"": ""3186"", ""raw"": {""image_id"": ""3186"", ""year"": ""2021"", ""month"": ""10"", ""day"": ""21"", ""final_date"": ""2021-10-21""}, ""canonical"": {""year"": ""2021"", ""month"": ""10"", ""day"": ""21"", ""final_date"": ""2021-10-21""}, ""review_reason"": [], ""details"": [], ""format_changes"": []}]",2021,10,21,2021-10-21,,,,2021,10,21,2021-10-21,2021,10,21,2021-10-21,,,,,,ready_for_review,false,,,,false
3192,C:\Users\jsw58\Desktop\itda-ocr\data\003192.jpg,"[""C:\\Users\\jsw58\\Desktop\\itda-ocr\\data\\003192.jpg""]",incoming_432,incoming_432:421,1,[],[],[],[],[],[],[],[],[],[],[],[],"[{""source_record_id"": ""incoming_432:421"", ""source"": ""incoming_432"", ""source_path"": ""C:\\Users\\jsw58\\Downloads\\labelling data.csv"", ""source_row"": 421, ""image_id"": ""3192"", ""raw"": {""image_id"": ""3192"", ""year"": ""2021"", ""month"": ""11"", ""day"": ""19"", ""final_date"": ""2021-11-19""}, ""canonical"": {""year"": ""2021"", ""month"": ""11"", ""day"": ""19"", ""final_date"": ""2021-11-19""}, ""review_reason"": [], ""details"": [], ""format_changes"": []}]",2021,11,19,2021-11-19,,,,2021,11,19,2021-11-19,2021,11,19,2021-11-19,,,,,,ready_for_review,false,,,,false
3194,C:\Users\jsw58\Desktop\itda-ocr\data\003194.jpg,"[""C:\\Users\\jsw58\\Desktop\\itda-ocr\\data\\003194.jpg""]",incoming_432,incoming_432:422,1,[],[],[],[],[],[],[],[],[],[],[],[],"[{""source_record_id"": ""incoming_432:422"", ""source"": ""incoming_432"", ""source_path"": ""C:\\Users\\jsw58\\Downloads\\labelling data.csv"", ""source_row"": 422, ""image_id"": ""3194"", ""raw"": {""image_id"": ""3194"", ""year"": ""2021"", ""month"": ""7"", ""day"": ""13"", ""final_date"": ""2021-07-13""}, ""canonical"": {""year"": ""2021"", ""month"": ""07"", ""day"": ""13"", ""final_date"": ""2021-07-13""}, ""review_reason"": [], ""details"": [], ""format_changes"": [""month""]}]",2021,7,13,2021-07-13,,,,2021,07,13,2021-07-13,2021,07,13,2021-07-13,,,,,,ready_for_review,false,,,,false
3201,C:\Users\jsw58\Desktop\itda-ocr\data\003201.jpg,"[""C:\\Users\\jsw58\\Desktop\\itda-ocr\\data\\003201.jpg""]",existing_300;incoming_432,existing_300:142;incoming_432:423,2,"[{""source_record_id"": ""existing_300:142"", ""source"": ""existing_300"", ""source_path"": ""C:\\Users\\jsw58\\Desktop\\itda-ocr\\labels\\labels_300.csv"", ""source_row"": 142, ""image_id"": ""3201"", ""raw"": {""file_name"": ""003201.jpg"", ""image_id"": ""3201"", ""year"": ""2022"", ""month"": ""09"", ""day"": ""21"", ""final_date"": ""2022-09-21"", ""notes"": ""DD.MM.YYYY"", ""Unnamed: 7"": """"}, ""canonical"": {""year"": ""2022"", ""month"": ""09"", ""day"": ""21"", ""final_date"": ""2022-09-21""}, ""review_reason"": [], ""details"": [], ""format_changes"": []}]",2022,09,21,2022-09-21,003201.jpg,DD.MM.YYYY,,2022,09,21,2022-09-21,"[{""source_record_id"": ""incoming_432:423"", ""source"": ""incoming_432"", ""source_path"": ""C:\\Users\\jsw58\\Downloads\\labelling data.csv"", ""source_row"": 423, ""image_id"": ""3201"", ""raw"": {""image_id"": ""3201"", ""year"": ""2022"", ""month"": ""9"", ""day"": ""21"", ""final_date"": ""2022-09-21""}, ""canonical"": {""year"": ""2022"", ""month"": ""09"", ""day"": ""21"", ""final_date"": ""2022-09-21""}, ""review_reason"": [], ""details"": [], ""format_changes"": [""month""]}]",2022,9,21,2022-09-21,,,,2022,09,21,2022-09-21,2022,09,21,2022-09-21,,,,,,ready_for_review,false,,,,false
3203,C:\Users\jsw58\Desktop\itda-ocr\data\003203.jpg,"[""C:\\Users\\jsw58\\Desktop\\itda-ocr\\data\\003203.jpg""]",incoming_432,incoming_432:424,1,[],[],[],[],[],[],[],[],[],[],[],[],"[{""source_record_id"": ""incoming_432:424"", ""source"": ""incoming_432"", ""source_path"": ""C:\\Users\\jsw58\\Downloads\\labelling data.csv"", ""source_row"": 424, ""image_id"": ""3203"", ""raw"": {""image_id"": ""3203"", ""year"": ""2021"", ""month"": ""10"", ""day"": ""NONE"", ""final_date"": ""2021-10-NONE""}, ""canonical"": {""year"": ""2021"", ""month"": ""10"", ""day"": ""NONE"", ""final_date"": ""2021-10-NONE""}, ""review_reason"": [""partial_none""], ""details"": [], ""format_changes"": []}]",2021,10,NONE,2021-10-NONE,,,,2021,10,NONE,2021-10-NONE,2021,10,NONE,2021-10-NONE,,,,,partial_none,pending,false,,,,false
3206,C:\Users\jsw58\Desktop\itda-ocr\data\003206.jpg,"[""C:\\Users\\jsw58\\Desktop\\itda-ocr\\data\\003206.jpg""]",existing_300,existing_300:295,1,"[{""source_record_id"": ""existing_300:295"", ""source"": ""existing_300"", ""source_path"": ""C:\\Users\\jsw58\\Desktop\\itda-ocr\\labels\\labels_300.csv"", ""source_row"": 295, ""image_id"": ""3206"", ""raw"": {""file_name"": ""003206.jpg"", ""image_id"": ""3206"", ""year"": ""2021"", ""month"": ""04"", ""day"": ""13"", ""final_date"": ""2021-04-13"", ""notes"": ""까지 (근데 밑에 있음)"", ""Unnamed: 7"": """"}, ""canonical"": {""year"": ""2021"", ""month"": ""04"", ""day"": ""13"", ""final_date"": ""2021-04-13""}, ""review_reason"": [], ""details"": [], ""format_changes"": []}]",2021,04,13,2021-04-13,003206.jpg,까지 (근데 밑에 있음),,2021,04,13,2021-04-13,[],[],[],[],[],[],[],[],[],[],[],[],2021,04,13,2021-04-13,,,,,,ready_for_review,false,,,,false
3218,C:\Users\jsw58\Desktop\itda-ocr\data\003218.jpg,"[""C:\\Users\\jsw58\\Desktop\\itda-ocr\\data\\003218.jpg""]",existing_300,existing_300:143,1,"[{""source_record_id"": ""existing_300:143"", ""source"": ""existing_300"", ""source_path"": ""C:\\Users\\jsw58\\Desktop\\itda-ocr\\labels\\labels_300.csv"", ""source_row"": 143, ""image_id"": ""3218"", ""raw"": {""file_name"": ""003218.jpg"", ""image_id"": ""3218"", ""year"": ""2021"", ""month"": ""06"", ""day"": ""16"", ""final_date"": ""2021-06-16"", ""notes"": ""DD.MM.YYYY"", ""Unnamed: 7"": """"}, ""canonical"": {""year"": ""2021"", ""month"": ""06"", ""day"": ""16"", ""final_date"": ""2021-06-16""}, ""review_reason"": [], ""details"": [], ""format_changes"": []}]",2021,06,16,2021-06-16,003218.jpg,DD.MM.YYYY,,2021,06,16,2021-06-16,[],[],[],[],[],[],[],[],[],[],[],[],2021,06,16,2021-06-16,,,,,,ready_for_review,false,,,,false
3222,C:\Users\jsw58\Desktop\itda-ocr\data\003222.jpg,"[""C:\\Users\\jsw58\\Desktop\\itda-ocr\\data\\003222.jpg""]",existing_300,existing_300:144,1,"[{""source_record_id"": ""existing_300:144"", ""source"": ""existing_300"", ""source_path"": ""C:\\Users\\jsw58\\Desktop\\itda-ocr\\labels\\labels_300.csv"", ""source_row"": 144, ""image_id"": ""3222"", ""raw"": {""file_name"": ""003222.jpg"", ""image_id"": ""3222"", ""year"": ""2022"", ""month"": ""06"", ""day"": ""14"", ""final_date"": ""2022-06-14"", ""notes"": ""2022/JUN/14"", ""Unnamed: 7"": """"}, ""canonical"": {""year"": ""2022"", ""month"": ""06"", ""day"": ""14"", ""final_date"": ""2022-06-14""}, ""review_reason"": [], ""details"": [], ""format_changes"": []}]",2022,06,14,2022-06-14,003222.jpg,2022/JUN/14,,2022,06,14,2022-06-14,[],[],[],[],[],[],[],[],[],[],[],[],2022,06,14,2022-06-14,,,,,,ready_for_review,false,,,,false
3223,C:\Users\jsw58\Desktop\itda-ocr\data\003223.jpg,"[""C:\\Users\\jsw58\\Desktop\\itda-ocr\\data\\003223.jpg""]",incoming_432,incoming_432:425,1,[],[],[],[],[],[],[],[],[],[],[],[],"[{""source_record_id"": ""incoming_432:425"", ""source"": ""incoming_432"", ""source_path"": ""C:\\Users\\jsw58\\Downloads\\labelling data.csv"", ""source_row"": 425, ""image_id"": ""3223"", ""raw"": {""image_id"": ""3223"", ""year"": ""2022"", ""month"": ""7"", ""day"": ""14"", ""final_date"": ""2022-07-14""}, ""canonical"": {""year"": ""2022"", ""month"": ""07"", ""day"": ""14"", ""final_date"": ""2022-07-14""}, ""review_reason"": [], ""details"": [], ""format_changes"": [""month""]}]",2022,7,14,2022-07-14,,,,2022,07,14,2022-07-14,2022,07,14,2022-07-14,,,,,,ready_for_review,false,,,,false
3224,C:\Users\jsw58\Desktop\itda-ocr\data\003224.jpg,"[""C:\\Users\\jsw58\\Desktop\\itda-ocr\\data\\003224.jpg""]",incoming_432,incoming_432:426,1,[],[],[],[],[],[],[],[],[],[],[],[],"[{""source_record_id"": ""incoming_432:426"", ""source"": ""incoming_432"", ""source_path"": ""C:\\Users\\jsw58\\Downloads\\labelling data.csv"", ""source_row"": 426, ""image_id"": ""3224"", ""raw"": {""image_id"": ""3224"", ""year"": ""2021"", ""month"": ""8"", ""day"": ""21"", ""final_date"": ""2021-08-21""}, ""canonical"": {""year"": ""2021"", ""month"": ""08"", ""day"": ""21"", ""final_date"": ""2021-08-21""}, ""review_reason"": [], ""details"": [], ""format_changes"": [""month""]}]",2021,8,21,2021-08-21,,,,2021,08,21,2021-08-21,2021,08,21,2021-08-21,,,,,,ready_for_review,false,,,,false
3228,C:\Users\jsw58\Desktop\itda-ocr\data\003228.jpg,"[""C:\\Users\\jsw58\\Desktop\\itda-ocr\\data\\003228.jpg""]",existing_300;incoming_432,existing_300:296;incoming_432:427,2,"[{""source_record_id"": ""existing_300:296"", ""source"": ""existing_300"", ""source_path"": ""C:\\Users\\jsw58\\Desktop\\itda-ocr\\labels\\labels_300.csv"", ""source_row"": 296, ""image_id"": ""3228"", ""raw"": {""file_name"": ""003228.jpg"", ""image_id"": ""3228"", ""year"": ""2022"", ""month"": ""04"", ""day"": ""26"", ""final_date"": ""2022-04-26"", ""notes"": ""거꾸로, BB 옆에 적혀 있음. 제조기한보다 위에 적혀 있음, 심지어 Pack date도 있어서 날짜가 3개임"", ""Unnamed: 7"": """"}, ""canonical"": {""year"": ""2022"", ""month"": ""04"", ""day"": ""26"", ""final_date"": ""2022-04-26""}, ""review_reason"": [], ""details"": [], ""format_changes"": []}]",2022,04,26,2022-04-26,003228.jpg,"거꾸로, BB 옆에 적혀 있음. 제조기한보다 위에 적혀 있음, 심지어 Pack date도 있어서 날짜가 3개임",,2022,04,26,2022-04-26,"[{""source_record_id"": ""incoming_432:427"", ""source"": ""incoming_432"", ""source_path"": ""C:\\Users\\jsw58\\Downloads\\labelling data.csv"", ""source_row"": 427, ""image_id"": ""3228"", ""raw"": {""image_id"": ""3228"", ""year"": ""2022"", ""month"": ""4"", ""day"": ""26"", ""final_date"": ""2022-04-26""}, ""canonical"": {""year"": ""2022"", ""month"": ""04"", ""day"": ""26"", ""final_date"": ""2022-04-26""}, ""review_reason"": [], ""details"": [], ""format_changes"": [""month""]}]",2022,4,26,2022-04-26,,,,2022,04,26,2022-04-26,2022,04,26,2022-04-26,,,,,,ready_for_review,false,,,,false
3238,C:\Users\jsw58\Desktop\itda-ocr\data\003238.jpg,"[""C:\\Users\\jsw58\\Desktop\\itda-ocr\\data\\003238.jpg""]",existing_300;incoming_432,existing_300:145;incoming_432:428,2,"[{""source_record_id"": ""existing_300:145"", ""source"": ""existing_300"", ""source_path"": ""C:\\Users\\jsw58\\Desktop\\itda-ocr\\labels\\labels_300.csv"", ""source_row"": 145, ""image_id"": ""3238"", ""raw"": {""file_name"": ""003238.jpg"", ""image_id"": ""3238"", ""year"": ""2021"", ""month"": ""10"", ""day"": ""16"", ""final_date"": ""2021-10-16"", ""notes"": ""DD.MM.YYYY"", ""Unnamed: 7"": """"}, ""canonical"": {""year"": ""2021"", ""month"": ""10"", ""day"": ""16"", ""final_date"": ""2021-10-16""}, ""review_reason"": [], ""details"": [], ""format_changes"": []}]",2021,10,16,2021-10-16,003238.jpg,DD.MM.YYYY,,2021,10,16,2021-10-16,"[{""source_record_id"": ""incoming_432:428"", ""source"": ""incoming_432"", ""source_path"": ""C:\\Users\\jsw58\\Downloads\\labelling data.csv"", ""source_row"": 428, ""image_id"": ""3238"", ""raw"": {""image_id"": ""3238"", ""year"": ""2021"", ""month"": ""10"", ""day"": ""16"", ""final_date"": ""2021-10-16""}, ""canonical"": {""year"": ""2021"", ""month"": ""10"", ""day"": ""16"", ""final_date"": ""2021-10-16""}, ""review_reason"": [], ""details"": [], ""format_changes"": []}]",2021,10,16,2021-10-16,,,,2021,10,16,2021-10-16,2021,10,16,2021-10-16,,,,,,ready_for_review,false,,,,false
3239,C:\Users\jsw58\Desktop\itda-ocr\data\003239.jpg,"[""C:\\Users\\jsw58\\Desktop\\itda-ocr\\data\\003239.jpg""]",incoming_432,incoming_432:429,1,[],[],[],[],[],[],[],[],[],[],[],[],"[{""source_record_id"": ""incoming_432:429"", ""source"": ""incoming_432"", ""source_path"": ""C:\\Users\\jsw58\\Downloads\\labelling data.csv"", ""source_row"": 429, ""image_id"": ""3239"", ""raw"": {""image_id"": ""3239"", ""year"": ""2021"", ""month"": ""11"", ""day"": ""6"", ""final_date"": ""2021-11-06""}, ""canonical"": {""year"": ""2021"", ""month"": ""11"", ""day"": ""06"", ""final_date"": ""2021-11-06""}, ""review_reason"": [], ""details"": [], ""format_changes"": [""day""]}]",2021,11,6,2021-11-06,,,,2021,11,06,2021-11-06,2021,11,06,2021-11-06,,,,,,ready_for_review,false,,,,false
3245,C:\Users\jsw58\Desktop\itda-ocr\data\003245.jpg,"[""C:\\Users\\jsw58\\Desktop\\itda-ocr\\data\\003245.jpg""]",incoming_432,incoming_432:430,1,[],[],[],[],[],[],[],[],[],[],[],[],"[{""source_record_id"": ""incoming_432:430"", ""source"": ""incoming_432"", ""source_path"": ""C:\\Users\\jsw58\\Downloads\\labelling data.csv"", ""source_row"": 430, ""image_id"": ""3245"", ""raw"": {""image_id"": ""3245"", ""year"": ""2021"", ""month"": ""9"", ""day"": ""20"", ""final_date"": ""2021-09-20""}, ""canonical"": {""year"": ""2021"", ""month"": ""09"", ""day"": ""20"", ""final_date"": ""2021-09-20""}, ""review_reason"": [], ""details"": [], ""format_changes"": [""month""]}]",2021,9,20,2021-09-20,,,,2021,09,20,2021-09-20,2021,09,20,2021-09-20,,,,,,ready_for_review,false,,,,false
3277,C:\Users\jsw58\Desktop\itda-ocr\data\003277.jpg,"[""C:\\Users\\jsw58\\Desktop\\itda-ocr\\data\\003277.jpg""]",existing_300,existing_300:297,1,"[{""source_record_id"": ""existing_300:297"", ""source"": ""existing_300"", ""source_path"": ""C:\\Users\\jsw58\\Desktop\\itda-ocr\\labels\\labels_300.csv"", ""source_row"": 297, ""image_id"": ""3277"", ""raw"": {""file_name"": ""003277.jpg"", ""image_id"": ""3277"", ""year"": ""NONE"", ""month"": ""04"", ""day"": ""05"", ""final_date"": ""NONE-04-05"", ""notes"": ""연 없고 04. 05로 적혀 있음"", ""Unnamed: 7"": """"}, ""canonical"": {""year"": ""NONE"", ""month"": ""04"", ""day"": ""05"", ""final_date"": ""NONE-04-05""}, ""review_reason"": [""ambiguous_date_order"", ""partial_none""], ""details"": [""Unknown year; swapping month/day gives another valid date (candidate only)""], ""format_changes"": []}]",NONE,04,05,NONE-04-05,003277.jpg,연 없고 04. 05로 적혀 있음,,NONE,04,05,NONE-04-05,[],[],[],[],[],[],[],[],[],[],[],[],NONE,04,05,NONE-04-05,,,,,ambiguous_date_order;partial_none,pending,false,,,,false
3280,C:\Users\jsw58\Desktop\itda-ocr\data\003280.jpg,"[""C:\\Users\\jsw58\\Desktop\\itda-ocr\\data\\003280.jpg""]",existing_300,existing_300:298,1,"[{""source_record_id"": ""existing_300:298"", ""source"": ""existing_300"", ""source_path"": ""C:\\Users\\jsw58\\Desktop\\itda-ocr\\labels\\labels_300.csv"", ""source_row"": 298, ""image_id"": ""3280"", ""raw"": {""file_name"": ""003280.jpg"", ""image_id"": ""3280"", ""year"": ""2023"", ""month"": ""07"", ""day"": ""31"", ""final_date"": ""2023-07-31"", ""notes"": ""거꾸로, 빛 반사 심함"", ""Unnamed: 7"": """"}, ""canonical"": {""year"": ""2023"", ""month"": ""07"", ""day"": ""31"", ""final_date"": ""2023-07-31""}, ""review_reason"": [], ""details"": [], ""format_changes"": []}]",2023,07,31,2023-07-31,003280.jpg,"거꾸로, 빛 반사 심함",,2023,07,31,2023-07-31,[],[],[],[],[],[],[],[],[],[],[],[],2023,07,31,2023-07-31,,,,,,ready_for_review,false,,,,false
3290,C:\Users\jsw58\Desktop\itda-ocr\data\003290.jpg,"[""C:\\Users\\jsw58\\Desktop\\itda-ocr\\data\\003290.jpg""]",existing_300,existing_300:146,1,"[{""source_record_id"": ""existing_300:146"", ""source"": ""existing_300"", ""source_path"": ""C:\\Users\\jsw58\\Desktop\\itda-ocr\\labels\\labels_300.csv"", ""source_row"": 146, ""image_id"": ""3290"", ""raw"": {""file_name"": ""003290.jpg"", ""image_id"": ""3290"", ""year"": ""2022"", ""month"": ""12"", ""day"": ""22"", ""final_date"": ""2022-12-22"", ""notes"": """", ""Unnamed: 7"": """"}, ""canonical"": {""year"": ""2022"", ""month"": ""12"", ""day"": ""22"", ""final_date"": ""2022-12-22""}, ""review_reason"": [], ""details"": [], ""format_changes"": []}]",2022,12,22,2022-12-22,003290.jpg,,,2022,12,22,2022-12-22,[],[],[],[],[],[],[],[],[],[],[],[],2022,12,22,2022-12-22,,,,,,ready_for_review,false,,,,false
3310,C:\Users\jsw58\Desktop\itda-ocr\data\003310.jpg,"[""C:\\Users\\jsw58\\Desktop\\itda-ocr\\data\\003310.jpg""]",existing_300,existing_300:299,1,"[{""source_record_id"": ""existing_300:299"", ""source"": ""existing_300"", ""source_path"": ""C:\\Users\\jsw58\\Desktop\\itda-ocr\\labels\\labels_300.csv"", ""source_row"": 299, ""image_id"": ""3310"", ""raw"": {""file_name"": ""003310.jpg"", ""image_id"": ""3310"", ""year"": ""2020"", ""month"": ""08"", ""day"": ""29"", ""final_date"": ""2020-08-29"", ""notes"": ""월 - 일 - 연 순이고 월이 영어로 AUG라고 적혀 있음"", ""Unnamed: 7"": """"}, ""canonical"": {""year"": ""2020"", ""month"": ""08"", ""day"": ""29"", ""final_date"": ""2020-08-29""}, ""review_reason"": [], ""details"": [], ""format_changes"": []}]",2020,08,29,2020-08-29,003310.jpg,월 - 일 - 연 순이고 월이 영어로 AUG라고 적혀 있음,,2020,08,29,2020-08-29,[],[],[],[],[],[],[],[],[],[],[],[],2020,08,29,2020-08-29,,,,,,ready_for_review,false,,,,false
3311,C:\Users\jsw58\Desktop\itda-ocr\data\003311.jpg,"[""C:\\Users\\jsw58\\Desktop\\itda-ocr\\data\\003311.jpg""]",existing_300,existing_300:147,1,"[{""source_record_id"": ""existing_300:147"", ""source"": ""existing_300"", ""source_path"": ""C:\\Users\\jsw58\\Desktop\\itda-ocr\\labels\\labels_300.csv"", ""source_row"": 147, ""image_id"": ""3311"", ""raw"": {""file_name"": ""003311.jpg"", ""image_id"": ""3311"", ""year"": ""2021"", ""month"": ""03"", ""day"": ""11"", ""final_date"": ""2021-03-11"", ""notes"": ""DD.MM.YYYY"", ""Unnamed: 7"": """"}, ""canonical"": {""year"": ""2021"", ""month"": ""03"", ""day"": ""11"", ""final_date"": ""2021-03-11""}, ""review_reason"": [], ""details"": [], ""format_changes"": []}]",2021,03,11,2021-03-11,003311.jpg,DD.MM.YYYY,,2021,03,11,2021-03-11,[],[],[],[],[],[],[],[],[],[],[],[],2021,03,11,2021-03-11,,,,,,ready_for_review,false,,,,false
3312,C:\Users\jsw58\Desktop\itda-ocr\data\003312.jpg,"[""C:\\Users\\jsw58\\Desktop\\itda-ocr\\data\\003312.jpg""]",existing_300,existing_300:148,1,"[{""source_record_id"": ""existing_300:148"", ""source"": ""existing_300"", ""source_path"": ""C:\\Users\\jsw58\\Desktop\\itda-ocr\\labels\\labels_300.csv"", ""source_row"": 148, ""image_id"": ""3312"", ""raw"": {""file_name"": ""003312.jpg"", ""image_id"": ""3312"", ""year"": ""2021"", ""month"": ""03"", ""day"": ""11"", ""final_date"": ""2021-03-11"", ""notes"": ""DD.MM.YYYY, 기울기/밝기 보정 필요"", ""Unnamed: 7"": """"}, ""canonical"": {""year"": ""2021"", ""month"": ""03"", ""day"": ""11"", ""final_date"": ""2021-03-11""}, ""review_reason"": [], ""details"": [], ""format_changes"": []}]",2021,03,11,2021-03-11,003312.jpg,"DD.MM.YYYY, 기울기/밝기 보정 필요",,2021,03,11,2021-03-11,[],[],[],[],[],[],[],[],[],[],[],[],2021,03,11,2021-03-11,,,,,,ready_for_review,false,,,,false
3313,C:\Users\jsw58\Desktop\itda-ocr\data\003313.jpg,"[""C:\\Users\\jsw58\\Desktop\\itda-ocr\\data\\003313.jpg""]",existing_300,existing_300:300,1,"[{""source_record_id"": ""existing_300:300"", ""source"": ""existing_300"", ""source_path"": ""C:\\Users\\jsw58\\Desktop\\itda-ocr\\labels\\labels_300.csv"", ""source_row"": 300, ""image_id"": ""3313"", ""raw"": {""file_name"": ""003313.jpg"", ""image_id"": ""3313"", ""year"": ""2021"", ""month"": ""07"", ""day"": ""05"", ""final_date"": ""2021-07-05"", ""notes"": ""빛 반사 약간"", ""Unnamed: 7"": """"}, ""canonical"": {""year"": ""2021"", ""month"": ""07"", ""day"": ""05"", ""final_date"": ""2021-07-05""}, ""review_reason"": [], ""details"": [], ""format_changes"": []}]",2021,07,05,2021-07-05,003313.jpg,빛 반사 약간,,2021,07,05,2021-07-05,[],[],[],[],[],[],[],[],[],[],[],[],2021,07,05,2021-07-05,,,,,,ready_for_review,false,,,,false
3321,C:\Users\jsw58\Desktop\itda-ocr\data\003321.jpg,"[""C:\\Users\\jsw58\\Desktop\\itda-ocr\\data\\003321.jpg""]",incoming_432,incoming_432:431,1,[],[],[],[],[],[],[],[],[],[],[],[],"[{""source_record_id"": ""incoming_432:431"", ""source"": ""incoming_432"", ""source_path"": ""C:\\Users\\jsw58\\Downloads\\labelling data.csv"", ""source_row"": 431, ""image_id"": ""3321"", ""raw"": {""image_id"": ""3321"", ""year"": ""2021"", ""month"": ""9"", ""day"": ""1"", ""final_date"": ""2021-09-01""}, ""canonical"": {""year"": ""2021"", ""month"": ""09"", ""day"": ""01"", ""final_date"": ""2021-09-01""}, ""review_reason"": [], ""details"": [], ""format_changes"": [""month"", ""day""]}]",2021,9,1,2021-09-01,,,,2021,09,01,2021-09-01,2021,09,01,2021-09-01,,,,,,ready_for_review,false,,,,false
3326,C:\Users\jsw58\Desktop\itda-ocr\data\003326.jpg,"[""C:\\Users\\jsw58\\Desktop\\itda-ocr\\data\\003326.jpg""]",existing_300,existing_300:149,1,"[{""source_record_id"": ""existing_300:149"", ""source"": ""existing_300"", ""source_path"": ""C:\\Users\\jsw58\\Desktop\\itda-ocr\\labels\\labels_300.csv"", ""source_row"": 149, ""image_id"": ""3326"", ""raw"": {""file_name"": ""003326.jpg"", ""image_id"": ""3326"", ""year"": ""2024"", ""month"": ""06"", ""day"": ""05"", ""final_date"": ""2024-06-05"", ""notes"": ""05 JUN 2024"", ""Unnamed: 7"": """"}, ""canonical"": {""year"": ""2024"", ""month"": ""06"", ""day"": ""05"", ""final_date"": ""2024-06-05""}, ""review_reason"": [], ""details"": [], ""format_changes"": []}]",2024,06,05,2024-06-05,003326.jpg,05 JUN 2024,,2024,06,05,2024-06-05,[],[],[],[],[],[],[],[],[],[],[],[],2024,06,05,2024-06-05,,,,,,ready_for_review,false,,,,false
3332,C:\Users\jsw58\Desktop\itda-ocr\data\003332.jpg,"[""C:\\Users\\jsw58\\Desktop\\itda-ocr\\data\\003332.jpg""]",incoming_432,incoming_432:432,1,[],[],[],[],[],[],[],[],[],[],[],[],"[{""source_record_id"": ""incoming_432:432"", ""source"": ""incoming_432"", ""source_path"": ""C:\\Users\\jsw58\\Downloads\\labelling data.csv"", ""source_row"": 432, ""image_id"": ""3332"", ""raw"": {""image_id"": ""3332"", ""year"": ""2021"", ""month"": ""4"", ""day"": ""29"", ""final_date"": ""2021-04-29""}, ""canonical"": {""year"": ""2021"", ""month"": ""04"", ""day"": ""29"", ""final_date"": ""2021-04-29""}, ""review_reason"": [], ""details"": [], ""format_changes"": [""month""]}]",2021,4,29,2021-04-29,,,,2021,04,29,2021-04-29,2021,04,29,2021-04-29,,,,,,ready_for_review,false,,,,false
3338,C:\Users\jsw58\Desktop\itda-ocr\data\003338.jpg,"[""C:\\Users\\jsw58\\Desktop\\itda-ocr\\data\\003338.jpg""]",existing_300,existing_300:301,1,"[{""source_record_id"": ""existing_300:301"", ""source"": ""existing_300"", ""source_path"": ""C:\\Users\\jsw58\\Desktop\\itda-ocr\\labels\\labels_300.csv"", ""source_row"": 301, ""image_id"": ""3338"", ""raw"": {""file_name"": ""003338.jpg"", ""image_id"": ""3338"", ""year"": ""2021"", ""month"": ""06"", ""day"": ""01"", ""final_date"": ""2021-06-01"", ""notes"": ""빛 반사 심해서 나도 헷갈림"", ""Unnamed: 7"": """"}, ""canonical"": {""year"": ""2021"", ""month"": ""06"", ""day"": ""01"", ""final_date"": ""2021-06-01""}, ""review_reason"": [], ""details"": [], ""format_changes"": []}]",2021,06,01,2021-06-01,003338.jpg,빛 반사 심해서 나도 헷갈림,,2021,06,01,2021-06-01,[],[],[],[],[],[],[],[],[],[],[],[],2021,06,01,2021-06-01,,,,,,ready_for_review,false,,,,false
3340,C:\Users\jsw58\Desktop\itda-ocr\data\003340.jpg,"[""C:\\Users\\jsw58\\Desktop\\itda-ocr\\data\\003340.jpg""]",existing_300,existing_300:150,1,"[{""source_record_id"": ""existing_300:150"", ""source"": ""existing_300"", ""source_path"": ""C:\\Users\\jsw58\\Desktop\\itda-ocr\\labels\\labels_300.csv"", ""source_row"": 150, ""image_id"": ""3340"", ""raw"": {""file_name"": ""003340.jpg"", ""image_id"": ""3340"", ""year"": ""2022"", ""month"": ""09"", ""day"": ""29"", ""final_date"": ""2022-09-29"", ""notes"": ""29/SEP/2022"", ""Unnamed: 7"": """"}, ""canonical"": {""year"": ""2022"", ""month"": ""09"", ""day"": ""29"", ""final_date"": ""2022-09-29""}, ""review_reason"": [], ""details"": [], ""format_changes"": []}]",2022,09,29,2022-09-29,003340.jpg,29/SEP/2022,,2022,09,29,2022-09-29,[],[],[],[],[],[],[],[],[],[],[],[],2022,09,29,2022-09-29,,,,,,ready_for_review,false,,,,false
3350,C:\Users\jsw58\Desktop\itda-ocr\data\3350.jpeg,"[""C:\\Users\\jsw58\\Desktop\\itda-ocr\\data\\3350.jpeg""]",existing_300,existing_300:151,1,"[{""source_record_id"": ""existing_300:151"", ""source"": ""existing_300"", ""source_path"": ""C:\\Users\\jsw58\\Desktop\\itda-ocr\\labels\\labels_300.csv"", ""source_row"": 151, ""image_id"": ""3350"", ""raw"": {""file_name"": ""3350.jpeg"", ""image_id"": ""3350"", ""year"": ""2025"", ""month"": ""12"", ""day"": ""10"", ""final_date"": ""2025-12-10"", ""notes"": """", ""Unnamed: 7"": """"}, ""canonical"": {""year"": ""2025"", ""month"": ""12"", ""day"": ""10"", ""final_date"": ""2025-12-10""}, ""review_reason"": [], ""details"": [], ""format_changes"": []}]",2025,12,10,2025-12-10,3350.jpeg,,,2025,12,10,2025-12-10,[],[],[],[],[],[],[],[],[],[],[],[],2025,12,10,2025-12-10,,,,,,ready_for_review,false,,,,false
3351,C:\Users\jsw58\Desktop\itda-ocr\data\3351.jpeg,"[""C:\\Users\\jsw58\\Desktop\\itda-ocr\\data\\3351.jpeg""]",incoming_432,incoming_432:433,1,[],[],[],[],[],[],[],[],[],[],[],[],"[{""source_record_id"": ""incoming_432:433"", ""source"": ""incoming_432"", ""source_path"": ""C:\\Users\\jsw58\\Downloads\\labelling data.csv"", ""source_row"": 433, ""image_id"": ""3351"", ""raw"": {""image_id"": ""3351"", ""year"": ""2025"", ""month"": ""12"", ""day"": ""10"", ""final_date"": ""2025-12-10""}, ""canonical"": {""year"": ""2025"", ""month"": ""12"", ""day"": ""10"", ""final_date"": ""2025-12-10""}, ""review_reason"": [], ""details"": [], ""format_changes"": []}]",2025,12,10,2025-12-10,,,,2025,12,10,2025-12-10,2025,12,10,2025-12-10,,,,,,ready_for_review,false,,,,false
